install_date,app_id,media_source,campaign_id,campaign_name,attribution_status,is_attributed_campaign,impressions,clicks,installs,ad_revenue_users,payers,ad_revenue_events,trial_starts,trial_conversions,direct_subscriptions,renewals,refunds,cost_usd,ad_revenue_usd,in_app_revenue_usd,total_revenue_usd,profit_usd,roas,cpi,revenue_per_install,ctr,click_to_install_rate,payer_conversion_rate,trial_conversion_rate,in_app_arppu
2026-06-01,mock_app_id,googleadwords_int,,,Unattributed,false,0,0,580,38,0,635,1,0,0,0,0,0.0,10.665934121799996,0.0,10.665934121799996,10.665934121799996,,0.0,0.018389541589310339,,,0.0,0.0,
2026-06-01,mock_app_id,unknown,,,Unattributed,false,0,0,4894,12,0,235,1,0,0,0,0,0.0,0.9281278708,0.0,0.9281278708,0.9281278708,,0.0,0.00018964607086228034,,,0.0,0.0,
2026-06-01,mock_app_id,other,,,Unattributed,false,0,0,4653,185,0,2238,2,0,0,0,0,0.0,22.549171414399996,0.0,22.549171414399996,22.549171414399996,,0.0,0.0048461576218353742,,,0.0,0.0,
2026-06-01,mock_app_id,googleadwords_int,140410898,mock_campaign_a2e93e84,Matched paid campaign,true,12119,356,152,127,0,2688,8,0,0,0,0,81.123802859499918,64.6943885629,0.0,64.6943885629,-16.429414296599916,0.79747726662845952,0.53370922933881526,0.4256209773875,0.029375361003383116,0.42696629213483145,0.0,0.0,
2026-06-01,mock_app_id,googleadwords_int,148918961,mock_campaign_993fe179,Matched paid campaign,true,21344,739,296,242,4,2490,8,4,0,14,0,18.600248686099984,3.3283083388000012,165.2002500995,168.52855843830002,149.92830975220005,9.06055404325007,0.062838677993581032,0.56935323796722981,0.034623313343328334,0.40054127198917455,0.013513513513513514,0.5,41.300062524875
2026-06-01,mock_app_id,googleadwords_int,161694703,mock_campaign_2c0c0430,Matched paid campaign,true,200796,10156,3740,2785,7,33341,67,7,0,3,3,119.49329745450007,83.421584814899646,165.4234832399,248.84506805479964,129.35177060029957,2.0825023106384135,0.031950079533288787,0.066536114453154979,0.050578696786788578,0.36825521858999605,0.0018716577540106951,0.1044776119402985,23.631926177128573
2026-06-01,mock_app_id,googleadwords_int,243641668,mock_campaign_1e8723bd,Matched paid campaign,true,27426,846,360,288,2,2396,6,2,0,1,0,11.155768798894641,11.439898436300005,118.9815810113,130.4214794476,119.26571064870537,11.690944998835283,0.030988246663596227,0.36228188735444444,0.030846641872675565,0.425531914893617,0.0055555555555555558,0.33333333333333331,59.49079050565
2026-06-01,mock_app_id,googleadwords_int,261307969,mock_campaign_b4ba1e63,Matched paid campaign,true,9820,203,101,89,2,1084,4,2,0,4,0,38.2522843648,32.9683956927,124.24486829,157.2132639827,118.9609796179,4.1099052407800425,0.37873548876039603,1.5565669701257425,0.020672097759674133,0.49753694581280788,0.019801980198019802,0.5,62.122434145
2026-06-01,mock_app_id,googleadwords_int,262368493,mock_campaign_c13d8f45,Matched paid campaign,true,10302,317,142,107,1,1469,6,1,0,1,0,13.659576204099997,5.3646693362999986,84.4291085032,89.7937778395,76.1342016354,6.5736869502984945,0.096194198620422514,0.632350548165493,0.030770724131236653,0.44794952681388012,0.0070422535211267607,0.16666666666666666,84.4291085032
2026-06-01,mock_app_id,googleadwords_int,265069104,mock_campaign_b8b1eac5,Matched paid campaign,true,39608,967,169,126,0,2139,1,0,0,0,0,27.833864004214334,4.2210294329999982,0.0,4.2210294329999982,-23.612834571214336,0.15165086070553807,0.16469742014328009,0.024976505520710048,0.02441425974550596,0.17476732161323683,0.0,0.0,
2026-06-01,mock_app_id,googleadwords_int,351751429,mock_campaign_b7e37028,Matched paid campaign,true,673,18,12,10,0,114,0,0,0,0,0,7.1512796909657492,6.6885520766999988,0.0,6.6885520766999988,-0.46272761426575038,0.93529443200909668,0.59593997424714573,0.55737933972499987,0.026745913818722138,0.66666666666666663,0.0,,
2026-06-01,mock_app_id,googleadwords_int,514288304,mock_campaign_c95b5395,Installs without cost,true,0,0,1,0,0,0,0,0,0,0,0,0.0,0.0,0.0,0.0,0.0,,0.0,0.0,,,0.0,,
2026-06-01,mock_app_id,googleadwords_int,557162896,mock_campaign_b0c8a1e0,Matched paid campaign,true,19776,1072,544,496,0,6392,22,0,0,0,0,53.278163767700015,20.80719724179999,0.0,20.80719724179999,-32.470966525900025,0.39053893322078775,0.0979378010435662,0.0382485243415441,0.054207119741100325,0.5074626865671642,0.0,0.0,
2026-06-01,mock_app_id,googleadwords_int,585166272,mock_campaign_60587c25,Matched paid campaign,true,3166,69,24,22,0,87,1,0,0,0,0,3.6682047479499174,2.9999606138000003,0.0,2.9999606138000003,-0.668244134149917,0.81782801668217009,0.15284186449791323,0.12499835890833334,0.021794061907770057,0.34782608695652173,0.0,0.0,
2026-06-01,mock_app_id,googleadwords_int,624225880,mock_campaign_ae3dba5e,Cost without installs,true,25,0,0,0,0,0,0,0,0,0,0,0.0028121471999999997,0.0,0.0,0.0,-0.0028121471999999997,0.0,,,0.0,,,,
2026-06-01,mock_app_id,googleadwords_int,739276167,mock_campaign_1fbdf2e3,Matched paid campaign,true,5608,151,74,67,0,624,7,0,0,0,0,57.509559052722906,47.402985892400004,0.0,47.402985892400004,-10.106573160322903,0.82426272559214853,0.77715620341517444,0.64058089043783784,0.026925820256776034,0.49006622516556292,0.0,0.0,
2026-06-01,mock_app_id,googleadwords_int,788967442,mock_campaign_475f8981,Cost without installs,true,174,5,0,0,0,0,0,0,0,0,0,0.1451014251,0.0,0.0,0.0,-0.1451014251,0.0,,,0.028735632183908046,0.0,,,
2026-06-01,mock_app_id,googleadwords_int,792104306,mock_campaign_6fcee95d,Matched paid campaign,true,26149,1298,702,501,0,7176,5,0,0,0,0,23.570595993399948,13.734220362100007,0.0,13.734220362100007,-9.83637563129994,0.58268447543480684,0.033576347568945793,0.019564416470227931,0.049638609507055717,0.54083204930662554,0.0,0.0,
2026-06-01,mock_app_id,googleadwords_int,998337322,mock_campaign_fe944d1c,Matched paid campaign,true,81315,3730,1722,1416,1,16934,14,1,0,0,0,83.824630203599725,47.986616807899971,44.158469600000004,92.145086407899981,8.3204562043002568,1.0992602792769963,0.048678647040417959,0.05351050314047618,0.045870995511283284,0.46166219839142092,0.00058072009291521487,0.071428571428571425,44.158469600000004
2026-06-02,mock_app_id,other,,,Unattributed,false,0,0,4347,147,1,2234,5,1,0,0,0,0.0,14.900195554100003,38.7399066503,53.6401022044,53.6401022044,,0.0,0.012339568024936739,,,0.00023004370830457787,0.2,38.7399066503
2026-06-02,mock_app_id,googleadwords_int,,,Unattributed,false,0,0,703,25,0,288,1,0,0,0,0,0.0,2.3943982359,0.0,2.3943982359,2.3943982359,,0.0,0.0034059718860597436,,,0.0,0.0,
2026-06-02,mock_app_id,unknown,,,Unattributed,false,0,0,5014,8,0,73,0,0,0,0,0,0.0,0.2809153324,0.0,0.2809153324,0.2809153324,,0.0,5.6026193139210214e-05,,,0.0,,
2026-06-02,mock_app_id,googleadwords_int,140410898,mock_campaign_a2e93e84,Matched paid campaign,true,12994,315,152,129,1,2038,8,1,0,0,0,84.315712800199918,57.266012691700027,38.204261,95.470273691700029,11.154560891500111,1.1322951620883843,0.55470863684342053,0.62809390586644753,0.024241957826689243,0.48253968253968255,0.0065789473684210523,0.125,38.204261
2026-06-02,mock_app_id,googleadwords_int,148918961,mock_campaign_993fe179,Matched paid campaign,true,24728,813,307,241,1,3095,3,1,0,0,0,18.550698424600011,4.1825551052000005,35.0850467855,39.2676018907,20.716903466099989,2.1167721555231247,0.060425727767426746,0.12790749801530946,0.032877709479132967,0.37761377613776137,0.0032573289902280132,0.33333333333333331,35.0850467855
2026-06-02,mock_app_id,googleadwords_int,161694703,mock_campaign_2c0c0430,Matched paid campaign,true,200878,10057,3660,2651,4,30936,65,5,0,1,0,121.76028111479997,81.628157821299922,151.437588646,233.0657464672999,111.30546535249994,1.9141360740417241,0.033267836370163922,0.063679165701448062,0.050065213711805175,0.3639256239435219,0.001092896174863388,0.076923076923076927,37.8593971615
2026-06-02,mock_app_id,googleadwords_int,243641668,mock_campaign_1e8723bd,Matched paid campaign,true,29431,936,389,290,1,2066,6,1,0,1,0,12.602445468354233,10.961524782199998,79.6820475432,90.6435723254,78.041126857045768,7.19253834924447,0.032397032052324505,0.23301689543804627,0.03180320070673779,0.41559829059829062,0.0025706940874035988,0.16666666666666666,79.6820475432
2026-06-02,mock_app_id,googleadwords_int,261307969,mock_campaign_b4ba1e63,Matched paid campaign,true,9979,248,107,93,2,1363,5,2,0,1,0,46.109684839299945,35.136162023000011,137.67625714410002,172.81241916710002,126.70273432780007,3.7478551364942212,0.430931634012149,1.6150693380102805,0.024852189598156129,0.43145161290322581,0.018691588785046728,0.4,68.83812857205001
2026-06-02,mock_app_id,googleadwords_int,262368493,mock_campaign_c13d8f45,Matched paid campaign,true,9843,291,118,86,1,2350,10,1,0,0,0,12.423088262199997,6.850845662800003,44.158469600000004,51.009315262800008,38.586227000600012,4.1060092455438131,0.10528040900169489,0.4322823327355933,0.029564157269125268,0.40549828178694158,0.00847457627118644,0.1,44.158469600000004
2026-06-02,mock_app_id,googleadwords_int,265069104,mock_campaign_b8b1eac5,Matched paid campaign,true,30363,780,163,115,0,1218,1,0,0,0,0,24.470346492178535,4.9080144032999975,0.0,4.9080144032999975,-19.562332088878538,0.20056987770356041,0.1501248251053898,0.030110517811656426,0.025689161150083985,0.20897435897435898,0.0,0.0,
2026-06-02,mock_app_id,googleadwords_int,351751429,mock_campaign_b7e37028,Matched paid campaign,true,820,25,11,10,0,36,0,0,0,0,0,7.7696545745596319,4.4306140088,0.0,4.4306140088,-3.3390405657596318,0.570245944177141,0.70633223405087564,0.40278309170909093,0.03048780487804878,0.44,0.0,,
2026-06-02,mock_app_id,googleadwords_int,557162896,mock_campaign_b0c8a1e0,Matched paid campaign,true,20001,971,476,429,4,5779,19,4,0,0,0,46.368130605899985,22.050419182000006,124.4984941366,146.5489133186,100.18078271270002,3.1605525477007861,0.097412039088025176,0.30787586831638658,0.048547572621368933,0.490216271884655,0.0084033613445378148,0.21052631578947367,31.12462353415
2026-06-02,mock_app_id,googleadwords_int,585166272,mock_campaign_60587c25,Matched paid campaign,true,3163,76,21,16,0,189,0,0,0,0,0,3.4928158568548278,2.9971223646000005,0.0,2.9971223646000005,-0.49569349225482728,0.85808198526068769,0.16632456461213466,0.14272011260000003,0.024027821688270629,0.27631578947368424,0.0,,
2026-06-02,mock_app_id,googleadwords_int,612287821,mock_campaign_6b5afb99,Installs without cost,true,0,0,3,2,0,15,0,0,0,0,0,0.0,0.0080663348,0.0,0.0080663348,0.0080663348,,0.0,0.0026887782666666668,,,0.0,,
2026-06-02,mock_app_id,googleadwords_int,624225880,mock_campaign_ae3dba5e,Matched paid campaign,true,71,5,2,2,0,2,0,0,0,0,0,0.49443341320000006,0.34346891800000007,0.0,0.34346891800000007,-0.1509644952,0.69467173704351914,0.24721670660000003,0.17173445900000003,0.070422535211267609,0.4,0.0,,
2026-06-02,mock_app_id,googleadwords_int,739276167,mock_campaign_1fbdf2e3,Matched paid campaign,true,7070,169,87,72,1,903,5,1,0,1,0,57.468163266398939,53.110605669400009,76.408522,129.5191276694,72.050964403001075,2.2537544321540643,0.66055360076320624,1.4887256053954023,0.023903818953323903,0.514792899408284,0.011494252873563218,0.2,76.408522
2026-06-02,mock_app_id,googleadwords_int,788967442,mock_campaign_475f8981,Matched paid campaign,true,168,5,3,2,0,11,0,0,0,0,0,0.7352064295,0.0469878015,0.0,0.0469878015,-0.688218628,0.06391103180633978,0.24506880983333335,0.015662600500000002,0.02976190476190476,0.6,0.0,,
2026-06-02,mock_app_id,googleadwords_int,792104306,mock_campaign_6fcee95d,Matched paid campaign,true,27498,1309,583,409,0,5434,11,0,0,0,0,23.8209560231,12.847137549300017,0.0,12.847137549300017,-10.973818473799982,0.53932082057671016,0.040859272766895369,0.022036256516809634,0.047603462069968724,0.44537815126050423,0.0,0.0,
2026-06-02,mock_app_id,googleadwords_int,998337322,mock_campaign_fe944d1c,Matched paid campaign,true,74641,3462,1671,1396,0,18017,10,0,0,0,0,82.013803508499919,51.911919273200127,0.0,51.911919273200127,-30.101884235299792,0.63296563569106956,0.049080672356971826,0.031066378978575778,0.046382015246312351,0.48266897746967069,0.0,0.0,
2026-06-03,mock_app_id,other,,,Unattributed,false,0,0,1505,161,1,2464,3,1,0,0,0,0.0,12.768669130999992,29.0731445284,41.841813659399989,41.841813659399989,,0.0,0.027801869541129561,,,0.000664451827242525,0.33333333333333331,29.0731445284
2026-06-03,mock_app_id,unknown,,,Unattributed,false,0,0,4827,13,0,119,0,0,0,0,0,0.0,0.45137843920000004,0.0,0.45137843920000004,0.45137843920000004,,0.0,9.3511174476900775e-05,,,0.0,,
2026-06-03,mock_app_id,googleadwords_int,,,Unattributed,false,0,0,2090,27,0,397,1,0,0,0,0,0.0,4.3240841212999994,0.0,4.3240841212999994,4.3240841212999994,,0.0,0.0020689397709569377,,,0.0,0.0,
2026-06-03,mock_app_id,googleadwords_int,126634786,mock_campaign_fb57024c,Installs without cost,true,0,0,1,1,0,7,0,0,0,0,0,0.0,0.0110345218,0.0,0.0110345218,0.0110345218,,0.0,0.0110345218,,,0.0,,
2026-06-03,mock_app_id,googleadwords_int,140410898,mock_campaign_a2e93e84,Matched paid campaign,true,12833,376,166,142,0,8653,16,0,0,0,0,102.67816823940009,82.04291927890003,0.0,82.04291927890003,-20.635248960500064,0.79902982966751235,0.61854318216506077,0.49423445348734957,0.029299462323696721,0.44148936170212766,0.0,0.0,
2026-06-03,mock_app_id,googleadwords_int,148918961,mock_campaign_993fe179,Matched paid campaign,true,27591,872,315,258,2,2987,5,2,0,0,0,20.775819661000003,4.4621111862999987,53.645844945600004,58.1079561319,37.3321364709,2.7969031826445443,0.065954983050793656,0.18446970200603174,0.03160450871661049,0.36123853211009177,0.0063492063492063492,0.4,26.822922472800002
2026-06-03,mock_app_id,googleadwords_int,161694703,mock_campaign_2c0c0430,Matched paid campaign,true,201703,9706,3562,2582,6,30960,86,6,0,0,1,106.28074036460019,72.919518819599972,173.6895311646,246.60904998419997,140.32830961959979,2.3203550251738752,0.029837377979955136,0.069233309933801224,0.048120256019989788,0.36698949103647227,0.0016844469399213925,0.069767441860465115,28.9482551941
2026-06-03,mock_app_id,googleadwords_int,243641668,mock_campaign_1e8723bd,Matched paid campaign,true,29733,931,352,280,0,2544,3,0,0,0,0,11.626640529649352,12.0591399524,0.0,12.0591399524,0.43249942275064868,1.0371990018653903,0.033030228777412934,0.034258920319318181,0.031312010224329868,0.37808807733619765,0.0,0.0,
2026-06-03,mock_app_id,googleadwords_int,261307969,mock_campaign_b4ba1e63,Matched paid campaign,true,9208,246,111,99,0,1227,0,0,0,0,0,46.396981153100015,31.467894360700004,0.0,31.467894360700004,-14.92908679240001,0.67823150512449837,0.41799082119909925,0.28349454379009015,0.026715899218071243,0.45121951219512196,0.0,,
2026-06-03,mock_app_id,googleadwords_int,262368493,mock_campaign_c13d8f45,Matched paid campaign,true,10177,267,103,73,3,1306,5,3,0,1,0,10.308738447900001,4.5786883231,176.63387840000001,181.21256672310003,170.90382827520003,17.578539569991218,0.10008483930000002,1.7593453079912624,0.026235629360322296,0.38576779026217228,0.029126213592233011,0.6,58.877959466666674
2026-06-03,mock_app_id,googleadwords_int,265069104,mock_campaign_b8b1eac5,Matched paid campaign,true,35534,898,146,100,0,1304,0,0,0,0,0,22.961663328220379,4.4276776692999977,0.0,4.4276776692999977,-18.533985658920379,0.19282913463234549,0.15727166663164643,0.030326559378767107,0.025271570889851974,0.16258351893095768,0.0,,
2026-06-03,mock_app_id,googleadwords_int,351751429,mock_campaign_b7e37028,Matched paid campaign,true,877,24,10,10,0,102,1,0,0,0,0,5.7771721981311925,4.176697713,0.0,4.176697713,-1.6004744851311923,0.72296576417630132,0.5777172198131193,0.41766977130000005,0.027366020524515394,0.41666666666666669,0.0,0.0,
2026-06-03,mock_app_id,googleadwords_int,557162896,mock_campaign_b0c8a1e0,Matched paid campaign,true,20709,919,432,387,2,4992,16,2,0,0,0,35.527865416599951,16.179535107100005,26.4312924914,42.610827598500009,7.0829621819000579,1.1993635727574736,0.082240429205092475,0.0986361749965278,0.044376840987010481,0.470076169749728,0.0046296296296296294,0.125,13.2156462457
2026-06-03,mock_app_id,googleadwords_int,585166272,mock_campaign_60587c25,Matched paid campaign,true,2773,50,19,16,0,222,0,0,0,0,0,2.654330077744286,3.6480381303,0.0,3.6480381303,0.99370805255571382,1.3743724493376464,0.13970158303917293,0.19200200685789473,0.018031013342949875,0.38,0.0,,
2026-06-03,mock_app_id,googleadwords_int,612287821,mock_campaign_6b5afb99,Installs without cost,true,0,0,5,3,0,13,0,0,0,0,0,0.0,0.0124396335,0.0,0.0124396335,0.0124396335,,0.0,0.0024879267,,,0.0,,
2026-06-03,mock_app_id,googleadwords_int,624225880,mock_campaign_ae3dba5e,Matched paid campaign,true,70,3,2,2,0,3,0,0,0,0,0,0.138239493,0.3983255998,0.0,0.3983255998,0.2600861068,2.8814168162494638,0.0691197465,0.1991627999,0.042857142857142858,0.66666666666666663,0.0,,
2026-06-03,mock_app_id,googleadwords_int,695815022,mock_campaign_78e4321f,Installs without cost,true,0,0,1,0,0,0,0,0,0,0,0,0.0,0.0,0.0,0.0,0.0,,0.0,0.0,,,0.0,,
2026-06-03,mock_app_id,googleadwords_int,739276167,mock_campaign_1fbdf2e3,Matched paid campaign,true,5713,155,84,77,0,766,6,0,0,0,0,56.286671454645408,59.321587922900022,0.0,59.321587922900022,3.0349164682546146,1.0539189188101146,0.670079422079112,0.706209380034524,0.027131104498512165,0.54193548387096779,0.0,0.0,
2026-06-03,mock_app_id,googleadwords_int,788967442,mock_campaign_475f8981,Matched paid campaign,true,152,7,1,1,0,25,0,0,0,0,0,0.1535256612,0.16402481620000003,0.0,0.16402481620000003,0.010499155000000038,1.0683869713892498,0.1535256612,0.16402481620000003,0.046052631578947366,0.14285714285714285,0.0,,
2026-06-03,mock_app_id,googleadwords_int,792104306,mock_campaign_6fcee95d,Matched paid campaign,true,29096,1353,599,418,2,5124,10,2,0,1,0,21.748674498800039,12.874206650399998,87.122021,99.9962276504,78.247553151599959,4.59780791035873,0.036308304672454154,0.16693861043472455,0.04650123728347539,0.442719881744272,0.00333889816360601,0.2,43.5610105
2026-06-03,mock_app_id,googleadwords_int,998337322,mock_campaign_fe944d1c,Matched paid campaign,true,72896,3223,1503,1196,1,15450,22,1,0,0,0,70.119267100499854,41.649950306499996,21.643561,63.293511306499994,-6.8257557939998605,0.90265506078070223,0.046652872322355189,0.042111451301729871,0.044213674275680424,0.46633571206950047,0.00066533599467731206,0.045454545454545456,21.643561
2026-06-04,mock_app_id,other,,,Unattributed,false,0,0,1142,187,0,2226,0,0,0,0,0,0.0,17.924943714099996,0.0,17.924943714099996,17.924943714099996,,0.0,0.0156960978232049,,,0.0,,
2026-06-04,mock_app_id,googleadwords_int,,,Unattributed,false,0,0,1694,38,0,382,1,0,0,0,0,0.0,3.9168552344000007,0.0,3.9168552344000007,3.9168552344000007,,0.0,0.0023121931726092092,,,0.0,0.0,
2026-06-04,mock_app_id,unknown,,,Unattributed,false,0,0,4785,19,0,217,2,0,0,0,0,0.0,0.50032677279999993,0.0,0.50032677279999993,0.50032677279999993,,0.0,0.00010456149901776383,,,0.0,0.0,
2026-06-04,mock_app_id,googleadwords_int,132608256,mock_campaign_9772a6c4,Installs without cost,true,0,0,1,1,0,1,0,0,0,0,0,0.0,0.0100115801,0.0,0.0100115801,0.0100115801,,0.0,0.0100115801,,,0.0,,
2026-06-04,mock_app_id,googleadwords_int,140410898,mock_campaign_a2e93e84,Matched paid campaign,true,12121,315,152,125,3,3648,10,3,0,0,0,81.9393580955,53.3073034728,81.491383,134.7986864728,52.8593283773,1.6451030323631857,0.5390747243125,0.88683346363684212,0.02598795478920881,0.48253968253968255,0.019736842105263157,0.3,27.163794333333332
2026-06-04,mock_app_id,googleadwords_int,148918961,mock_campaign_993fe179,Matched paid campaign,true,35951,954,321,266,2,2965,7,2,0,0,0,20.549742066699984,4.1943756232999991,69.9297252017,74.124100825,53.574358758300015,3.6070574795736765,0.064017888058255409,0.23091620194704049,0.026536118605880225,0.33647798742138363,0.0062305295950155761,0.2857142857142857,34.96486260085
2026-06-04,mock_app_id,googleadwords_int,161694703,mock_campaign_2c0c0430,Matched paid campaign,true,202831,9843,3622,2750,1,30664,99,1,0,0,0,130.17949424470009,83.231941869699781,29.1059436317,112.33788550139978,-17.841608743300313,0.86294608957565,0.035941329167504164,0.031015429459248973,0.048528084957427615,0.36797724271055571,0.00027609055770292659,0.010101010101010102,29.1059436317
2026-06-04,mock_app_id,googleadwords_int,243641668,mock_campaign_1e8723bd,Matched paid campaign,true,27820,977,366,292,0,3784,3,0,0,0,0,11.794043418188393,13.058320869600003,0.0,13.058320869600003,1.2642774514116102,1.1071962690472956,0.032224162344777027,0.03567847232131148,0.035118619698058948,0.37461617195496416,0.0,0.0,
2026-06-04,mock_app_id,googleadwords_int,261307969,mock_campaign_b4ba1e63,Matched paid campaign,true,8882,212,94,82,0,1426,3,0,0,0,0,35.387227136000021,28.721479337799998,0.0,28.721479337799998,-6.6657477982000231,0.81163407427820633,0.37645986314893637,0.30554765252978722,0.023868498086016664,0.44339622641509435,0.0,0.0,
2026-06-04,mock_app_id,googleadwords_int,262368493,mock_campaign_c13d8f45,Matched paid campaign,true,9525,264,109,82,0,1213,4,0,0,0,0,10.090718110999997,4.6396304251999991,0.0,4.6396304251999991,-5.4510876857999984,0.45979189728254222,0.092575395513761441,0.042565416744954121,0.027716535433070868,0.4128787878787879,0.0,0.0,
2026-06-04,mock_app_id,googleadwords_int,265069104,mock_campaign_b8b1eac5,Matched paid campaign,true,31088,793,167,114,0,1700,0,0,0,0,0,22.880312815962476,4.8732089074999978,0.0,4.8732089074999978,-18.007103908462479,0.21298698783961548,0.137007861173428,0.029180891661676634,0.025508234688625838,0.21059268600252207,0.0,,
2026-06-04,mock_app_id,googleadwords_int,351751429,mock_campaign_b7e37028,Matched paid campaign,true,826,19,9,9,0,98,0,0,0,0,0,5.947452221216686,5.5820680147000008,0.0,5.5820680147000008,-0.36538420651668524,0.93856458313137359,0.66082802457963175,0.62022977941111124,0.023002421307506054,0.47368421052631576,0.0,,
2026-06-04,mock_app_id,googleadwords_int,557162896,mock_campaign_b0c8a1e0,Matched paid campaign,true,20811,1074,578,524,3,7845,23,3,0,0,0,53.705502733699994,23.651543327199988,82.6580435502,106.3095868774,52.6040841437,1.9794915132726454,0.092916094694982687,0.18392662089515571,0.051607323050309933,0.53817504655493487,0.0051903114186851208,0.13043478260869565,27.5526811834
2026-06-04,mock_app_id,googleadwords_int,585166272,mock_campaign_60587c25,Matched paid campaign,true,2804,86,31,23,0,219,1,0,0,0,0,4.4853098430980456,5.944437787,0.0,5.944437787,1.4591279439019544,1.3253126305526579,0.14468741429348533,0.19175605764516129,0.030670470756062766,0.36046511627906974,0.0,0.0,
2026-06-04,mock_app_id,googleadwords_int,612287821,mock_campaign_6b5afb99,Installs without cost,true,0,0,2,2,0,2,0,0,0,0,0,0.0,0.0049669361,0.0,0.0049669361,0.0049669361,,0.0,0.00248346805,,,0.0,,
2026-06-04,mock_app_id,googleadwords_int,624225880,mock_campaign_ae3dba5e,Matched paid campaign,true,159,4,2,1,0,80,0,0,0,0,0,0.4062421661,0.15982731569999997,0.0,0.15982731569999997,-0.24641485040000005,0.3934286714606014,0.20312108305,0.079913657849999986,0.025157232704402517,0.5,0.0,,
2026-06-04,mock_app_id,googleadwords_int,739276167,mock_campaign_1fbdf2e3,Matched paid campaign,true,6088,156,62,52,1,378,5,1,0,1,0,55.393007914648052,35.922060232700005,12.713522000000001,48.6355822327,-6.75742568194805,0.87800941063969329,0.89343561152658146,0.7844448747209678,0.025624178712220762,0.39743589743589741,0.016129032258064516,0.2,12.713522000000001
2026-06-04,mock_app_id,googleadwords_int,788967442,mock_campaign_475f8981,Cost without installs,true,125,0,0,0,0,0,0,0,0,0,0,0.0005663352,0.0,0.0,0.0,-0.0005663352,0.0,,,0.0,,,,
2026-06-04,mock_app_id,googleadwords_int,792104306,mock_campaign_6fcee95d,Matched paid campaign,true,28160,1302,659,435,2,5207,19,2,0,0,0,22.577170005899994,12.092057528399998,82.218079254999992,94.3101367834,71.7329667775,4.1772346471570323,0.034259742042336866,0.14311098146191198,0.046235795454545453,0.50614439324116745,0.0030349013657056147,0.10526315789473684,41.109039627499996
2026-06-04,mock_app_id,googleadwords_int,998337322,mock_campaign_fe944d1c,Matched paid campaign,true,73672,3246,1594,1232,4,13249,21,4,0,0,1,72.432753715799691,40.363143151700058,89.3020830131,129.66522616480006,57.232472449000369,1.7901463014033705,0.045440874351191776,0.081345813152321242,0.044060158540558149,0.49106592729513249,0.002509410288582183,0.19047619047619047,22.325520753275
2026-06-05,mock_app_id,googleadwords_int,,,Unattributed,false,0,0,3268,36,0,467,0,0,0,0,0,0.0,2.0500477791000002,0.0,2.0500477791000002,2.0500477791000002,,0.0,0.00062730960192778468,,,0.0,,
2026-06-05,mock_app_id,other,,,Unattributed,false,0,0,1209,175,0,1841,1,0,0,0,0,0.0,10.835351356700004,0.0,10.835351356700004,10.835351356700004,,0.0,0.0089622426440860246,,,0.0,0.0,
2026-06-05,mock_app_id,unknown,,,Unattributed,false,0,0,4730,14,0,242,0,0,0,0,0,0.0,0.2541162981,0.0,0.2541162981,0.2541162981,,0.0,5.3724375919661742e-05,,,0.0,,
2026-06-05,mock_app_id,googleadwords_int,140410898,mock_campaign_a2e93e84,Matched paid campaign,true,11034,297,154,131,2,2329,9,2,0,1,0,73.8721003224999,53.9005230336,81.491383,135.3919060336,61.519805711100105,1.8327880951336977,0.47968896313311626,0.87916822099740266,0.026916802610114192,0.51851851851851849,0.012987012987012988,0.22222222222222221,40.7456915
2026-06-05,mock_app_id,googleadwords_int,148918961,mock_campaign_993fe179,Matched paid campaign,true,42659,1166,359,286,2,3097,4,2,0,0,0,26.105755644900004,5.1592147443000052,69.8428757953,75.0020905396,48.896334894700004,2.8730097515584592,0.0727179822977716,0.20891947225515323,0.027333036404979021,0.30789022298456259,0.0055710306406685237,0.5,34.92143789765
2026-06-05,mock_app_id,googleadwords_int,161694703,mock_campaign_2c0c0430,Matched paid campaign,true,197757,10006,3848,2781,3,39772,77,3,0,0,0,123.13756438140001,84.612035447599951,104.01821148229999,188.63024692989995,65.492682548499943,1.5318659896962574,0.03200040654402287,0.049020334441242194,0.050597450406306727,0.38456925844493306,0.00077962577962577967,0.03896103896103896,34.672737160766665
2026-06-05,mock_app_id,googleadwords_int,180761354,mock_campaign_07fb7039,Installs without cost,true,0,0,1,1,0,1,0,0,0,0,0,0.0,0.0067491222,0.0,0.0067491222,0.0067491222,,0.0,0.0067491222,,,0.0,,
2026-06-05,mock_app_id,googleadwords_int,243641668,mock_campaign_1e8723bd,Matched paid campaign,true,24399,835,326,254,0,2743,1,0,0,0,0,10.366240596894517,10.7873151355,0.0,10.7873151355,0.42107453860548283,1.0406197921676279,0.031798284039553731,0.033089923728527607,0.034222714045657611,0.3904191616766467,0.0,0.0,
2026-06-05,mock_app_id,googleadwords_int,261307969,mock_campaign_b4ba1e63,Matched paid campaign,true,8332,181,79,73,0,1173,2,0,0,0,0,32.360445404800025,25.403955836400009,0.0,25.403955836400009,-6.9564895684000163,0.785031093318383,0.40962589120000031,0.32156906122025325,0.021723475756120981,0.43646408839779005,0.0,0.0,
2026-06-05,mock_app_id,googleadwords_int,262368493,mock_campaign_c13d8f45,Matched paid campaign,true,10988,326,138,105,0,1418,6,0,0,0,0,13.839071914499995,5.9683183163999995,0.0,5.9683183163999995,-7.870753598099995,0.43126579248039371,0.10028312981521735,0.043248683452173912,0.029668729523116128,0.42331288343558282,0.0,0.0,
2026-06-05,mock_app_id,googleadwords_int,265069104,mock_campaign_b8b1eac5,Matched paid campaign,true,30050,769,159,109,0,901,1,0,0,0,0,22.168002245259967,4.4499874800000008,0.0,4.4499874800000008,-17.718014765259966,0.20073922001480812,0.13942139776893062,0.027987342641509438,0.025590682196339434,0.20676202860858259,0.0,0.0,
2026-06-05,mock_app_id,googleadwords_int,351751429,mock_campaign_b7e37028,Matched paid campaign,true,834,24,16,14,1,33,1,1,0,1,0,7.9879527343806114,6.7784728559999987,90.977711199800012,97.7561840558,89.768231321419393,12.237952239633533,0.49924704589878821,6.1097615034875,0.028776978417266189,0.66666666666666663,0.0625,1.0,90.977711199800012
2026-06-05,mock_app_id,googleadwords_int,557162896,mock_campaign_b0c8a1e0,Matched paid campaign,true,21867,1073,600,516,1,8467,26,1,0,0,0,54.050107124799929,27.178903636600012,20.3264324774,47.505336114000016,-6.5447710107999129,0.87891289473879763,0.090083511874666553,0.079175560190000022,0.049069373942470386,0.55917986952469712,0.0016666666666666668,0.038461538461538464,20.3264324774
2026-06-05,mock_app_id,googleadwords_int,585166272,mock_campaign_60587c25,Matched paid campaign,true,2713,46,14,14,0,57,0,0,0,0,0,1.9897794539738405,2.6288251356000005,0.0,2.6288251356000005,0.63904568162616,1.3211640769281767,0.14212710385527433,0.18777322397142862,0.016955399926280871,0.30434782608695654,0.0,,
2026-06-05,mock_app_id,googleadwords_int,612287821,mock_campaign_6b5afb99,Installs without cost,true,0,0,4,3,0,34,0,0,0,0,0,0.0,0.0244423193,0.0,0.0244423193,0.0244423193,,0.0,0.006110579825,,,0.0,,
2026-06-05,mock_app_id,googleadwords_int,624225880,mock_campaign_ae3dba5e,Matched paid campaign,true,206,12,5,5,0,51,0,0,0,0,0,1.6979518585,1.1932684995,0.0,1.1932684995,-0.50468335899999994,0.7027693356124679,0.3395903717,0.23865369990000002,0.058252427184466021,0.41666666666666669,0.0,,
2026-06-05,mock_app_id,googleadwords_int,739276167,mock_campaign_1fbdf2e3,Matched paid campaign,true,6180,149,67,60,0,674,2,0,0,0,0,56.249725030366108,45.191463644900011,0.0,45.191463644900011,-11.058261385466096,0.8034077254689449,0.83954813478158374,0.67449945738656736,0.024110032362459548,0.44966442953020136,0.0,0.0,
2026-06-05,mock_app_id,googleadwords_int,788967442,mock_campaign_475f8981,Matched paid campaign,true,132,1,1,1,0,13,0,0,0,0,0,0.0837362396,0.1055540801,0.0,0.1055540801,0.021817840500000005,1.2605543382915418,0.0837362396,0.1055540801,0.007575757575757576,1.0,0.0,,
2026-06-05,mock_app_id,googleadwords_int,792104306,mock_campaign_6fcee95d,Matched paid campaign,true,29553,1360,628,443,1,5347,10,1,0,0,1,22.58606374690002,12.311875342899993,0.0,12.311875342899993,-10.274188404000027,0.54510938607396,0.035965069660668821,0.019604897042834385,0.046019016681893544,0.46176470588235297,0.0015923566878980893,0.1,0.0
2026-06-05,mock_app_id,googleadwords_int,878110867,mock_campaign_95d22b0c,Installs without cost,true,0,0,1,0,0,0,0,0,0,0,0,0.0,0.0,0.0,0.0,0.0,,0.0,0.0,,,0.0,,
2026-06-05,mock_app_id,googleadwords_int,998337322,mock_campaign_fe944d1c,Matched paid campaign,true,73173,3163,1655,1278,3,14721,26,3,0,1,0,71.568946883499777,44.751862411199951,137.7230067263,182.47486913749998,110.9059222540002,2.5496374766354091,0.043244076666767238,0.11025671851208459,0.0432263266505405,0.5232374328169459,0.0018126888217522659,0.11538461538461539,45.907668908766674
2026-06-06,mock_app_id,googleadwords_int,,,Unattributed,false,0,0,1150,37,0,542,2,0,0,0,0,0.0,2.6988730748999981,0.0,2.6988730748999981,2.6988730748999981,,0.0,0.0023468461520869547,,,0.0,0.0,
2026-06-06,mock_app_id,other,,,Unattributed,false,0,0,1773,188,0,2754,5,0,0,0,0,0.0,14.617178286699998,0.0,14.617178286699998,14.617178286699998,,0.0,0.0082443193946418487,,,0.0,0.0,
2026-06-06,mock_app_id,unknown,,,Unattributed,false,0,0,4613,11,0,145,0,0,0,0,0,0.0,0.2879574516,0.0,0.2879574516,0.2879574516,,0.0,6.24230330804249e-05,,,0.0,,
2026-06-06,mock_app_id,googleadwords_int,140410898,mock_campaign_a2e93e84,Matched paid campaign,true,11260,295,143,126,0,2774,5,0,0,0,0,78.535477677399939,58.9652335064,0.0,58.9652335064,-19.570244170999942,0.75081014657619316,0.54919914459720232,0.41234429025454544,0.026198934280639432,0.48474576271186443,0.0,0.0,
2026-06-06,mock_app_id,googleadwords_int,148918961,mock_campaign_993fe179,Matched paid campaign,true,59283,1457,428,336,0,3496,6,0,0,0,0,30.758283123999991,5.8872154729000012,0.0,5.8872154729000012,-24.871067651099992,0.19140260362277309,0.071865147485981287,0.013755176338551405,0.024577028827825854,0.29375428963623884,0.0,0.0,
2026-06-06,mock_app_id,googleadwords_int,161694703,mock_campaign_2c0c0430,Matched paid campaign,true,218100,10843,3976,2948,4,31209,90,4,0,0,2,124.55632112329995,77.618397059900047,11.0384161123,88.656813172200046,-35.899507951099906,0.71178092265937665,0.031327042536041239,0.022297991240492969,0.049715726730857404,0.36668818592640412,0.001006036217303823,0.044444444444444446,2.759604028075
2026-06-06,mock_app_id,googleadwords_int,243641668,mock_campaign_1e8723bd,Matched paid campaign,true,24813,842,342,259,0,3856,1,0,0,0,0,10.932309772495026,11.023868174300002,0.0,11.023868174300002,0.091558401804975986,1.0083750281240045,0.031965818048231072,0.032233532673391817,0.0339338250110829,0.40617577197149646,0.0,0.0,
2026-06-06,mock_app_id,googleadwords_int,261307969,mock_campaign_b4ba1e63,Matched paid campaign,true,8980,191,76,66,0,1213,1,0,0,0,0,34.6403058676,18.495127341200003,0.0,18.495127341200003,-16.145178526399995,0.53391928500547647,0.45579349825789472,0.24335693870000005,0.021269487750556794,0.39790575916230364,0.0,0.0,
2026-06-06,mock_app_id,googleadwords_int,262368493,mock_campaign_c13d8f45,Matched paid campaign,true,12731,346,134,95,0,1421,6,0,0,0,0,15.225995898699999,5.4189731455,0.0,5.4189731455,-9.8070227531999983,0.35590270623694792,0.11362683506492537,0.040440098100746266,0.027177755086010526,0.38728323699421963,0.0,0.0,
2026-06-06,mock_app_id,googleadwords_int,265069104,mock_campaign_b8b1eac5,Matched paid campaign,true,39152,1007,149,116,0,1191,0,0,0,0,0,22.019418994012518,3.8370823425,0.0,3.8370823425,-18.182336651512518,0.1742590185301153,0.14778133553028536,0.025752230486577182,0.025720269718022069,0.14796425024826215,0.0,,
2026-06-06,mock_app_id,googleadwords_int,351751429,mock_campaign_b7e37028,Matched paid campaign,true,1033,31,16,13,0,164,0,0,0,0,0,10.289197602969773,8.7549108714,0.0,8.7549108714,-1.5342867315697735,0.85088373352583568,0.64307485018561084,0.5471819294625,0.030009680542110357,0.5161290322580645,0.0,,
2026-06-06,mock_app_id,googleadwords_int,442262115,mock_campaign_1941c5ac,Installs without cost,true,0,0,1,1,0,4,0,0,0,0,0,0.0,0.0041452706000000006,0.0,0.0041452706000000006,0.0041452706000000006,,0.0,0.0041452706000000006,,,0.0,,
2026-06-06,mock_app_id,googleadwords_int,557162896,mock_campaign_b0c8a1e0,Matched paid campaign,true,24382,1246,666,574,1,6929,19,1,0,1,0,64.942371812599959,24.964019566999983,82.9091521704,107.87317173739999,42.930799924800027,1.6610599324687845,0.09751106878768763,0.16197172933543541,0.051103272906242309,0.5345104333868379,0.0015015015015015015,0.052631578947368418,82.9091521704
2026-06-06,mock_app_id,googleadwords_int,585166272,mock_campaign_60587c25,Matched paid campaign,true,2797,63,29,24,0,504,0,0,0,0,0,3.2971501806380612,5.251064208199999,0.0,5.251064208199999,1.9539140275619378,1.5926069243178418,0.11369483381510556,0.18107117959310343,0.022524132999642475,0.46031746031746029,0.0,,
2026-06-06,mock_app_id,googleadwords_int,612287821,mock_campaign_6b5afb99,Installs without cost,true,0,0,1,0,0,0,0,0,0,0,0,0.0,0.0,0.0,0.0,0.0,,0.0,0.0,,,0.0,,
2026-06-06,mock_app_id,googleadwords_int,624225880,mock_campaign_ae3dba5e,Cost without installs,true,180,4,0,0,0,0,0,0,0,0,0,0.2692085765,0.0,0.0,0.0,-0.2692085765,0.0,,,0.022222222222222223,0.0,,,
2026-06-06,mock_app_id,googleadwords_int,739276167,mock_campaign_1fbdf2e3,Matched paid campaign,true,5471,137,58,51,0,871,4,0,0,0,0,52.780935358854443,36.538017634599996,0.0,36.538017634599996,-16.242917724254447,0.69225786519659394,0.91001612687680078,0.62996582128620682,0.025041125936757447,0.42335766423357662,0.0,0.0,
2026-06-06,mock_app_id,googleadwords_int,788967442,mock_campaign_475f8981,Matched paid campaign,true,93,3,2,2,0,6,0,0,0,0,0,0.11113921450000001,0.078507909200000017,0.0,0.078507909200000017,-0.032631305299999996,0.706392514588089,0.055569607250000007,0.039253954600000009,0.032258064516129031,0.66666666666666663,0.0,,
2026-06-06,mock_app_id,googleadwords_int,792104306,mock_campaign_6fcee95d,Matched paid campaign,true,34420,1675,752,509,0,8257,5,0,0,0,0,28.856239845199987,12.944519560900005,0.0,12.944519560900005,-15.911720284299982,0.44858649742105006,0.038372659368617,0.017213456862898942,0.048663567693201626,0.448955223880597,0.0,0.0,
2026-06-06,mock_app_id,googleadwords_int,998337322,mock_campaign_fe944d1c,Matched paid campaign,true,83130,3748,1821,1467,2,17674,14,2,0,2,0,82.330471137499757,40.661816650099944,154.2147199457,194.87653659579996,112.54606545830021,2.3670037824797276,0.0452116810200438,0.10701621998671058,0.045086009864068327,0.48585912486659549,0.0010982976386600769,0.14285714285714285,77.10735997285
2026-06-07,mock_app_id,other,,,Unattributed,false,0,0,2146,231,1,2769,5,1,0,0,0,0.0,16.399801334399996,24.1150352815,40.514836615899995,40.514836615899995,,0.0,0.018879234210577817,,,0.00046598322460391424,0.2,24.1150352815
2026-06-07,mock_app_id,unknown,,,Unattributed,false,0,0,4559,20,0,260,0,0,0,0,0,0.0,0.39846955050000005,0.0,0.39846955050000005,0.39846955050000005,,0.0,8.7402840644878267e-05,,,0.0,,
2026-06-07,mock_app_id,googleadwords_int,,,Unattributed,false,0,0,1914,41,0,994,1,0,0,0,0,0.0,2.2830479107999997,0.0,2.2830479107999997,2.2830479107999997,,0.0,0.0011928150004179726,,,0.0,0.0,
2026-06-07,mock_app_id,googleadwords_int,126634786,mock_campaign_fb57024c,Installs without cost,true,0,0,1,1,0,71,1,0,0,0,0,0.0,0.33457072649999997,0.0,0.33457072649999997,0.33457072649999997,,0.0,0.33457072649999997,,,0.0,0.0,
2026-06-07,mock_app_id,googleadwords_int,140410898,mock_campaign_a2e93e84,Matched paid campaign,true,11860,319,147,128,0,4392,8,0,0,0,0,83.895350498000056,65.2849240164,0.0,65.2849240164,-18.610426481600058,0.77817094307218249,0.57071667005442217,0.4441151293632653,0.026897133220910623,0.46081504702194359,0.0,0.0,
2026-06-07,mock_app_id,googleadwords_int,148918961,mock_campaign_993fe179,Matched paid campaign,true,61817,1611,473,369,0,3840,4,0,0,0,0,35.391106857599965,5.3057731175999976,0.0,5.3057731175999976,-30.085333739999967,0.14991825881423723,0.0748226360625792,0.01121727931839323,0.026060792338677061,0.29360645561762883,0.0,0.0,
2026-06-07,mock_app_id,googleadwords_int,161694703,mock_campaign_2c0c0430,Matched paid campaign,true,236415,11504,4081,3047,3,38668,80,3,0,1,0,142.66843280679984,83.972361849399832,128.1568292006,212.1291910499998,69.460758243199962,1.4868684464857269,0.034959184711296214,0.051979708662092575,0.04866019499608739,0.35474617524339358,0.00073511394266111249,0.0375,42.718943066866665
2026-06-07,mock_app_id,googleadwords_int,243641668,mock_campaign_1e8723bd,Matched paid campaign,true,26309,882,377,310,0,4970,2,0,0,0,0,12.703580393602207,13.472514167799996,0.0,13.472514167799996,0.76893377419778908,1.060528902118417,0.033696499717777738,0.03573611185092837,0.03352464935953476,0.427437641723356,0.0,0.0,
2026-06-07,mock_app_id,googleadwords_int,261307969,mock_campaign_b4ba1e63,Matched paid campaign,true,9639,220,90,78,0,961,1,0,0,0,0,35.657756347600014,22.061435869200011,0.0,22.061435869200011,-13.596320478400003,0.61869949567606153,0.39619729275111126,0.24512706521333347,0.022823944392571842,0.40909090909090912,0.0,0.0,
2026-06-07,mock_app_id,googleadwords_int,262368493,mock_campaign_c13d8f45,Matched paid campaign,true,12667,340,147,116,0,2453,12,0,0,0,0,13.9316319169,7.6415069846000012,0.0,7.6415069846000012,-6.2901249322999995,0.548500493709595,0.09477300623741497,0.051983040711564635,0.026841398910554985,0.43235294117647061,0.0,0.0,
2026-06-07,mock_app_id,googleadwords_int,265069104,mock_campaign_b8b1eac5,Matched paid campaign,true,35333,874,139,104,1,2562,1,1,0,0,0,20.637878889655685,3.1985832801000011,42.1288870244,45.327470304500004,24.689591414844319,2.1963240770455084,0.14847394884644377,0.32609690866546764,0.024736082415871847,0.15903890160183065,0.0071942446043165471,1.0,42.1288870244
2026-06-07,mock_app_id,googleadwords_int,351751429,mock_campaign_b7e37028,Matched paid campaign,true,989,20,9,9,0,24,0,0,0,0,0,6.02737182178119,5.1765448798999989,0.0,5.1765448798999989,-0.85082694188119135,0.85883947978677089,0.66970798019791,0.57517165332222209,0.020222446916076844,0.45,0.0,,
2026-06-07,mock_app_id,googleadwords_int,557162896,mock_campaign_b0c8a1e0,Matched paid campaign,true,30788,1530,785,597,4,7318,35,4,0,0,0,71.080163803099822,23.555980444799985,145.7493614487,169.30534189349999,98.225178090400163,2.3818929619027771,0.090547979367006148,0.21567559476878978,0.049694686241392748,0.51307189542483655,0.0050955414012738851,0.11428571428571428,36.437340362175
2026-06-07,mock_app_id,googleadwords_int,585166272,mock_campaign_60587c25,Matched paid campaign,true,3260,87,27,21,0,89,0,0,0,0,0,3.9623208166733885,2.3177362078000003,0.0,2.3177362078000003,-1.6445846088733882,0.58494410600146263,0.14675262283975513,0.085842081770370379,0.026687116564417177,0.31034482758620691,0.0,,
2026-06-07,mock_app_id,googleadwords_int,612287821,mock_campaign_6b5afb99,Installs without cost,true,0,0,6,4,0,17,0,0,0,0,0,0.0,0.0124307162,0.0,0.0124307162,0.0124307162,,0.0,0.0020717860333333334,,,0.0,,
2026-06-07,mock_app_id,googleadwords_int,624225880,mock_campaign_ae3dba5e,Matched paid campaign,true,145,2,1,1,0,2,0,0,0,0,0,0.12053419469999999,0.4290406027,0.0,0.4290406027,0.308506408,3.5594928374296431,0.12053419469999999,0.4290406027,0.013793103448275862,0.5,0.0,,
2026-06-07,mock_app_id,googleadwords_int,739276167,mock_campaign_1fbdf2e3,Matched paid campaign,true,6507,144,66,55,1,572,3,1,0,0,0,46.706735371047792,41.2561890904,38.204261,79.4604500904,32.75371471935221,1.7012632002461754,0.70767780865223928,1.2039462134909091,0.022130013831258646,0.45833333333333331,0.015151515151515152,0.33333333333333331,38.204261
2026-06-07,mock_app_id,googleadwords_int,788967442,mock_campaign_475f8981,Matched paid campaign,true,85,6,3,1,0,1,0,0,0,0,0,0.183155733,0.0003197489,0.0,0.0003197489,-0.1828359841,0.001745776093178585,0.061051910999999993,0.00010658296666666667,0.070588235294117646,0.5,0.0,,
2026-06-07,mock_app_id,googleadwords_int,792104306,mock_campaign_6fcee95d,Matched paid campaign,true,38106,1832,803,562,1,8328,13,1,0,0,0,34.283648138400011,16.521460058300004,44.0443765682,60.5658366265,26.28218848809999,1.7666100288394384,0.042694455963138242,0.075424454080323791,0.048076418411798667,0.4383187772925764,0.0012453300124533001,0.076923076923076927,44.0443765682
2026-06-07,mock_app_id,googleadwords_int,998337322,mock_campaign_fe944d1c,Matched paid campaign,true,98620,4469,2149,1745,4,20057,35,4,0,0,1,115.7809726595997,55.704406198399973,84.0190961448,139.72350234319998,23.942529683600284,1.2067915749334064,0.053876674108701582,0.065017916399813858,0.04531535185560738,0.48086820317744461,0.0018613308515588647,0.11428571428571428,21.0047740362
2026-06-08,mock_app_id,googleadwords_int,,,Unattributed,false,0,0,3336,58,0,653,1,0,0,0,0,0.0,5.4637214308,0.0,5.4637214308,5.4637214308,,0.0,0.0016378061842925659,,,0.0,0.0,
2026-06-08,mock_app_id,other,,,Unattributed,false,0,0,1319,191,2,2898,3,2,0,0,0,0.0,12.874187541899998,62.2520305398,75.1262180817,75.1262180817,,0.0,0.056956950782183477,,,0.0015163002274450341,0.66666666666666663,31.1260152699
2026-06-08,mock_app_id,unknown,,,Unattributed,false,0,0,4613,14,0,320,0,0,0,0,0,0.0,0.19426720220000002,0.0,0.19426720220000002,0.19426720220000002,,0.0,4.2112985519184915e-05,,,0.0,,
2026-06-08,mock_app_id,googleadwords_int,140410898,mock_campaign_a2e93e84,Matched paid campaign,true,12627,356,174,149,1,3047,11,1,0,1,0,98.44431463500004,64.328653146800022,76.408522,140.73717514680004,42.2928605118,1.429612016383154,0.56577192318965541,0.80883433992413811,0.028193553496475805,0.4887640449438202,0.0057471264367816091,0.090909090909090912,76.408522
2026-06-08,mock_app_id,googleadwords_int,148918961,mock_campaign_993fe179,Matched paid campaign,true,39888,940,289,232,1,2387,4,1,0,0,0,22.011794971900027,3.7648305561999988,18.8738081291,22.6386386853,0.62684371339997114,1.0284776282079764,0.076165380525605633,0.07833438991453287,0.023565984757320496,0.30744680851063833,0.0034602076124567475,0.25,18.8738081291
2026-06-08,mock_app_id,googleadwords_int,161694703,mock_campaign_2c0c0430,Matched paid campaign,true,222032,10650,3779,2798,3,34918,93,3,0,0,1,138.79859440699997,78.4311274253,38.196687664500004,116.62781508980001,-22.170779317199958,0.840266542958004,0.036728921515480274,0.030862083908388464,0.047966058946458168,0.35483568075117372,0.00079386080973802594,0.032258064516129031,12.7322292215
2026-06-08,mock_app_id,googleadwords_int,243641668,mock_campaign_1e8723bd,Matched paid campaign,true,25457,806,352,277,0,2723,2,0,0,0,0,11.638878269233674,10.8942475754,0.0,10.8942475754,-0.744630693833674,0.93602212544811658,0.033064995083050212,0.03094956697556818,0.031661232666849982,0.43672456575682383,0.0,0.0,
2026-06-08,mock_app_id,googleadwords_int,261307969,mock_campaign_b4ba1e63,Matched paid campaign,true,9306,181,87,76,0,975,0,0,0,0,0,32.230256659600016,23.692948898900003,0.0,23.692948898900003,-8.5373077607000134,0.73511511711287869,0.37046272022528753,0.27233274596436785,0.019449817322157746,0.48066298342541436,0.0,,
2026-06-08,mock_app_id,googleadwords_int,262368493,mock_campaign_c13d8f45,Matched paid campaign,true,10412,281,118,88,0,1507,4,0,0,0,0,11.675306912900004,4.8460149642,0.0,4.8460149642,-6.8292919487000034,0.41506531694217441,0.098943278922881392,0.04106792342542373,0.026988090664617749,0.41992882562277578,0.0,0.0,
2026-06-08,mock_app_id,googleadwords_int,265069104,mock_campaign_b8b1eac5,Matched paid campaign,true,33251,820,153,112,0,1165,0,0,0,0,0,20.765824194677457,3.7720866905999992,0.0,3.7720866905999992,-16.993737504077458,0.18164878288658692,0.13572434114168272,0.024654161376470585,0.024660912453760789,0.18658536585365854,0.0,,
2026-06-08,mock_app_id,googleadwords_int,351751429,mock_campaign_b7e37028,Matched paid campaign,true,982,26,16,16,0,39,0,0,0,0,0,7.50243471434313,8.5605736047,0.0,8.5605736047,1.0581388903568705,1.1410393999609119,0.4689021696464456,0.53503585029375,0.026476578411405296,0.61538461538461542,0.0,,
2026-06-08,mock_app_id,googleadwords_int,557162896,mock_campaign_b0c8a1e0,Matched paid campaign,true,25693,1236,675,594,3,8338,25,3,0,1,1,65.595026749700011,27.467129881100011,53.6054801502,81.072610031300016,15.477583281600005,1.2359566578219405,0.097177817406962977,0.12010757041674076,0.048106488148522947,0.54611650485436891,0.0044444444444444444,0.12,17.8684933834
2026-06-08,mock_app_id,googleadwords_int,585166272,mock_campaign_60587c25,Matched paid campaign,true,3112,83,20,15,0,82,0,0,0,0,0,3.8353333153972793,3.5093384461,0.0,3.5093384461,-0.32599486929727917,0.91500220646050645,0.19176666576986395,0.175466922305,0.026670951156812339,0.24096385542168675,0.0,,
2026-06-08,mock_app_id,googleadwords_int,612287821,mock_campaign_6b5afb99,Installs without cost,true,0,0,4,2,0,10,0,0,0,0,0,0.0,0.0052293595,0.0,0.0052293595,0.0052293595,,0.0,0.001307339875,,,0.0,,
2026-06-08,mock_app_id,googleadwords_int,624225880,mock_campaign_ae3dba5e,Cost without installs,true,190,6,0,0,0,0,0,0,0,0,0,0.32210070389999995,0.0,0.0,0.0,-0.32210070389999995,0.0,,,0.031578947368421054,0.0,,,
2026-06-08,mock_app_id,googleadwords_int,739276167,mock_campaign_1fbdf2e3,Matched paid campaign,true,5954,143,64,57,1,770,3,1,0,1,0,47.495494906015217,40.605209629700013,76.408522,117.01373162970002,69.5182367236848,2.463680647211878,0.74211710790648777,1.8283395567140628,0.024017467248908297,0.44755244755244755,0.015625,0.33333333333333331,76.408522
2026-06-08,mock_app_id,googleadwords_int,788967442,mock_campaign_475f8981,Cost without installs,true,110,2,0,0,0,0,0,0,0,0,0,0.053278634899999996,0.0,0.0,0.0,-0.053278634899999996,0.0,,,0.018181818181818181,0.0,,,
2026-06-08,mock_app_id,googleadwords_int,792104306,mock_campaign_6fcee95d,Matched paid campaign,true,33788,1576,827,550,2,10434,10,2,0,0,0,31.9599186675,15.451103800299991,70.8662913861,86.317395186399992,54.357476518899993,2.700801465874068,0.038645609029625147,0.10437411751680772,0.04664377885639872,0.524746192893401,0.0024183796856106408,0.2,35.43314569305
2026-06-08,mock_app_id,googleadwords_int,834117318,mock_campaign_ae804aae,Installs without cost,true,0,0,1,0,0,0,0,0,0,0,0,0.0,0.0,0.0,0.0,0.0,,0.0,0.0,,,0.0,,
2026-06-08,mock_app_id,googleadwords_int,998337322,mock_campaign_fe944d1c,Matched paid campaign,true,89029,3933,2013,1627,2,19500,18,2,0,0,0,94.18342584809966,50.290936300899951,79.324019222099992,129.61495552299994,35.431529674900275,1.3761970787943596,0.046787593565871664,0.064388949589170366,0.044176616608071526,0.51182303585049582,0.00099354197714853452,0.1111111111111111,39.662009611049996
2026-06-09,mock_app_id,unknown,,,Unattributed,false,0,0,4910,14,0,178,0,0,0,0,0,0.0,0.2277784156,0.0,0.2277784156,0.2277784156,,0.0,4.6390716008146641e-05,,,0.0,,
2026-06-09,mock_app_id,other,,,Unattributed,false,0,0,1168,204,0,8229,1,0,0,0,0,0.0,15.538041105800001,0.0,15.538041105800001,15.538041105800001,,0.0,0.013303117385102741,,,0.0,0.0,
2026-06-09,mock_app_id,googleadwords_int,,,Unattributed,false,0,0,3839,50,1,535,4,1,0,0,0,0.0,2.4652283498,35.3737048821,37.8389332319,37.8389332319,,0.0,0.0098564556477989066,,,0.00026048450117218026,0.25,35.3737048821
2026-06-09,mock_app_id,googleadwords_int,132608256,mock_campaign_9772a6c4,Installs without cost,true,0,0,1,1,0,4,0,0,0,0,0,0.0,0.0119096911,0.0,0.0119096911,0.0119096911,,0.0,0.0119096911,,,0.0,,
2026-06-09,mock_app_id,googleadwords_int,140410898,mock_campaign_a2e93e84,Matched paid campaign,true,11035,328,131,113,0,3058,9,0,0,0,0,84.662499534699975,48.157621322200008,0.0,48.157621322200008,-36.504878212499968,0.568818799195292,0.64627862240228984,0.36761542994045809,0.02972360670593566,0.39939024390243905,0.0,0.0,
2026-06-09,mock_app_id,googleadwords_int,148918961,mock_campaign_993fe179,Matched paid campaign,true,36741,851,232,184,1,2176,2,1,0,0,1,19.557849089999998,3.2831791573999975,0.0,3.2831791573999975,-16.2746699326,0.16787015495884461,0.0843010736637931,0.014151634299137921,0.023162134944612285,0.27262044653349,0.0043103448275862068,0.5,0.0
2026-06-09,mock_app_id,googleadwords_int,161694703,mock_campaign_2c0c0430,Matched paid campaign,true,204043,9900,3462,2561,1,29997,56,1,0,1,0,114.98269064719997,71.368536652299852,91.695322,163.06385865229987,48.0811680050999,1.4181600529128926,0.033212793370075093,0.047101056803090659,0.048519184681660235,0.34969696969696967,0.00028885037550548814,0.017857142857142856,91.695322
2026-06-09,mock_app_id,googleadwords_int,243641668,mock_campaign_1e8723bd,Matched paid campaign,true,22519,823,361,284,0,2944,5,0,0,0,0,12.474204115527712,10.983026940299993,0.0,10.983026940299993,-1.491177175227719,0.88045913299017431,0.034554582037472886,0.030423897341551227,0.036546915937652649,0.43863912515188336,0.0,0.0,
2026-06-09,mock_app_id,googleadwords_int,261307969,mock_campaign_b4ba1e63,Matched paid campaign,true,10456,221,100,92,0,876,2,0,0,0,0,41.931201892500034,25.645744604199994,0.0,25.645744604199994,-16.285457288300041,0.61161482253593791,0.41931201892500036,0.25645744604199994,0.021136189747513391,0.45248868778280543,0.0,0.0,
2026-06-09,mock_app_id,googleadwords_int,262368493,mock_campaign_c13d8f45,Matched paid campaign,true,9442,236,115,83,0,1519,4,0,0,0,0,9.6355050378000051,4.2370092345999995,0.0,4.2370092345999995,-5.3984958032000057,0.43972881732490904,0.0837870003286957,0.036843558561739126,0.024994704511755984,0.48728813559322032,0.0,0.0,
2026-06-09,mock_app_id,googleadwords_int,265069104,mock_campaign_b8b1eac5,Matched paid campaign,true,16799,428,74,61,0,541,0,0,0,0,0,12.29733429004264,2.2797714399999998,0.0,2.2797714399999998,-10.017562850042641,0.18538744952603015,0.16618019310868432,0.030807722162162158,0.025477707006369428,0.17289719626168223,0.0,,
2026-06-09,mock_app_id,googleadwords_int,351751429,mock_campaign_b7e37028,Matched paid campaign,true,847,18,7,5,0,7,0,0,0,0,0,6.1908725638462361,2.3883421153,0.0,2.3883421153,-3.8025304485462361,0.38578440933311381,0.884410366263748,0.34119173075714287,0.021251475796930343,0.3888888888888889,0.0,,
2026-06-09,mock_app_id,googleadwords_int,514288304,mock_campaign_c95b5395,Matched paid campaign,true,3141,151,81,58,0,876,2,0,0,0,0,2.5175593205,2.2896976687999988,0.0,2.2896976687999988,-0.22786165170000139,0.909491049587365,0.0310809792654321,0.028267872454320973,0.048073861827443491,0.53642384105960261,0.0,0.0,
2026-06-09,mock_app_id,googleadwords_int,557162896,mock_campaign_b0c8a1e0,Matched paid campaign,true,12333,638,269,241,0,3302,3,0,0,0,0,32.217575145100007,11.150075995100009,0.0,11.150075995100009,-21.067499149999996,0.34608675373248354,0.11976793734237921,0.041450096636059509,0.051731127868320764,0.42163009404388713,0.0,0.0,
2026-06-09,mock_app_id,googleadwords_int,585166272,mock_campaign_60587c25,Matched paid campaign,true,3321,78,27,23,0,357,0,0,0,0,0,4.1074522402063733,6.1518974975999976,0.0,6.1518974975999976,2.0444452573936243,1.4977404818932,0.15212786074838419,0.22784805546666659,0.023486901535682024,0.34615384615384615,0.0,,
2026-06-09,mock_app_id,googleadwords_int,612287821,mock_campaign_6b5afb99,Installs without cost,true,0,0,2,2,0,16,0,0,0,0,0,0.0,0.0159568714,0.0,0.0159568714,0.0159568714,,0.0,0.0079784357,,,0.0,,
2026-06-09,mock_app_id,googleadwords_int,624225880,mock_campaign_ae3dba5e,Cost without installs,true,129,3,0,0,0,0,0,0,0,0,0,0.40116711920000003,0.0,0.0,0.0,-0.40116711920000003,0.0,,,0.023255813953488372,0.0,,,
2026-06-09,mock_app_id,googleadwords_int,739276167,mock_campaign_1fbdf2e3,Matched paid campaign,true,6121,138,64,60,0,2185,1,0,0,0,0,45.955968434845367,57.213331831099993,0.0,57.213331831099993,11.257363396254625,1.2449597686580121,0.71806200679445886,0.89395830986093738,0.022545335729455971,0.463768115942029,0.0,0.0,
2026-06-09,mock_app_id,googleadwords_int,788967442,mock_campaign_475f8981,Matched paid campaign,true,109,5,2,2,0,2,0,0,0,0,0,0.0803520613,0.40724162589999996,0.0,0.40724162589999996,0.32688956459999996,5.068216288559606,0.04017603065,0.20362081294999998,0.045871559633027525,0.4,0.0,,
2026-06-09,mock_app_id,googleadwords_int,792104306,mock_campaign_6fcee95d,Matched paid campaign,true,21952,1125,540,393,0,4734,5,0,0,0,0,19.807792505299972,9.135139447799995,0.0,9.135139447799995,-10.672653057499977,0.46118917316786845,0.036681097232036983,0.016916924903333325,0.0512481778425656,0.48,0.0,0.0,
2026-06-09,mock_app_id,googleadwords_int,998337322,mock_campaign_fe944d1c,Matched paid campaign,true,87199,3757,1706,1386,6,16494,36,6,0,0,2,92.16337735419971,46.472373916599913,145.98928522690002,192.46165914349993,100.29828178930022,2.0882661277031622,0.0540230816847595,0.11281457159642434,0.043085356483445914,0.4540857066808624,0.0035169988276670576,0.16666666666666666,24.331547537816672
2026-06-10,mock_app_id,unknown,,,Unattributed,false,0,0,4686,9,0,44,1,0,0,0,0,0.0,0.0837512816,0.0,0.0837512816,0.0837512816,,0.0,1.7872659325650877e-05,,,0.0,0.0,
2026-06-10,mock_app_id,googleadwords_int,,,Unattributed,false,0,0,906,14,0,314,1,0,0,0,0,0.0,1.701251411299999,0.0,1.701251411299999,1.701251411299999,,0.0,0.0018777609396247229,,,0.0,0.0,
2026-06-10,mock_app_id,other,,,Unattributed,false,0,0,1145,169,0,1686,3,0,0,0,0,0.0,12.781535520999997,0.0,12.781535520999997,12.781535520999997,,0.0,0.01116291311877729,,,0.0,0.0,
2026-06-10,mock_app_id,googleadwords_int,140410898,mock_campaign_a2e93e84,Matched paid campaign,true,9896,275,119,105,0,4251,7,0,0,0,0,65.233700823599975,51.981662750399984,0.0,51.981662750399984,-13.252038073199991,0.79685288576474989,0.54818235986218466,0.43682069538151247,0.027789005658852062,0.43272727272727274,0.0,0.0,
2026-06-10,mock_app_id,googleadwords_int,148918961,mock_campaign_993fe179,Matched paid campaign,true,28847,696,205,155,2,1539,4,2,0,0,1,15.389917391099997,2.2065820633000008,35.2528308806,37.459412943900006,22.069495552800007,2.4340230029800431,0.0750727677614634,0.1827288436287805,0.024127292266093527,0.29454022988505746,0.00975609756097561,0.5,17.6264154403
2026-06-10,mock_app_id,googleadwords_int,161694703,mock_campaign_2c0c0430,Matched paid campaign,true,201207,9796,3617,2716,4,30785,87,4,0,0,0,113.95600548590012,79.513914399499882,122.2098155878,201.72372998729986,87.767724501399741,1.7701895492665309,0.031505669197097075,0.0557710063553497,0.048686178910276483,0.36923233973050223,0.001105888858169754,0.045977011494252873,30.55245389695
2026-06-10,mock_app_id,googleadwords_int,243641668,mock_campaign_1e8723bd,Matched paid campaign,true,20546,783,351,278,0,2754,0,0,0,0,0,11.876461503377396,10.347590333500005,0.0,10.347590333500005,-1.5288711698773909,0.87126879757555609,0.03383607265919486,0.029480314340455855,0.038109607709529834,0.44827586206896552,0.0,,
2026-06-10,mock_app_id,googleadwords_int,261307969,mock_campaign_b4ba1e63,Matched paid campaign,true,10958,218,107,94,0,1410,1,0,0,0,0,44.324980355299985,27.273842308,0.0,27.273842308,-17.051138047299986,0.615315383997431,0.41425215285327088,0.25489572250467291,0.019894141266654498,0.49082568807339449,0.0,0.0,
2026-06-10,mock_app_id,googleadwords_int,262368493,mock_campaign_c13d8f45,Matched paid campaign,true,10078,280,114,84,1,1309,8,1,0,1,0,10.454936740599996,4.3609724435999988,50.701237834599993,55.062210278199991,44.607273537599994,5.2666229977628767,0.091709971408771893,0.48300184454561396,0.027783290335384004,0.40714285714285714,0.008771929824561403,0.125,50.701237834599993
2026-06-10,mock_app_id,googleadwords_int,265069104,mock_campaign_b8b1eac5,Installs without cost,true,0,0,2,0,0,0,0,0,0,0,0,0.0,0.0,0.0,0.0,0.0,,0.0,0.0,,,0.0,,
2026-06-10,mock_app_id,googleadwords_int,351751429,mock_campaign_b7e37028,Matched paid campaign,true,922,32,28,26,0,176,4,0,0,0,0,12.156185672623984,12.570838830500001,0.0,12.570838830500001,0.41465315787601753,1.0341104659835714,0.43414948830799943,0.44895852966071431,0.034707158351409979,0.875,0.0,0.0,
2026-06-10,mock_app_id,googleadwords_int,514288304,mock_campaign_c95b5395,Matched paid campaign,true,5373,229,111,93,0,1370,1,0,0,0,0,3.6667746825999989,2.7763873420999996,0.0,2.7763873420999996,-0.89038734049999935,0.75717424233205066,0.033034006149549537,0.025012498577477473,0.042620509957193374,0.48471615720524019,0.0,0.0,
2026-06-10,mock_app_id,googleadwords_int,557162896,mock_campaign_b0c8a1e0,Installs without cost,true,0,0,9,0,0,0,0,0,0,0,0,0.0,0.0,0.0,0.0,0.0,,0.0,0.0,,,0.0,,
2026-06-10,mock_app_id,googleadwords_int,585166272,mock_campaign_60587c25,Matched paid campaign,true,3447,76,22,22,0,95,3,0,0,0,0,4.2390767775964822,4.0455484340999988,0.0,4.0455484340999988,-0.1935283434964834,0.95434658213333612,0.19268530807256737,0.18388856518636357,0.022048157818392804,0.28947368421052633,0.0,0.0,
2026-06-10,mock_app_id,googleadwords_int,612287821,mock_campaign_6b5afb99,Installs without cost,true,0,0,2,2,0,26,0,0,0,0,0,0.0,0.026316226199999994,0.0,0.026316226199999994,0.026316226199999994,,0.0,0.013158113099999997,,,0.0,,
2026-06-10,mock_app_id,googleadwords_int,624225880,mock_campaign_ae3dba5e,Matched paid campaign,true,194,6,1,1,0,20,0,0,0,0,0,0.7253435718,0.046785251400000005,0.0,0.046785251400000005,-0.6785583204,0.064500814812349608,0.7253435718,0.046785251400000005,0.030927835051546393,0.16666666666666666,0.0,,
2026-06-10,mock_app_id,googleadwords_int,739276167,mock_campaign_1fbdf2e3,Matched paid campaign,true,4709,123,59,53,0,2354,2,0,0,0,0,47.135691769989045,48.078485380300016,0.0,48.078485380300016,0.94279361031097153,1.0200016924523263,0.79891002999981431,0.81488958271694945,0.026120195370567,0.47967479674796748,0.0,0.0,
2026-06-10,mock_app_id,googleadwords_int,788967442,mock_campaign_475f8981,Matched paid campaign,true,95,2,1,1,0,27,0,0,0,0,0,0.0455777781,0.062993081100000015,0.0,0.062993081100000015,0.017415303000000014,1.3821007457140613,0.0455777781,0.062993081100000015,0.021052631578947368,0.5,0.0,,
2026-06-10,mock_app_id,googleadwords_int,792104306,mock_campaign_6fcee95d,Matched paid campaign,true,20036,954,423,284,1,4228,2,0,1,1,0,12.839639193599998,6.8640445407000019,0.5025038679,7.3665484086000017,-5.4730907849999966,0.573734845467613,0.030353756958865243,0.017415008058156031,0.047614294270313433,0.44339622641509435,0.0023640661938534278,0.0,0.5025038679
2026-06-10,mock_app_id,googleadwords_int,998337322,mock_campaign_fe944d1c,Matched paid campaign,true,90088,3711,1772,1406,3,16746,25,3,0,0,2,82.506562327099715,43.59005541999997,41.934938297200006,85.524993717199976,3.0184313901002611,1.036584137127585,0.046561265421613832,0.048264669140632044,0.041193055678891748,0.47749932632713554,0.0016930022573363431,0.12,13.978312765733335
2026-06-11,mock_app_id,googleadwords_int,,,Unattributed,false,0,0,1213,31,0,853,1,0,0,0,0,0.0,1.7424289548999985,0.0,1.7424289548999985,1.7424289548999985,,0.0,0.0014364624525144258,,,0.0,0.0,
2026-06-11,mock_app_id,other,,,Unattributed,false,0,0,2148,182,0,2850,3,0,0,0,0,0.0,15.901525540600003,0.0,15.901525540600003,15.901525540600003,,0.0,0.00740294485130354,,,0.0,0.0,
2026-06-11,mock_app_id,unknown,,,Unattributed,false,0,0,4732,8,0,98,0,0,0,0,0,0.0,0.1054483464,0.0,0.1054483464,0.1054483464,,0.0,2.228409687235841e-05,,,0.0,,
2026-06-11,mock_app_id,googleadwords_int,140410898,mock_campaign_a2e93e84,Matched paid campaign,true,8894,270,127,105,0,1262,7,0,0,0,0,58.1077792189,40.84754617450001,0.0,40.84754617450001,-17.260233044399989,0.702961750106155,0.45754156865275591,0.32163422184645679,0.03035754441196312,0.47037037037037038,0.0,0.0,
2026-06-11,mock_app_id,googleadwords_int,148918961,mock_campaign_993fe179,Matched paid campaign,true,25310,762,249,208,1,2324,3,1,0,0,0,17.799764801499997,3.5819711285000024,34.975372912800005,38.557344041300006,20.757579239800009,2.166171546157214,0.071484999202811234,0.15484877125020083,0.030106677202686685,0.32677165354330706,0.0040160642570281121,0.33333333333333331,34.975372912800005
2026-06-11,mock_app_id,googleadwords_int,161694703,mock_campaign_2c0c0430,Matched paid campaign,true,189171,9572,3511,2593,7,29058,83,7,0,1,1,116.90475257339999,63.888693947200046,153.1429853279,217.03167927510003,100.12692670170004,1.8564829444280651,0.033296711071888349,0.061814776210509834,0.050599721944695537,0.36679899707480151,0.0019937339789233835,0.084337349397590355,21.87756933255714
2026-06-11,mock_app_id,googleadwords_int,243641668,mock_campaign_1e8723bd,Matched paid campaign,true,21345,833,357,282,0,2693,6,0,0,0,0,11.623881755026657,11.941835418699998,0.0,11.941835418699998,0.31795366367334132,1.0273534840059642,0.032559892871223128,0.033450519380112037,0.03902553291168892,0.42857142857142855,0.0,0.0,
2026-06-11,mock_app_id,googleadwords_int,261307969,mock_campaign_b4ba1e63,Matched paid campaign,true,10732,237,99,89,0,667,1,0,0,0,0,45.912054196999989,28.634336934400004,0.0,28.634336934400004,-17.277717262599985,0.62367797379606349,0.46375812320202009,0.28923572661010105,0.022083488632128216,0.41772151898734178,0.0,0.0,
2026-06-11,mock_app_id,googleadwords_int,262368493,mock_campaign_c13d8f45,Matched paid campaign,true,10980,320,149,88,0,1629,5,0,0,0,0,14.781172147099998,4.6766397679999994,0.0,4.6766397679999994,-10.104532379099998,0.31639167188222861,0.09920249763154361,0.031386844080536908,0.029143897996357013,0.465625,0.0,0.0,
2026-06-11,mock_app_id,googleadwords_int,265069104,mock_campaign_b8b1eac5,Installs without cost,true,0,0,8,0,0,0,0,0,0,0,0,0.0,0.0,0.0,0.0,0.0,,0.0,0.0,,,0.0,,
2026-06-11,mock_app_id,googleadwords_int,351751429,mock_campaign_b7e37028,Matched paid campaign,true,1205,44,19,17,0,172,0,0,0,0,0,21.307624703617307,12.2594874793,0.0,12.2594874793,-9.0481372243173066,0.57535683351972866,1.1214539317693319,0.64523618312105269,0.036514522821576766,0.43181818181818182,0.0,,
2026-06-11,mock_app_id,googleadwords_int,513913086,mock_campaign_2472b5d9,Installs without cost,true,0,0,1,0,0,0,0,0,0,0,0,0.0,0.0,0.0,0.0,0.0,,0.0,0.0,,,0.0,,
2026-06-11,mock_app_id,googleadwords_int,514288304,mock_campaign_c95b5395,Matched paid campaign,true,7972,292,147,118,0,2573,11,0,0,0,0,5.6928998881,4.1925437550999973,0.0,4.1925437550999973,-1.500356133000003,0.73645134070665252,0.038727210123129255,0.028520705817006786,0.036628198695434017,0.50342465753424659,0.0,0.0,
2026-06-11,mock_app_id,googleadwords_int,525989111,mock_campaign_c82cc8f4,Installs without cost,true,0,0,2,0,0,0,0,0,0,0,0,0.0,0.0,0.0,0.0,0.0,,0.0,0.0,,,0.0,,
2026-06-11,mock_app_id,googleadwords_int,557162896,mock_campaign_b0c8a1e0,Installs without cost,true,0,0,8,0,0,0,0,0,0,0,0,0.0,0.0,0.0,0.0,0.0,,0.0,0.0,,,0.0,,
2026-06-11,mock_app_id,googleadwords_int,585166272,mock_campaign_60587c25,Matched paid campaign,true,3019,51,21,19,0,121,0,0,0,0,0,3.037209932825494,5.3410919950999993,0.0,5.3410919950999993,2.3038820622745053,1.7585521294970943,0.14462904442026162,0.25433771405238093,0.016893010930771779,0.41176470588235292,0.0,,
2026-06-11,mock_app_id,googleadwords_int,612287821,mock_campaign_6b5afb99,Installs without cost,true,0,0,6,3,0,11,0,0,0,0,0,0.0,0.0066484840999999992,0.0,0.0066484840999999992,0.0066484840999999992,,0.0,0.0011080806833333333,,,0.0,,
2026-06-11,mock_app_id,googleadwords_int,624225880,mock_campaign_ae3dba5e,Matched paid campaign,true,97,6,1,1,0,12,0,0,0,0,0,0.0671847679,0.2225961904,0.0,0.2225961904,0.1554114225,3.3131943051633286,0.0671847679,0.2225961904,0.061855670103092786,0.16666666666666666,0.0,,
2026-06-11,mock_app_id,googleadwords_int,739276167,mock_campaign_1fbdf2e3,Matched paid campaign,true,5333,123,56,52,0,1173,3,0,0,0,0,45.618264330241317,34.2944695411,0.0,34.2944695411,-11.323794789141317,0.75177059111311839,0.81461186304002353,0.61240124180535715,0.023063941496343523,0.45528455284552843,0.0,0.0,
2026-06-11,mock_app_id,googleadwords_int,788967442,mock_campaign_475f8981,Matched paid campaign,true,118,1,2,2,0,41,0,0,0,0,0,0.0197037455,0.1755204898,0.0,0.1755204898,0.1558167443,8.9079758871225785,0.00985187275,0.0877602449,0.00847457627118644,2.0,0.0,,
2026-06-11,mock_app_id,googleadwords_int,792104306,mock_campaign_6fcee95d,Matched paid campaign,true,20768,977,468,329,0,3905,4,0,0,0,0,16.959465762200004,7.900880668000001,0.0,7.900880668000001,-9.0585850942000032,0.46586848776863171,0.036238174705555563,0.016882223649572651,0.047043528505392909,0.47901740020470829,0.0,0.0,
2026-06-11,mock_app_id,googleadwords_int,998337322,mock_campaign_fe944d1c,Matched paid campaign,true,89369,4002,2027,1651,2,19973,25,2,0,1,0,102.89606326649961,47.800050331199969,109.04192020970001,156.84197054089998,53.945907274400369,1.5242757163088065,0.050762734714602666,0.0773764038188949,0.044780628629614294,0.506496751624188,0.000986679822397632,0.08,54.520960104850005
2026-06-12,mock_app_id,unknown,,,Unattributed,false,0,0,4843,12,0,83,0,0,0,0,0,0.0,0.35467796410000013,0.0,0.35467796410000013,0.35467796410000013,,0.0,7.3235177390047515e-05,,,0.0,,
2026-06-12,mock_app_id,other,,,Unattributed,false,0,0,1266,218,0,3831,3,0,0,0,0,0.0,15.7776413134,0.0,15.7776413134,15.7776413134,,0.0,0.012462591874723539,,,0.0,0.0,
2026-06-12,mock_app_id,googleadwords_int,,,Unattributed,false,0,0,1721,35,0,424,1,0,0,0,0,0.0,2.4253183367,0.0,2.4253183367,2.4253183367,,0.0,0.0014092494693201628,,,0.0,0.0,
2026-06-12,mock_app_id,googleadwords_int,140410898,mock_campaign_a2e93e84,Matched paid campaign,true,8528,207,104,86,0,2883,10,0,0,0,0,48.723383628500017,35.9736022267,0.0,35.9736022267,-12.749781401800014,0.7383231530262151,0.46849407335096172,0.34590002141057696,0.02427298311444653,0.50241545893719808,0.0,0.0,
2026-06-12,mock_app_id,googleadwords_int,148918961,mock_campaign_993fe179,Matched paid campaign,true,28986,870,265,210,1,2310,6,1,0,3,0,20.470381091999986,3.5531516888000021,24.747087136,28.300238824800005,7.8298577328000185,1.3824969206782378,0.077246721101886739,0.10679335405584907,0.030014489753674187,0.3045977011494253,0.0037735849056603774,0.16666666666666666,24.747087136
2026-06-12,mock_app_id,googleadwords_int,161694703,mock_campaign_2c0c0430,Matched paid campaign,true,193853,9914,3565,2646,2,28416,84,2,0,0,1,104.47047593620013,70.86505060750001,35.662064886100005,106.52711549360001,2.0566395573998761,1.0196863232312243,0.029304481328527386,0.029881378820084153,0.0511418445935838,0.35959249546096428,0.00056100981767180928,0.023809523809523808,17.831032443050002
2026-06-12,mock_app_id,googleadwords_int,243641668,mock_campaign_1e8723bd,Matched paid campaign,true,21929,843,357,264,0,2373,6,0,0,0,0,10.393302219763889,10.356679610000002,0.0,10.356679610000002,-0.036622609763886871,0.99647632590782886,0.029112891371887644,0.029010307030812331,0.038442245428428112,0.42348754448398579,0.0,0.0,
2026-06-12,mock_app_id,googleadwords_int,261307969,mock_campaign_b4ba1e63,Matched paid campaign,true,10207,250,124,108,1,1527,3,1,0,1,0,50.91141235040002,35.5233779409,54.6120191138,90.135397054700007,39.223984704299987,1.7704359964390537,0.41057590605161309,0.72689836334435487,0.024492995003429021,0.496,0.0080645161290322578,0.33333333333333331,54.6120191138
2026-06-12,mock_app_id,googleadwords_int,262368493,mock_campaign_c13d8f45,Matched paid campaign,true,10174,280,107,82,1,1463,2,1,0,0,0,11.3013670094,4.4078417723999994,22.890309095400003,27.298150867800004,15.996783858400004,2.4154733533646464,0.10562025242429907,0.25512290530654208,0.027521132298014547,0.38214285714285712,0.0093457943925233638,0.5,22.890309095400003
2026-06-12,mock_app_id,googleadwords_int,351751429,mock_campaign_b7e37028,Matched paid campaign,true,1221,24,14,11,0,233,0,0,0,0,0,6.8799499350487459,9.5648157266000009,0.0,9.5648157266000009,2.684865791551255,1.3902449606317131,0.49142499536062473,0.68320112332857152,0.019656019656019656,0.58333333333333337,0.0,,
2026-06-12,mock_app_id,googleadwords_int,514288304,mock_campaign_c95b5395,Matched paid campaign,true,7429,284,214,110,0,2149,12,0,0,0,0,5.3760866067999986,3.8548328651,0.0,3.8548328651,-1.5212537416999985,0.71703325244503591,0.025121900031775696,0.01801323768738318,0.0382285637367075,0.75352112676056338,0.0,0.0,
2026-06-12,mock_app_id,googleadwords_int,557162896,mock_campaign_b0c8a1e0,Installs without cost,true,0,0,7,1,0,1,1,0,0,0,0,0.0,0.011709688800000001,0.0,0.011709688800000001,0.011709688800000001,,0.0,0.001672812685714286,,,0.0,0.0,
2026-06-12,mock_app_id,googleadwords_int,585166272,mock_campaign_60587c25,Matched paid campaign,true,2897,64,25,25,0,146,0,0,0,0,0,3.2834997928947494,4.8511755331,0.0,4.8511755331,1.5676757402052508,1.4774404870064513,0.13133999171578997,0.194047021324,0.022091819123230928,0.390625,0.0,,
2026-06-12,mock_app_id,googleadwords_int,612287821,mock_campaign_6b5afb99,Installs without cost,true,0,0,2,1,0,20,0,0,0,0,0,0.0,0.0043962289,0.0,0.0043962289,0.0043962289,,0.0,0.00219811445,,,0.0,,
2026-06-12,mock_app_id,googleadwords_int,624225880,mock_campaign_ae3dba5e,Matched paid campaign,true,159,7,1,1,0,7,0,0,0,0,0,1.1063366269,0.0950265705,0.0,0.0950265705,-1.0113100564,0.0858929987396949,1.1063366269,0.0950265705,0.0440251572327044,0.14285714285714285,0.0,,
2026-06-12,mock_app_id,googleadwords_int,739276167,mock_campaign_1fbdf2e3,Matched paid campaign,true,5386,131,56,51,0,1032,4,0,0,0,0,47.026447969181739,29.746552272499997,0.0,29.746552272499997,-17.279895696681741,0.63254941755316219,0.83975799944967389,0.5311884334375,0.024322317118455256,0.42748091603053434,0.0,0.0,
2026-06-12,mock_app_id,googleadwords_int,788967442,mock_campaign_475f8981,Matched paid campaign,true,124,5,1,1,0,1,0,0,0,0,0,0.10144235160000001,0.0523763985,0.0,0.0523763985,-0.049065953100000011,0.51631688021711819,0.10144235160000001,0.0523763985,0.040322580645161289,0.2,0.0,,
2026-06-12,mock_app_id,googleadwords_int,792104306,mock_campaign_6fcee95d,Matched paid campaign,true,21673,1024,467,314,0,3235,4,0,0,0,0,16.891874144299997,6.9216273684999985,0.0,6.9216273684999985,-9.9702467758,0.40976077073340239,0.036171036711563166,0.014821471881156314,0.047247727587320626,0.4560546875,0.0,0.0,
2026-06-12,mock_app_id,googleadwords_int,998337322,mock_campaign_fe944d1c,Matched paid campaign,true,87537,3943,1905,1524,1,18799,18,1,0,0,0,95.589614993499879,47.632163050199971,41.2905996772,88.92276272739997,-6.6668522660999088,0.93025547527779817,0.050178275587139047,0.046678615604934366,0.045043810046037677,0.48313466903373065,0.00052493438320209973,0.055555555555555552,41.2905996772
2026-06-13,mock_app_id,unknown,,,Unattributed,false,0,0,4562,12,0,123,0,0,0,0,0,0.0,0.92145008700000031,0.0,0.92145008700000031,0.92145008700000031,,0.0,0.00020198379811486197,,,0.0,,
2026-06-13,mock_app_id,googleadwords_int,,,Unattributed,false,0,0,652,24,0,196,0,0,0,0,0,0.0,3.1157224546,0.0,3.1157224546,3.1157224546,,0.0,0.0047787154211656442,,,0.0,,
2026-06-13,mock_app_id,other,,,Unattributed,false,0,0,1274,211,0,2155,0,0,0,0,0,0.0,14.818664680200005,0.0,14.818664680200005,14.818664680200005,,0.0,0.011631604929513347,,,0.0,,
2026-06-13,mock_app_id,googleadwords_int,140410898,mock_campaign_a2e93e84,Matched paid campaign,true,9618,286,144,117,2,3003,7,2,0,2,0,77.722123499900007,53.878417046899969,152.817044,206.6954610469,128.97333754699997,2.6594160290430806,0.53973696874930566,1.4353851461590277,0.029735911831981703,0.50349650349650354,0.013888888888888888,0.2857142857142857,76.408522
2026-06-13,mock_app_id,googleadwords_int,148918961,mock_campaign_993fe179,Matched paid campaign,true,38717,1230,401,318,2,3472,5,2,0,0,1,28.535815363300014,4.9008627287,18.7983703189,23.699233047600003,-4.83658231570001,0.83050835400623069,0.07116163432244392,0.059100331789526193,0.0317689903659891,0.3260162601626016,0.0049875311720698253,0.4,9.39918515945
2026-06-13,mock_app_id,googleadwords_int,161694703,mock_campaign_2c0c0430,Matched paid campaign,true,209261,10339,3763,2791,5,31064,81,5,0,0,1,120.36344707830008,78.3718936231001,144.1013488662,222.47324248930011,102.10979541100002,1.8483455558112629,0.031986034301966539,0.059121244350066465,0.049407199621525275,0.36396169842344522,0.0013287270794578793,0.061728395061728392,28.82026977324
2026-06-13,mock_app_id,googleadwords_int,243641668,mock_campaign_1e8723bd,Matched paid campaign,true,22747,809,339,273,0,2730,1,0,0,0,0,11.195960093251582,13.6962555943,0.0,13.6962555943,2.5002955010484182,1.2233212230325368,0.033026430953544489,0.040401933906489676,0.0355651294676221,0.41903584672435107,0.0,0.0,
2026-06-13,mock_app_id,googleadwords_int,261307969,mock_campaign_b4ba1e63,Matched paid campaign,true,10585,252,93,79,0,1612,3,0,0,0,0,49.005660227000021,23.362008787399997,0.0,23.362008787399997,-25.643651439600024,0.47672062123404535,0.52694258308602171,0.25120439556344082,0.023807274444969297,0.36904761904761907,0.0,0.0,
2026-06-13,mock_app_id,googleadwords_int,262368493,mock_campaign_c13d8f45,Matched paid campaign,true,10814,288,115,94,1,1757,7,1,0,0,0,10.3820918755,5.0957070076000006,42.4938657439,47.5895727515,37.207480876,4.58381348597034,0.090279059786956523,0.4138223717521739,0.026632143517662289,0.39930555555555558,0.0086956521739130436,0.14285714285714285,42.4938657439
2026-06-13,mock_app_id,googleadwords_int,265069104,mock_campaign_b8b1eac5,Installs without cost,true,0,0,5,0,0,0,0,0,0,0,0,0.0,0.0,0.0,0.0,0.0,,0.0,0.0,,,0.0,,
2026-06-13,mock_app_id,googleadwords_int,351751429,mock_campaign_b7e37028,Matched paid campaign,true,1373,48,25,22,1,100,2,1,0,0,0,20.065534615079244,14.0479500846,25.9830427506,40.030992835199996,19.965458220120752,1.9950125228717661,0.80262138460316979,1.6012397134079999,0.034959941733430443,0.52083333333333337,0.04,0.5,25.9830427506
2026-06-13,mock_app_id,googleadwords_int,514288304,mock_campaign_c95b5395,Matched paid campaign,true,8189,340,171,133,0,1800,8,0,0,0,0,6.8485434802000009,4.0078358985,0.0,4.0078358985,-2.8407075817000011,0.58520996619020627,0.040049961872514625,0.023437636833333331,0.041519111002564418,0.50294117647058822,0.0,0.0,
2026-06-13,mock_app_id,googleadwords_int,557162896,mock_campaign_b0c8a1e0,Installs without cost,true,0,0,6,0,0,0,0,0,0,0,0,0.0,0.0,0.0,0.0,0.0,,0.0,0.0,,,0.0,,
2026-06-13,mock_app_id,googleadwords_int,585166272,mock_campaign_60587c25,Matched paid campaign,true,3195,65,16,13,0,197,0,0,0,0,0,2.8716330426726344,3.7418048137,0.0,3.7418048137,0.87017177102736554,1.3030233174282932,0.17947706516703965,0.23386280085625,0.020344287949921751,0.24615384615384617,0.0,,
2026-06-13,mock_app_id,googleadwords_int,590094865,mock_campaign_23f341fc,Installs without cost,true,0,0,1,0,0,0,0,0,0,0,0,0.0,0.0,0.0,0.0,0.0,,0.0,0.0,,,0.0,,
2026-06-13,mock_app_id,googleadwords_int,612287821,mock_campaign_6b5afb99,Installs without cost,true,0,0,3,3,0,24,0,0,0,0,0,0.0,0.0209199858,0.0,0.0209199858,0.0209199858,,0.0,0.0069733285999999993,,,0.0,,
2026-06-13,mock_app_id,googleadwords_int,624225880,mock_campaign_ae3dba5e,Matched paid campaign,true,185,13,2,1,0,5,0,0,0,0,0,1.2147816807,0.2908785043,0.0,0.2908785043,-0.92390317640000008,0.23944920220758151,0.60739084035,0.14543925215,0.070270270270270274,0.15384615384615385,0.0,,
2026-06-13,mock_app_id,googleadwords_int,654635500,mock_campaign_67ff1f36,Installs without cost,true,0,0,1,1,0,26,0,0,0,0,0,0.0,0.046270595800000008,0.0,0.046270595800000008,0.046270595800000008,,0.0,0.046270595800000008,,,0.0,,
2026-06-13,mock_app_id,googleadwords_int,739276167,mock_campaign_1fbdf2e3,Matched paid campaign,true,5070,119,58,50,0,1495,4,0,0,0,0,45.974933559596714,29.2873533612,0.0,29.2873533612,-16.687580198396713,0.637028726169559,0.79267126826890888,0.50495436829655171,0.023471400394477319,0.48739495798319327,0.0,0.0,
2026-06-13,mock_app_id,googleadwords_int,788967442,mock_campaign_475f8981,Matched paid campaign,true,91,6,4,4,0,162,0,0,0,0,0,0.1842680609,1.9473459611,0.0,1.9473459611,1.7630779001999999,10.568005934337153,0.046067015225,0.486836490275,0.065934065934065936,0.66666666666666663,0.0,,
2026-06-13,mock_app_id,googleadwords_int,792104306,mock_campaign_6fcee95d,Matched paid campaign,true,23904,1196,558,379,1,5524,7,1,0,0,0,21.645075842200004,10.7444050879,38.204261,48.9486660879,27.303590245699997,2.261422710862854,0.038790458498566313,0.087721623813440869,0.0500334672021419,0.46655518394648832,0.0017921146953405018,0.14285714285714285,38.204261
2026-06-13,mock_app_id,googleadwords_int,998337322,mock_campaign_fe944d1c,Matched paid campaign,true,92383,3887,1901,1533,1,22534,19,0,1,1,0,91.537116403999732,47.346508809799964,2.1603509584,49.506859768199966,-42.030256635799766,0.54083918865983371,0.048152086482903596,0.026042535385691724,0.042074840609202989,0.48906611782865961,0.00052603892688058915,0.0,2.1603509584
2026-06-14,mock_app_id,unknown,,,Unattributed,false,0,0,4354,12,0,307,0,0,0,0,0,0.0,0.62482374590000023,0.0,0.62482374590000023,0.62482374590000023,,0.0,0.00014350568348644928,,,0.0,,
2026-06-14,mock_app_id,other,,,Unattributed,false,0,0,1580,203,0,2775,4,0,0,0,0,0.0,19.524587587500005,0.0,19.524587587500005,19.524587587500005,,0.0,0.012357333916139244,,,0.0,0.0,
2026-06-14,mock_app_id,googleadwords_int,,,Unattributed,false,0,0,1844,23,0,971,0,0,0,0,0,0.0,0.69503856609999981,0.0,0.69503856609999981,0.69503856609999981,,0.0,0.00037691896209327539,,,0.0,,
2026-06-14,mock_app_id,googleadwords_int,140410898,mock_campaign_a2e93e84,Matched paid campaign,true,10014,271,128,109,4,1965,8,4,0,1,0,67.897194798000058,51.064290417300008,110.76560500000001,161.8298954173,93.932700619299951,2.3834548083872646,0.53044683435937545,1.2642960579476563,0.02706211304174156,0.47232472324723246,0.03125,0.5,27.691401250000002
2026-06-14,mock_app_id,googleadwords_int,148918961,mock_campaign_993fe179,Matched paid campaign,true,38565,1193,371,295,0,3215,2,0,0,0,0,27.419964956000033,4.8901097387999988,0.0,4.8901097387999988,-22.529855217200033,0.1783412103788975,0.073908261336927308,0.013180888783827491,0.03093478542720083,0.31098072087175188,0.0,0.0,
2026-06-14,mock_app_id,googleadwords_int,161694703,mock_campaign_2c0c0430,Matched paid campaign,true,200330,9977,3703,2755,5,31121,70,5,0,1,2,121.87775091530006,82.294443190499877,79.5852056652,161.87964885569988,40.001897940399829,1.3282132927461017,0.032913246263921163,0.04371581119516605,0.049802825338191983,0.37115365340282652,0.0013502565487442614,0.071428571428571425,15.917041133039998
2026-06-14,mock_app_id,googleadwords_int,243641668,mock_campaign_1e8723bd,Matched paid campaign,true,21844,800,333,247,1,2291,6,1,0,0,0,10.425912168729051,10.624936198100002,39.9579690655,50.582905263600004,40.156993094870955,4.85165273263243,0.031309045551738891,0.15190061640720723,0.036623329060611609,0.41625,0.003003003003003003,0.16666666666666666,39.9579690655
2026-06-14,mock_app_id,googleadwords_int,261307969,mock_campaign_b4ba1e63,Matched paid campaign,true,11475,256,103,89,0,1997,2,0,0,0,0,48.951954399599977,30.329387000500009,0.0,30.329387000500009,-18.622567399099967,0.61957458844069879,0.47526169319999978,0.29446006796601953,0.022309368191721132,0.40234375,0.0,0.0,
2026-06-14,mock_app_id,googleadwords_int,262368493,mock_campaign_c13d8f45,Matched paid campaign,true,11330,305,128,101,0,1666,2,0,0,0,0,10.803417598500001,6.837375444200001,0.0,6.837375444200001,-3.9660421543,0.63289004445679631,0.084401699988281259,0.053416995657812508,0.026919682259488084,0.419672131147541,0.0,0.0,
2026-06-14,mock_app_id,googleadwords_int,265069104,mock_campaign_b8b1eac5,Installs without cost,true,0,0,2,0,0,0,0,0,0,0,0,0.0,0.0,0.0,0.0,0.0,,0.0,0.0,,,0.0,,
2026-06-14,mock_app_id,googleadwords_int,351751429,mock_campaign_b7e37028,Matched paid campaign,true,1507,33,22,22,0,149,1,0,0,0,0,13.962579726054466,12.2073836954,0.0,12.2073836954,-1.7551960306544654,0.87429285525372991,0.6346627148206575,0.55488107706363643,0.021897810218978103,0.66666666666666663,0.0,0.0,
2026-06-14,mock_app_id,googleadwords_int,514288304,mock_campaign_c95b5395,Matched paid campaign,true,7515,314,124,90,0,900,3,0,0,0,0,5.4859686548000006,2.8349434295000004,0.0,2.8349434295000004,-2.6510252253,0.51676260071583524,0.044241682700000007,0.022862447012096779,0.0417831004657352,0.39490445859872614,0.0,0.0,
2026-06-14,mock_app_id,googleadwords_int,525989111,mock_campaign_c82cc8f4,Installs without cost,true,0,0,1,0,0,0,0,0,0,0,0,0.0,0.0,0.0,0.0,0.0,,0.0,0.0,,,0.0,,
2026-06-14,mock_app_id,googleadwords_int,557162896,mock_campaign_b0c8a1e0,Installs without cost,true,0,0,6,0,0,0,0,0,0,0,0,0.0,0.0,0.0,0.0,0.0,,0.0,0.0,,,0.0,,
2026-06-14,mock_app_id,googleadwords_int,585166272,mock_campaign_60587c25,Matched paid campaign,true,3041,63,23,20,0,190,1,0,0,0,0,3.8898564749306836,3.0751551091000002,0.0,3.0751551091000002,-0.81470136583068342,0.79055747401446186,0.16912419456220365,0.13370239604782611,0.020716869450838539,0.36507936507936506,0.0,0.0,
2026-06-14,mock_app_id,googleadwords_int,612287821,mock_campaign_6b5afb99,Installs without cost,true,0,0,2,2,0,3,0,0,0,0,0,0.0,0.0024599009000000004,0.0,0.0024599009000000004,0.0024599009000000004,,0.0,0.0012299504500000002,,,0.0,,
2026-06-14,mock_app_id,googleadwords_int,624225880,mock_campaign_ae3dba5e,Cost without installs,true,186,5,0,0,0,0,0,0,0,0,0,0.38200692529999997,0.0,0.0,0.0,-0.38200692529999997,0.0,,,0.026881720430107527,0.0,,,
2026-06-14,mock_app_id,googleadwords_int,739276167,mock_campaign_1fbdf2e3,Matched paid campaign,true,5370,119,47,46,0,697,0,0,0,0,0,46.38338465661402,38.15269098020002,0.0,38.15269098020002,-8.2306936764139991,0.822550817769174,0.98688052460880893,0.81175938255744728,0.022160148975791435,0.3949579831932773,0.0,,
2026-06-14,mock_app_id,googleadwords_int,788967442,mock_campaign_475f8981,Matched paid campaign,true,86,3,2,2,0,28,0,0,0,0,0,0.0899878967,0.2096571881,0.0,0.2096571881,0.1196692914,2.329837631375598,0.04499394835,0.10482859405,0.034883720930232558,0.66666666666666663,0.0,,
2026-06-14,mock_app_id,googleadwords_int,792104306,mock_campaign_6fcee95d,Matched paid campaign,true,24043,1132,489,328,0,3448,10,0,0,0,0,18.368899129500008,8.7197805310999978,0.0,8.7197805310999978,-9.64911859840001,0.47470349037391363,0.037564210898773022,0.017831862026789363,0.047082310859709688,0.43197879858657245,0.0,0.0,
2026-06-14,mock_app_id,googleadwords_int,998337322,mock_campaign_fe944d1c,Matched paid campaign,true,95112,3934,1844,1442,5,20208,27,5,0,2,1,90.605260654399856,49.908315340300021,197.06908792450002,246.97740326480005,156.3721426104002,2.7258616274705969,0.049135173890672373,0.13393568506767897,0.041361762974177811,0.46873411286222672,0.0027114967462039045,0.18518518518518517,39.4138175849
2026-06-15,mock_app_id,googleadwords_int,,,Unattributed,false,0,0,1361,23,0,208,2,0,0,0,0,0.0,1.0457355927,0.0,1.0457355927,1.0457355927,,0.0,0.00076835826061719332,,,0.0,0.0,
2026-06-15,mock_app_id,unknown,,,Unattributed,false,0,0,5045,13,0,97,0,0,0,0,0,0.0,0.24093143309999998,0.0,0.24093143309999998,0.24093143309999998,,0.0,4.7756478315163527e-05,,,0.0,,
2026-06-15,mock_app_id,other,,,Unattributed,false,0,0,2081,181,0,2369,0,0,0,0,0,0.0,14.956105751200008,0.0,14.956105751200008,14.956105751200008,,0.0,0.0071869801783757846,,,0.0,,
2026-06-15,mock_app_id,googleadwords_int,140410898,mock_campaign_a2e93e84,Matched paid campaign,true,8991,229,98,77,0,1576,13,0,0,0,0,57.845641695399991,34.5939150229,0.0,34.5939150229,-23.251726672499991,0.59803840028368083,0.59026164995306107,0.35299913288673468,0.025469914358803247,0.42794759825327511,0.0,0.0,
2026-06-15,mock_app_id,googleadwords_int,148918961,mock_campaign_993fe179,Matched paid campaign,true,26135,791,265,199,1,1909,2,1,0,0,0,20.493552826900014,2.9075901248000005,18.8191132326,21.726703357399998,1.2331505304999837,1.0601726084742777,0.077334161610943447,0.081987559839245272,0.030265926917926154,0.33501896333754738,0.0037735849056603774,0.5,18.8191132326
2026-06-15,mock_app_id,googleadwords_int,161694703,mock_campaign_2c0c0430,Matched paid campaign,true,180034,9016,3320,2408,5,26114,68,5,0,1,1,101.84353499320011,74.43279609469991,201.3868573235,275.81965341819989,173.97611842499978,2.7082686538386147,0.030675763552168708,0.083078208860903585,0.05007942944110557,0.36823425022182787,0.0015060240963855422,0.073529411764705885,40.2773714647
2026-06-15,mock_app_id,googleadwords_int,243641668,mock_campaign_1e8723bd,Matched paid campaign,true,21351,734,301,229,1,2282,4,1,0,0,1,8.2678533311383866,8.4900250227000011,0.0,8.4900250227000011,0.22217169156161454,1.0268717504608931,0.027467951266240485,0.028206063198338873,0.034377780900192029,0.41008174386920981,0.0033222591362126247,0.25,0.0
2026-06-15,mock_app_id,googleadwords_int,261307969,mock_campaign_b4ba1e63,Matched paid campaign,true,10532,243,108,92,0,1162,1,0,0,0,0,50.014184418000006,29.353505714300006,0.0,29.353505714300006,-20.6606787037,0.58690361656153966,0.46309430016666675,0.27179171957685189,0.023072540827952907,0.44444444444444442,0.0,0.0,
2026-06-15,mock_app_id,googleadwords_int,262368493,mock_campaign_c13d8f45,Matched paid campaign,true,10674,277,108,88,0,1386,3,0,0,0,0,9.5215089225999989,5.6194111193000023,0.0,5.6194111193000023,-3.9020978032999967,0.5901807334299628,0.0881621196537037,0.052031584437962984,0.025950908750234213,0.38989169675090252,0.0,0.0,
2026-06-15,mock_app_id,googleadwords_int,351751429,mock_campaign_b7e37028,Matched paid campaign,true,1798,41,24,23,0,37,0,0,0,0,0,12.100644200109185,8.9249574129,0.0,8.9249574129,-3.1756867872091856,0.737560518705233,0.50419350833788268,0.37187322553749996,0.022803114571746386,0.58536585365853655,0.0,,
2026-06-15,mock_app_id,googleadwords_int,514288304,mock_campaign_c95b5395,Matched paid campaign,true,8139,327,226,125,0,1440,6,0,0,0,0,6.3751767599999969,4.1498069578999992,0.0,4.1498069578999992,-2.2253698020999977,0.65093206261154735,0.028208746725663703,0.018361977689823006,0.040176925912274238,0.691131498470948,0.0,0.0,
2026-06-15,mock_app_id,googleadwords_int,525989111,mock_campaign_c82cc8f4,Installs without cost,true,0,0,1,0,0,0,0,0,0,0,0,0.0,0.0,0.0,0.0,0.0,,0.0,0.0,,,0.0,,
2026-06-15,mock_app_id,googleadwords_int,557162896,mock_campaign_b0c8a1e0,Installs without cost,true,0,0,4,0,0,0,0,0,0,0,0,0.0,0.0,0.0,0.0,0.0,,0.0,0.0,,,0.0,,
2026-06-15,mock_app_id,googleadwords_int,585166272,mock_campaign_60587c25,Matched paid campaign,true,2313,50,23,21,0,164,0,0,0,0,0,3.1830834180571075,5.8175471558,0.0,5.8175471558,2.6344637377428923,1.8276452080388512,0.13839493121987423,0.25293683286086954,0.021616947686986597,0.46,0.0,,
2026-06-15,mock_app_id,googleadwords_int,612287821,mock_campaign_6b5afb99,Installs without cost,true,0,0,2,2,0,2,0,0,0,0,0,0.0,0.0003617876,0.0,0.0003617876,0.0003617876,,0.0,0.0001808938,,,0.0,,
2026-06-15,mock_app_id,googleadwords_int,624225880,mock_campaign_ae3dba5e,Cost without installs,true,102,3,0,0,0,0,0,0,0,0,0,0.3909909869999999,0.0,0.0,0.0,-0.3909909869999999,0.0,,,0.029411764705882353,0.0,,,
2026-06-15,mock_app_id,googleadwords_int,739276167,mock_campaign_1fbdf2e3,Matched paid campaign,true,5884,126,73,61,0,520,4,0,0,0,0,47.218971666634296,34.598474311,0.0,34.598474311,-12.6204973556343,0.73272401091800665,0.6468352283100588,0.47395170289041094,0.021414004078857921,0.57936507936507942,0.0,0.0,
2026-06-15,mock_app_id,googleadwords_int,788967442,mock_campaign_475f8981,Matched paid campaign,true,119,6,3,3,0,79,0,0,0,0,0,0.2173164864,0.37245396469999992,0.0,0.37245396469999992,0.15513747829999991,1.713878090291082,0.072438828800000007,0.12415132156666664,0.050420168067226892,0.5,0.0,,
2026-06-15,mock_app_id,googleadwords_int,792104306,mock_campaign_6fcee95d,Matched paid campaign,true,20880,1030,496,367,1,3936,8,1,0,0,0,21.6358248869,8.9738369559000031,44.0453421844,53.019179140300004,31.383354253400004,2.4505272813703494,0.043620614691330648,0.10689350633125001,0.049329501915708812,0.48155339805825242,0.0020161290322580645,0.125,44.0453421844
2026-06-15,mock_app_id,googleadwords_int,834117318,mock_campaign_ae804aae,Installs without cost,true,0,0,1,0,0,0,0,0,0,0,0,0.0,0.0,0.0,0.0,0.0,,0.0,0.0,,,0.0,,
2026-06-15,mock_app_id,googleadwords_int,998337322,mock_campaign_fe944d1c,Matched paid campaign,true,85102,3589,1666,1356,3,21499,29,3,0,2,0,83.124710688299842,44.869011529099993,167.6335647065,212.5025762356,129.37786554730016,2.5564308672596758,0.049894784326710587,0.12755256676806723,0.042172921905478132,0.46419615491780442,0.0018007202881152461,0.10344827586206896,55.877854902166668
2026-06-16,mock_app_id,unknown,,,Unattributed,false,0,0,4912,9,0,83,1,0,0,0,0,0.0,0.1241772242,0.0,0.1241772242,0.1241772242,,0.0,2.5280379519543974e-05,,,0.0,0.0,
2026-06-16,mock_app_id,other,,,Unattributed,false,0,0,1163,191,0,2614,5,0,0,0,0,0.0,20.330167552199978,0.0,20.330167552199978,20.330167552199978,,0.0,0.017480797551332739,,,0.0,0.0,
2026-06-16,mock_app_id,googleadwords_int,,,Unattributed,false,0,0,2816,30,0,603,1,0,0,0,0,0.0,1.6047229127000002,0.0,1.6047229127000002,1.6047229127000002,,0.0,0.00056985898888494324,,,0.0,0.0,
2026-06-16,mock_app_id,googleadwords_int,140410898,mock_campaign_a2e93e84,Matched paid campaign,true,9150,210,108,92,1,1823,6,1,0,0,0,47.290140585499984,32.796658685899992,38.204261,71.000919685899987,23.710779100400003,1.5013894821803544,0.43787167208796279,0.65741592301759244,0.022950819672131147,0.51428571428571423,0.0092592592592592587,0.16666666666666666,38.204261
2026-06-16,mock_app_id,googleadwords_int,148918961,mock_campaign_993fe179,Matched paid campaign,true,25218,744,233,178,0,1784,0,0,0,0,0,18.544618458199984,2.6502177383000007,0.0,2.6502177383000007,-15.894400719899984,0.14291034049978732,0.079590637159656585,0.011374325057081549,0.029502736140851773,0.31317204301075269,0.0,,
2026-06-16,mock_app_id,googleadwords_int,161694703,mock_campaign_2c0c0430,Matched paid campaign,true,104871,5267,1734,1285,0,14210,79,0,0,0,0,84.8311388597001,39.553801360299978,0.0,39.553801360299978,-45.277337499400126,0.4662651225950995,0.048922225409284953,0.022810727428085341,0.050223608051796972,0.32921966964116195,0.0,0.0,
2026-06-16,mock_app_id,googleadwords_int,243641668,mock_campaign_1e8723bd,Matched paid campaign,true,17778,576,199,149,1,2970,1,1,0,0,0,6.81315848256313,6.7898602481,39.3300777684,46.1199380165,39.306779533936869,6.7692448567774317,0.034236977299312216,0.23175848249497488,0.03239959500506244,0.3454861111111111,0.0050251256281407036,1.0,39.3300777684
2026-06-16,mock_app_id,googleadwords_int,261307969,mock_campaign_b4ba1e63,Matched paid campaign,true,10108,247,104,91,1,1026,8,1,0,0,0,48.820045492599974,22.396960746800005,47.073331146,69.4702918928,20.650246400200032,1.4229870372269553,0.46942351435192281,0.66798357589230772,0.024436090225563908,0.42105263157894735,0.0096153846153846159,0.125,47.073331146
2026-06-16,mock_app_id,googleadwords_int,262368493,mock_campaign_c13d8f45,Matched paid campaign,true,32466,1447,942,760,3,9356,20,3,0,0,0,57.438723344600007,24.462240548200029,127.9062084841,152.36844903230002,94.929725687700014,2.6527130158895611,0.060975290174734617,0.16174994589416139,0.044569703690014166,0.65100207325501036,0.0031847133757961785,0.15,42.635402828033335
2026-06-16,mock_app_id,googleadwords_int,351751429,mock_campaign_b7e37028,Matched paid campaign,true,1765,58,29,23,0,63,0,0,0,0,0,21.171394181883471,12.0180681425,0.0,12.0180681425,-9.15332603938347,0.567655962533821,0.730048075237361,0.41441614284482758,0.032861189801699719,0.5,0.0,,
2026-06-16,mock_app_id,googleadwords_int,514288304,mock_campaign_c95b5395,Matched paid campaign,true,10515,443,347,155,0,2094,5,0,0,0,0,11.774533559400005,5.1215748209999985,0.0,5.1215748209999985,-6.6529587384000068,0.43497050606401927,0.033932373370028836,0.014759581616714692,0.042130290061816456,0.78329571106094809,0.0,0.0,
2026-06-16,mock_app_id,googleadwords_int,557162896,mock_campaign_b0c8a1e0,Installs without cost,true,0,0,6,0,0,0,0,0,0,0,0,0.0,0.0,0.0,0.0,0.0,,0.0,0.0,,,0.0,,
2026-06-16,mock_app_id,googleadwords_int,585166272,mock_campaign_60587c25,Matched paid campaign,true,3043,50,12,11,0,57,1,0,0,0,0,2.6405053370121458,1.1284804933,0.0,1.1284804933,-1.5120248437121457,0.427372926493278,0.22004211141767882,0.094040041108333347,0.016431153466973381,0.24,0.0,0.0,
2026-06-16,mock_app_id,googleadwords_int,612287821,mock_campaign_6b5afb99,Installs without cost,true,0,0,3,1,0,5,0,0,0,0,0,0.0,0.0012382308,0.0,0.0012382308,0.0012382308,,0.0,0.00041274359999999996,,,0.0,,
2026-06-16,mock_app_id,googleadwords_int,624225880,mock_campaign_ae3dba5e,Cost without installs,true,69,0,0,0,0,0,0,0,0,0,0,0.0024126205,0.0,0.0,0.0,-0.0024126205,0.0,,,0.0,,,,
2026-06-16,mock_app_id,googleadwords_int,739276167,mock_campaign_1fbdf2e3,Matched paid campaign,true,5776,137,55,45,0,463,5,0,0,0,0,45.809863530528034,29.917076526500004,0.0,29.917076526500004,-15.89278700402803,0.65307063197346227,0.8329066096459643,0.54394684593636367,0.023718836565096952,0.40145985401459855,0.0,0.0,
2026-06-16,mock_app_id,googleadwords_int,788967442,mock_campaign_475f8981,Matched paid campaign,true,116,3,2,1,0,11,0,0,0,0,0,0.0855589276,0.0451699462,0.0,0.0451699462,-0.0403889814,0.52793960217893143,0.0427794638,0.0225849731,0.025862068965517241,0.66666666666666663,0.0,,
2026-06-16,mock_app_id,googleadwords_int,792104306,mock_campaign_6fcee95d,Matched paid campaign,true,14181,750,310,216,0,3482,1,0,0,0,0,13.701005739600003,5.9268235716999991,0.0,5.9268235716999991,-7.7741821679000038,0.43258310260900823,0.044196792708387105,0.019118785715161287,0.052887666596149775,0.41333333333333333,0.0,0.0,
2026-06-16,mock_app_id,googleadwords_int,998337322,mock_campaign_fe944d1c,Matched paid campaign,true,71695,2816,1282,1030,1,13277,20,1,0,0,0,57.818162232699883,42.72199066029993,24.450700288100002,67.172690948399932,9.3545287157000487,1.1617922181277747,0.045099970540327522,0.052396794811544412,0.0392774949438594,0.45525568181818182,0.00078003120124805,0.05,24.450700288100002
2026-06-17,mock_app_id,other,,,Unattributed,false,0,0,1176,179,0,2363,1,0,0,0,0,0.0,15.836452180799997,0.0,15.836452180799997,15.836452180799997,,0.0,0.013466370902040814,,,0.0,0.0,
2026-06-17,mock_app_id,googleadwords_int,,,Unattributed,false,0,0,966,21,0,187,0,0,0,0,0,0.0,2.0497471387,0.0,2.0497471387,2.0497471387,,0.0,0.0021218914479296065,,,0.0,,
2026-06-17,mock_app_id,unknown,,,Unattributed,false,0,0,4948,11,0,91,0,0,0,0,0,0.0,0.085713087600000015,0.0,0.085713087600000015,0.085713087600000015,,0.0,1.7322774373484238e-05,,,0.0,,
2026-06-17,mock_app_id,googleadwords_int,140410898,mock_campaign_a2e93e84,Matched paid campaign,true,9266,266,132,108,0,2947,9,0,0,0,0,62.525941569199993,40.600292375700015,0.0,40.600292375700015,-21.925649193499979,0.64933516164272431,0.47368137552424239,0.30757797254318192,0.028707101230304337,0.49624060150375937,0.0,0.0,
2026-06-17,mock_app_id,googleadwords_int,148918961,mock_campaign_993fe179,Matched paid campaign,true,26702,769,248,208,1,2042,1,1,0,0,0,19.161636590100009,2.544589772000001,35.2153489209,37.7599386929,18.598302102799991,1.9706009199866013,0.077264663669758107,0.15225781731008065,0.028799340873342821,0.32249674902470743,0.0040322580645161289,1.0,35.2153489209
2026-06-17,mock_app_id,googleadwords_int,161694703,mock_campaign_2c0c0430,Matched paid campaign,true,55638,3021,1092,897,4,10449,56,6,0,0,4,50.819750672800062,21.453351169300014,54.762274344900007,76.215625514200013,25.395874841399952,1.499724506814482,0.046538233216849877,0.069794528859157517,0.054297422624824759,0.36146971201588879,0.003663003663003663,0.10714285714285714,13.690568586225002
2026-06-17,mock_app_id,googleadwords_int,243641668,mock_campaign_1e8723bd,Matched paid campaign,true,10250,393,220,183,0,2378,2,0,0,0,0,8.1155447682936863,12.180027966800004,0.0,12.180027966800004,4.0644831985063181,1.5008269086735486,0.036888839855880394,0.055363763485454569,0.038341463414634146,0.55979643765903309,0.0,0.0,
2026-06-17,mock_app_id,googleadwords_int,261307969,mock_campaign_b4ba1e63,Matched paid campaign,true,11047,233,120,108,0,1434,1,0,0,0,0,47.527024929500016,37.994878974300008,0.0,37.994878974300008,-9.5321459552000078,0.79943735234133273,0.39605854107916677,0.31662399145250009,0.021091699103829093,0.51502145922746778,0.0,0.0,
2026-06-17,mock_app_id,googleadwords_int,262368493,mock_campaign_c13d8f45,Matched paid campaign,true,50905,2435,1190,1012,4,14168,17,3,1,0,1,101.06091670579988,31.308354946400009,68.2559288832,99.564283829600015,-1.4966328761998682,0.9851907846773571,0.084925140088907461,0.083667465403025221,0.047834200962577351,0.48870636550308011,0.0033613445378151263,0.17647058823529413,17.0639822208
2026-06-17,mock_app_id,googleadwords_int,351751429,mock_campaign_b7e37028,Matched paid campaign,true,1542,55,22,21,0,70,0,0,0,0,0,20.61087843744636,8.4808771468,0.0,8.4808771468,-12.13000129064636,0.41147577346299463,0.9368581107930164,0.38549441576363636,0.035667963683527884,0.4,0.0,,
2026-06-17,mock_app_id,googleadwords_int,502057685,mock_campaign_befecb98,Installs without cost,true,0,0,1,1,0,1,0,0,0,0,0,0.0,7.77079e-05,0.0,7.77079e-05,7.77079e-05,,0.0,7.77079e-05,,,0.0,,
2026-06-17,mock_app_id,googleadwords_int,514288304,mock_campaign_c95b5395,Matched paid campaign,true,8613,341,161,115,0,1566,8,0,0,0,0,8.888011738299987,3.4621315338000005,0.0,3.4621315338000005,-5.4258802044999861,0.38952823598117836,0.055205041852794949,0.021503922570186337,0.039591315453384422,0.47214076246334313,0.0,0.0,
2026-06-17,mock_app_id,googleadwords_int,542533692,mock_campaign_796ef0d2,Installs without cost,true,0,0,1,1,0,3,0,0,0,0,0,0.0,0.0039643768,0.0,0.0039643768,0.0039643768,,0.0,0.0039643768,,,0.0,,
2026-06-17,mock_app_id,googleadwords_int,557162896,mock_campaign_b0c8a1e0,Installs without cost,true,0,0,9,0,0,0,0,0,0,0,0,0.0,0.0,0.0,0.0,0.0,,0.0,0.0,,,0.0,,
2026-06-17,mock_app_id,googleadwords_int,585166272,mock_campaign_60587c25,Matched paid campaign,true,1577,39,11,9,0,168,0,0,0,0,0,2.4785472487609,2.1658376457000008,0.0,2.1658376457000008,-0.31270960306089934,0.87383351145828181,0.22532247716008183,0.19689433142727281,0.024730500951173115,0.28205128205128205,0.0,,
2026-06-17,mock_app_id,googleadwords_int,612287821,mock_campaign_6b5afb99,Installs without cost,true,0,0,3,3,0,15,0,0,0,0,0,0.0,0.0098230429,0.0,0.0098230429,0.0098230429,,0.0,0.0032743476333333336,,,0.0,,
2026-06-17,mock_app_id,googleadwords_int,739276167,mock_campaign_1fbdf2e3,Matched paid campaign,true,4644,120,61,56,0,371,1,0,0,0,0,46.145756891504085,33.491047563000009,0.0,33.491047563000009,-12.654709328504076,0.725766567048466,0.75648781789350961,0.54903356660655755,0.025839793281653745,0.5083333333333333,0.0,0.0,
2026-06-17,mock_app_id,googleadwords_int,788967442,mock_campaign_475f8981,Matched paid campaign,true,114,1,1,1,0,8,0,0,0,0,0,0.0057650644999999992,0.0371418284,0.0,0.0371418284,0.0313767639,6.4425694456670879,0.0057650644999999992,0.0371418284,0.008771929824561403,1.0,0.0,,
2026-06-17,mock_app_id,googleadwords_int,792104306,mock_campaign_6fcee95d,Matched paid campaign,true,14060,704,298,204,1,2480,6,1,0,0,1,14.320455207099991,4.4079385888000022,0.0,4.4079385888000022,-9.9125166182999891,0.30780715592159208,0.04805521881577178,0.014791740230872491,0.050071123755334283,0.42329545454545453,0.0033557046979865771,0.16666666666666666,0.0
2026-06-17,mock_app_id,googleadwords_int,998337322,mock_campaign_fe944d1c,Matched paid campaign,true,54731,2050,869,669,0,10214,12,0,0,0,0,29.9772214447,32.103476192100025,0.0,32.103476192100025,2.1262547474000257,1.070929013595286,0.034496227209090909,0.036943010577790591,0.037455920776159765,0.42390243902439023,0.0,0.0,
2026-06-18,mock_app_id,googleadwords_int,,,Unattributed,false,0,0,1026,30,0,339,4,0,0,0,0,0.0,0.97582013900000031,0.0,0.97582013900000031,0.97582013900000031,,0.0,0.00095109175341130637,,,0.0,0.0,
2026-06-18,mock_app_id,other,,,Unattributed,false,0,0,1975,214,1,2995,3,1,0,6,0,0.0,19.640218216600012,298.00418114879994,317.6443993654,317.6443993654,,0.0,0.16083260727362025,,,0.00050632911392405066,0.33333333333333331,298.00418114879994
2026-06-18,mock_app_id,unknown,,,Unattributed,false,0,0,5158,5,0,159,0,0,0,0,0,0.0,0.3186049378,0.0,0.3186049378,0.3186049378,,0.0,6.1769084490112441e-05,,,0.0,,
2026-06-18,mock_app_id,googleadwords_int,140410898,mock_campaign_a2e93e84,Matched paid campaign,true,9537,248,140,116,0,1834,11,0,0,0,0,58.406260652899995,47.4935359783,0.0,47.4935359783,-10.912724674599993,0.81315830610261552,0.4171875760921428,0.33923954270214285,0.026003984481493131,0.56451612903225812,0.0,0.0,
2026-06-18,mock_app_id,googleadwords_int,148918961,mock_campaign_993fe179,Matched paid campaign,true,28030,801,247,206,1,2393,6,1,0,0,0,19.191280494799994,3.576457689300002,35.1848084423,38.7612661316,19.569985636800009,2.0197331877934164,0.07769749188178135,0.15692820296194332,0.028576525151623261,0.30836454431960048,0.004048582995951417,0.16666666666666666,35.1848084423
2026-06-18,mock_app_id,googleadwords_int,161332031,mock_campaign_12520749,Installs without cost,true,0,0,8,4,0,117,0,0,0,0,0,0.0,0.039302362800000011,0.0,0.039302362800000011,0.039302362800000011,,0.0,0.0049127953500000014,,,0.0,,
2026-06-18,mock_app_id,googleadwords_int,161694703,mock_campaign_2c0c0430,Matched paid campaign,true,43605,2315,805,612,3,7385,46,3,0,0,2,27.364872583799997,16.016684826699993,35.517938387899996,51.534623214599989,24.169750630799992,1.8832400208254023,0.033993630538881985,0.06401816548397514,0.053090241944731109,0.34773218142548595,0.0037267080745341614,0.065217391304347824,11.839312795966665
2026-06-18,mock_app_id,googleadwords_int,180761354,mock_campaign_07fb7039,Matched paid campaign,true,3686,178,58,46,0,625,0,0,0,0,0,1.2564480029000005,0.93672542190000008,0.0,0.93672542190000008,-0.31972258100000039,0.74553457026311432,0.021662896601724147,0.016150438308620691,0.048290830168204013,0.3258426966292135,0.0,,
2026-06-18,mock_app_id,googleadwords_int,243641668,mock_campaign_1e8723bd,Matched paid campaign,true,5702,213,83,72,1,857,2,0,1,0,0,5.1469693307508795,4.0339024402999994,0.86313858840000013,4.8970410286999995,-0.24992830205088,0.95144165702374239,0.062011678683745533,0.05900049432168674,0.03735531392493862,0.38967136150234744,0.012048192771084338,0.0,0.86313858840000013
2026-06-18,mock_app_id,googleadwords_int,261307969,mock_campaign_b4ba1e63,Matched paid campaign,true,13167,299,118,104,1,1279,8,1,0,0,1,69.234090065099977,35.717404375999983,0.0,35.717404375999983,-33.516685689099994,0.515893317041003,0.58672957682288118,0.3026898675932202,0.022708285866180605,0.39464882943143814,0.00847457627118644,0.125,0.0
2026-06-18,mock_app_id,googleadwords_int,262368493,mock_campaign_c13d8f45,Matched paid campaign,true,54213,2247,1031,869,1,14210,20,1,0,0,0,82.410843541300011,26.562961521499993,20.4207150903,46.983676611799993,-35.427166929500018,0.57011522504625534,0.079932922930455882,0.045570976345101835,0.041447623263792817,0.45883400089007564,0.00096993210475266732,0.05,20.4207150903
2026-06-18,mock_app_id,googleadwords_int,351751429,mock_campaign_b7e37028,Matched paid campaign,true,2246,73,34,29,1,385,1,1,0,1,0,23.029431928581864,16.3274476361,75.770631861800013,92.098079497900017,69.068647569318159,3.9991468214896324,0.67733623319358427,2.7087670440558829,0.032502226179875332,0.46575342465753422,0.029411764705882353,1.0,75.770631861800013
2026-06-18,mock_app_id,googleadwords_int,514288304,mock_campaign_c95b5395,Matched paid campaign,true,8781,388,228,131,0,2522,10,0,0,0,0,8.5353028951999974,3.9680723839000018,0.0,3.9680723839000018,-4.5672305112999956,0.46490117956230104,0.037435539014035076,0.017403826245175447,0.044186311354059905,0.58762886597938147,0.0,0.0,
2026-06-18,mock_app_id,googleadwords_int,525989111,mock_campaign_c82cc8f4,Installs without cost,true,0,0,1,0,0,0,0,0,0,0,0,0.0,0.0,0.0,0.0,0.0,,0.0,0.0,,,0.0,,
2026-06-18,mock_app_id,googleadwords_int,542533692,mock_campaign_796ef0d2,Matched paid campaign,true,92318,3971,1418,711,1,4973,4,1,0,0,0,8.8383272162999944,4.1089975714000051,22.9280700392,27.037067610600005,18.19874039430001,3.0590706758103692,0.0062329529028913927,0.019067043448942174,0.043014363396087434,0.35708889448501635,0.00070521861777150916,0.25,22.9280700392
2026-06-18,mock_app_id,googleadwords_int,557162896,mock_campaign_b0c8a1e0,Installs without cost,true,0,0,8,0,0,0,0,0,0,0,0,0.0,0.0,0.0,0.0,0.0,,0.0,0.0,,,0.0,,
2026-06-18,mock_app_id,googleadwords_int,585166272,mock_campaign_60587c25,Cost without installs,true,339,5,0,0,0,0,0,0,0,0,0,0.24867935470924202,0.0,0.0,0.0,-0.24867935470924202,0.0,,,0.014749262536873156,0.0,,,
2026-06-18,mock_app_id,googleadwords_int,611748075,mock_campaign_628993e1,Matched paid campaign,true,629,15,9,8,0,19,0,0,0,0,0,0.5197793544999999,0.8585665613,0.0,0.8585665613,0.33878720680000007,1.6517904258161531,0.0577532616111111,0.09539628458888888,0.023847376788553261,0.6,0.0,,
2026-06-18,mock_app_id,googleadwords_int,654635500,mock_campaign_67ff1f36,Matched paid campaign,true,3,0,3,3,0,58,0,0,0,0,0,0.00079823969999999987,0.073804670400000008,0.0,0.073804670400000008,0.073006430700000013,92.459283095040277,0.00026607989999999994,0.024601556800000004,0.0,,0.0,,
2026-06-18,mock_app_id,googleadwords_int,660741874,mock_campaign_7e7497dd,Matched paid campaign,true,763,20,8,6,0,73,0,0,0,0,0,0.3413504048,0.1642044361,0.0,0.1642044361,-0.17714596870000002,0.48104362494079572,0.0426688006,0.0205255545125,0.02621231979030144,0.4,0.0,,
2026-06-18,mock_app_id,googleadwords_int,739276167,mock_campaign_1fbdf2e3,Matched paid campaign,true,5497,151,72,61,0,1561,2,0,0,0,0,46.176015282242261,41.690284528299983,0.0,41.690284528299983,-4.4857307539422777,0.90285582836621814,0.64133354558669808,0.579031729559722,0.027469528833909407,0.47682119205298013,0.0,0.0,
2026-06-18,mock_app_id,googleadwords_int,788967442,mock_campaign_475f8981,Matched paid campaign,true,132,4,2,2,0,17,0,0,0,0,0,0.26496675840000006,0.35222443270000003,0.0,0.35222443270000003,0.087257674299999977,1.3293155519843503,0.13248337920000003,0.17611221635000002,0.030303030303030304,0.5,0.0,,
2026-06-18,mock_app_id,googleadwords_int,792104306,mock_campaign_6fcee95d,Matched paid campaign,true,16687,779,297,188,0,1860,1,0,0,0,0,14.639388176900004,4.4201591114999994,0.0,4.4201591114999994,-10.219229065400004,0.30193605484652158,0.049290869282491594,0.014882690611111108,0.046683046683046681,0.38125802310654683,0.0,0.0,
2026-06-18,mock_app_id,googleadwords_int,834117318,mock_campaign_ae804aae,Matched paid campaign,true,1121,49,26,18,0,101,0,0,0,0,0,0.36902596919999997,0.14163984540000005,0.0,0.14163984540000005,-0.22738612379999992,0.3838208072647481,0.014193306507692306,0.0054476863615384634,0.043710972346119537,0.53061224489795922,0.0,,
2026-06-18,mock_app_id,googleadwords_int,998337322,mock_campaign_fe944d1c,Matched paid campaign,true,58267,2104,910,715,1,9176,6,1,0,0,0,30.6879778166,36.43417695,42.2420832306,78.6762601806,47.988282364,2.563748600536389,0.033723052545714283,0.086457428769890113,0.036109633240084441,0.43250950570342206,0.0010989010989010989,0.16666666666666666,42.2420832306
2026-06-19,mock_app_id,other,,,Unattributed,false,0,0,2322,189,0,2485,1,0,0,0,0,0.0,12.4377341151,0.0,12.4377341151,12.4377341151,,0.0,0.0053564746404392762,,,0.0,0.0,
2026-06-19,mock_app_id,googleadwords_int,,,Unattributed,false,0,0,1532,31,0,305,0,0,0,0,0,0.0,1.0388539849,0.0,1.0388539849,1.0388539849,,0.0,0.000678103123302872,,,0.0,,
2026-06-19,mock_app_id,unknown,,,Unattributed,false,0,0,4921,11,0,77,0,0,0,0,0,0.0,0.13769075539999998,0.0,0.13769075539999998,0.13769075539999998,,0.0,2.7980238853891479e-05,,,0.0,,
2026-06-19,mock_app_id,googleadwords_int,140410898,mock_campaign_a2e93e84,Matched paid campaign,true,10750,320,170,142,0,2750,7,0,0,0,0,93.693586585099879,56.98799293399999,0.0,56.98799293399999,-36.705593651099889,0.60823792760072237,0.55113874461823453,0.33522348784705874,0.029767441860465118,0.53125,0.0,0.0,
2026-06-19,mock_app_id,googleadwords_int,148918961,mock_campaign_993fe179,Matched paid campaign,true,37831,992,283,224,1,2114,4,1,0,1,0,23.354504939200019,3.3210815041000004,70.091574196700009,73.4126557008,50.058150761599983,3.1434044905648366,0.08252475243533576,0.2594086773879859,0.026221881525732866,0.28528225806451613,0.0035335689045936395,0.25,70.091574196700009
2026-06-19,mock_app_id,googleadwords_int,161332031,mock_campaign_12520749,Matched paid campaign,true,71571,2986,864,438,1,2897,2,1,0,0,0,11.293993260000024,3.130662753799998,22.9372433931,26.0679061469,14.773912886899977,2.3081212771061939,0.01307175145833336,0.03017118767002315,0.041720808707437371,0.289350301406564,0.0011574074074074073,0.5,22.9372433931
2026-06-19,mock_app_id,googleadwords_int,161694703,mock_campaign_2c0c0430,Matched paid campaign,true,42898,2387,785,611,0,8083,36,0,0,0,0,29.68167746770003,18.882906322900002,0.0,18.882906322900002,-10.798771144800028,0.63618056437169412,0.037811054098980931,0.024054657736178348,0.055643619749172459,0.32886468370339339,0.0,0.0,
2026-06-19,mock_app_id,googleadwords_int,180761354,mock_campaign_07fb7039,Matched paid campaign,true,538,29,11,6,0,66,0,0,0,0,0,0.20739911080000004,0.1409481177,0.0,0.1409481177,-0.06645099310000005,0.67959846672592372,0.018854464618181823,0.012813465245454543,0.053903345724907063,0.37931034482758619,0.0,,
2026-06-19,mock_app_id,googleadwords_int,243641668,mock_campaign_1e8723bd,Matched paid campaign,true,8441,281,187,143,0,1595,2,0,0,0,0,4.1876461877194613,5.6115766342999995,0.0,5.6115766342999995,1.4239304465805382,1.340031221060725,0.022393829880852735,0.030008431199465238,0.033289894562255659,0.66548042704626331,0.0,0.0,
2026-06-19,mock_app_id,googleadwords_int,258346999,mock_campaign_8ba2a925,Matched paid campaign,true,244,9,3,0,0,0,0,0,0,0,0,0.27955802679999991,0.0,0.0,0.0,-0.27955802679999991,0.0,0.0931860089333333,0.0,0.036885245901639344,0.33333333333333331,0.0,,
2026-06-19,mock_app_id,googleadwords_int,261307969,mock_campaign_b4ba1e63,Matched paid campaign,true,15454,323,131,115,0,1626,2,0,0,0,0,79.494761626599924,36.167259230800006,0.0,36.167259230800006,-43.327502395799918,0.4549640566341166,0.60683024142442687,0.27608594832671762,0.020900737673094343,0.40557275541795668,0.0,0.0,
2026-06-19,mock_app_id,googleadwords_int,262368493,mock_campaign_c13d8f45,Matched paid campaign,true,62049,3108,1769,1492,7,23534,47,7,0,1,0,146.85940279379994,55.9887546913,260.9029200943,316.8916747856,170.03227199180006,2.1577894827104553,0.083018317011758019,0.17913605132029395,0.05008944543828265,0.56917631917631917,0.00395703787450537,0.14893617021276595,37.271845727757139
2026-06-19,mock_app_id,googleadwords_int,265069104,mock_campaign_b8b1eac5,Installs without cost,true,0,0,1,1,0,34,0,0,0,0,0,0.0,0.032675535000000006,0.0,0.032675535000000006,0.032675535000000006,,0.0,0.032675535000000006,,,0.0,,
2026-06-19,mock_app_id,googleadwords_int,351751429,mock_campaign_b7e37028,Matched paid campaign,true,1613,53,20,20,0,119,1,0,0,0,0,17.295339550859111,13.461069450200002,0.0,13.461069450200002,-3.8342701006591096,0.77830616800647612,0.86476697754295562,0.67305347251000014,0.0328580285182889,0.37735849056603776,0.0,0.0,
2026-06-19,mock_app_id,googleadwords_int,369626124,mock_campaign_617ec63b,Matched paid campaign,true,330,11,8,8,0,152,1,0,0,0,0,0.28800097799999996,0.29195367590000004,0.0,0.29195367590000004,0.0039526979000000795,1.013724598879661,0.036000122249999995,0.036494209487500005,0.033333333333333333,0.72727272727272729,0.0,0.0,
2026-06-19,mock_app_id,googleadwords_int,369804654,mock_campaign_92e554bf,Matched paid campaign,true,1175,17,8,6,0,44,0,0,0,0,0,0.2081029613,0.4131321395,0.0,0.4131321395,0.2050291782,1.9852295081204114,0.0260128701625,0.0516415174375,0.014468085106382979,0.47058823529411764,0.0,,
2026-06-19,mock_app_id,googleadwords_int,432166127,mock_campaign_f8b84857,Matched paid campaign,true,2629,103,52,42,0,241,0,0,0,0,0,2.9076235032000004,3.4769788383,0.0,3.4769788383,0.56935533509999958,1.1958146694279341,0.055915836600000005,0.066864977659615382,0.039178394826930391,0.50485436893203883,0.0,,
2026-06-19,mock_app_id,googleadwords_int,502057685,mock_campaign_befecb98,Matched paid campaign,true,1,0,7,6,0,47,0,0,0,0,0,0.0009821359,0.2057131937,0.0,0.2057131937,0.2047310578,209.45491728792319,0.00014030512857142856,0.029387599099999998,0.0,,0.0,,
2026-06-19,mock_app_id,googleadwords_int,514288304,mock_campaign_c95b5395,Matched paid campaign,true,8501,378,245,126,0,1935,7,0,0,0,0,8.7244482738999913,4.5001918789999982,0.0,4.5001918789999982,-4.2242563948999932,0.51581392171958262,0.035609992954693845,0.01836813011836734,0.044465357016821548,0.64814814814814814,0.0,0.0,
2026-06-19,mock_app_id,googleadwords_int,542533692,mock_campaign_796ef0d2,Matched paid campaign,true,116733,4970,1760,797,1,5677,5,1,0,0,1,14.349753289300068,4.5679302376000033,0.0,4.5679302376000033,-9.7818230517000657,0.31832813746046024,0.00815326891437504,0.0025954149077272747,0.04257579262076705,0.35412474849094566,0.00056818181818181815,0.2,0.0
2026-06-19,mock_app_id,googleadwords_int,557162896,mock_campaign_b0c8a1e0,Installs without cost,true,0,0,2,0,0,0,0,0,0,0,0,0.0,0.0,0.0,0.0,0.0,,0.0,0.0,,,0.0,,
2026-06-19,mock_app_id,googleadwords_int,585166272,mock_campaign_60587c25,Matched paid campaign,true,366,9,3,3,0,3,0,0,0,0,0,0.48007096530125487,0.2774668851,0.0,0.2774668851,-0.20260408020125487,0.57797056092714039,0.1600236551004183,0.0924889617,0.024590163934426229,0.33333333333333331,0.0,,
2026-06-19,mock_app_id,googleadwords_int,590094865,mock_campaign_23f341fc,Matched paid campaign,true,2254,90,44,31,0,406,0,0,0,0,0,0.50449806850000023,0.464909805,0.0,0.464909805,-0.03958826350000022,0.921529405221102,0.011465865193181823,0.010566131931818183,0.03992901508429459,0.48888888888888887,0.0,,
2026-06-19,mock_app_id,googleadwords_int,611748075,mock_campaign_628993e1,Matched paid campaign,true,664,21,7,6,0,66,1,0,0,0,0,1.1144435199999996,1.0768391351000002,0.0,1.0768391351000002,-0.0376043848999994,0.96625725375477134,0.15920621714285707,0.15383416215714288,0.031626506024096383,0.33333333333333331,0.0,0.0,
2026-06-19,mock_app_id,googleadwords_int,612287821,mock_campaign_6b5afb99,Installs without cost,true,0,0,3,1,0,1,0,0,0,0,0,0.0,6.3695000000000006e-06,0.0,6.3695000000000006e-06,6.3695000000000006e-06,,0.0,2.1231666666666669e-06,,,0.0,,
2026-06-19,mock_app_id,googleadwords_int,654635500,mock_campaign_67ff1f36,Matched paid campaign,true,1466,79,40,28,0,280,0,0,0,0,0,1.1362230142000003,0.40200589690000005,0.0,0.40200589690000005,-0.73421711730000028,0.3538089722492086,0.028405575355000007,0.0100501474225,0.0538881309686221,0.50632911392405067,0.0,,
2026-06-19,mock_app_id,googleadwords_int,660741874,mock_campaign_7e7497dd,Matched paid campaign,true,1138,27,11,10,0,103,0,0,0,0,0,0.5217127057,0.74602513970000028,0.0,0.74602513970000028,0.22431243400000034,1.4299539412194928,0.047428427790909083,0.067820467245454569,0.023725834797891036,0.40740740740740738,0.0,,
2026-06-19,mock_app_id,googleadwords_int,739276167,mock_campaign_1fbdf2e3,Matched paid campaign,true,5046,126,64,59,0,1807,1,0,0,0,0,44.523145761243541,48.593630157899987,0.0,48.593630157899987,4.0704843966564468,1.0914240071553911,0.69567415251943032,0.7592754712171873,0.024970273483947682,0.50793650793650791,0.0,0.0,
2026-06-19,mock_app_id,googleadwords_int,788967442,mock_campaign_475f8981,Matched paid campaign,true,200,7,1,1,0,34,0,0,0,0,0,0.11613777360000001,0.17098158409999997,0.0,0.17098158409999997,0.054843810499999965,1.4722305999156846,0.11613777360000001,0.17098158409999997,0.035,0.14285714285714285,0.0,,
2026-06-19,mock_app_id,googleadwords_int,792104306,mock_campaign_6fcee95d,Matched paid campaign,true,18714,762,277,186,3,1927,5,3,0,1,0,11.905550651199993,4.1566286924000027,86.574244,90.7308726924,78.82532204120001,7.6208883864817274,0.042980327260649792,0.32754827686787,0.04071817890349471,0.36351706036745407,0.010830324909747292,0.6,28.858081333333331
2026-06-19,mock_app_id,googleadwords_int,834117318,mock_campaign_ae804aae,Matched paid campaign,true,4070,217,102,72,0,655,0,0,0,0,0,3.0234878736000019,1.7648343081000002,0.0,1.7648343081000002,-1.2586535655000017,0.58370808214906111,0.029642037976470609,0.017302297138235296,0.053316953316953318,0.47004608294930877,0.0,,
2026-06-19,mock_app_id,googleadwords_int,848321939,mock_campaign_c41abc99,Other,true,20,0,0,0,0,0,0,0,0,0,0,0.0,0.0,0.0,0.0,0.0,,,,0.0,,,,
2026-06-19,mock_app_id,googleadwords_int,900383572,mock_campaign_45368c6d,Matched paid campaign,true,1,0,12,11,0,295,0,0,0,0,0,0.0005085625,0.37253422039999995,0.0,0.37253422039999995,0.3720256579,732.52396785055907,4.2380208333333336e-05,0.031044518366666662,0.0,,0.0,,
2026-06-19,mock_app_id,googleadwords_int,989105150,mock_campaign_58ab9c06,Installs without cost,true,0,0,2,2,0,20,0,0,0,0,0,0.0,0.0459049865,0.0,0.0459049865,0.0459049865,,0.0,0.02295249325,,,0.0,,
2026-06-19,mock_app_id,googleadwords_int,998337322,mock_campaign_fe944d1c,Matched paid campaign,true,57237,2009,737,591,0,6675,11,0,0,0,0,37.489374705100005,30.799210237799986,0.0,30.799210237799986,-6.6901644673000185,0.82154505056629024,0.050867536913297158,0.041789973185617349,0.035099673288257596,0.36684917869586858,0.0,0.0,
2026-06-20,mock_app_id,other,,,Unattributed,false,0,0,1533,212,1,3695,2,1,0,1,0,0.0,13.428785002500005,90.23758931270001,103.66637431520002,103.66637431520002,,0.0,0.067623205685061985,,,0.00065231572080887146,0.5,90.23758931270001
2026-06-20,mock_app_id,googleadwords_int,,,Unattributed,false,0,0,759,26,0,159,0,0,0,0,0,0.0,0.84943779389999985,0.0,0.84943779389999985,0.84943779389999985,,0.0,0.0011191538786561263,,,0.0,,
2026-06-20,mock_app_id,unknown,,,Unattributed,false,0,0,4354,7,0,53,0,0,0,0,0,0.0,0.060325534500000007,0.0,0.060325534500000007,0.060325534500000007,,0.0,1.3855198553054664e-05,,,0.0,,
2026-06-20,mock_app_id,googleadwords_int,140410898,mock_campaign_a2e93e84,Matched paid campaign,true,10952,283,107,88,1,1392,5,1,0,0,1,75.567416606699936,34.256852548000012,0.0,34.256852548000012,-41.310564058699924,0.45332835349253875,0.70623753838037329,0.32015750044859825,0.025840029218407598,0.37809187279151946,0.0093457943925233638,0.2,0.0
2026-06-20,mock_app_id,googleadwords_int,148918961,mock_campaign_993fe179,Matched paid campaign,true,47520,1288,332,261,0,2748,2,0,0,0,0,30.988386092200013,3.9830190526000004,0.0,3.9830190526000004,-27.005367039600014,0.12853263931684888,0.09333851232590365,0.011997045339156628,0.027104377104377103,0.25776397515527949,0.0,0.0,
2026-06-20,mock_app_id,googleadwords_int,161332031,mock_campaign_12520749,Matched paid campaign,true,9654,438,135,57,0,311,0,0,0,0,0,0.99160980910000129,0.34612117779999996,0.0,0.34612117779999996,-0.64548863130000134,0.34904977202085596,0.0073452578451851944,0.0025638605762962961,0.045369794903666875,0.30821917808219179,0.0,,
2026-06-20,mock_app_id,googleadwords_int,161694703,mock_campaign_2c0c0430,Matched paid campaign,true,46230,2420,791,606,0,6329,33,0,0,0,0,25.937488180800027,16.040525865200003,0.0,16.040525865200003,-9.8969623156000246,0.61843019468145133,0.03279075623362835,0.020278793761314796,0.052346960847934242,0.32685950413223142,0.0,0.0,
2026-06-20,mock_app_id,googleadwords_int,180761354,mock_campaign_07fb7039,Matched paid campaign,true,212,10,2,2,0,60,0,0,0,0,0,0.05279611079999999,0.1590795364,0.0,0.1590795364,0.10628342560000001,3.0130919491895609,0.026398055399999995,0.0795397682,0.04716981132075472,0.2,0.0,,
2026-06-20,mock_app_id,googleadwords_int,232552584,mock_campaign_a5da28b5,Matched paid campaign,true,214,5,2,2,0,4,0,0,0,0,0,1.0260315462624705,0.52484043050000007,0.0,0.52484043050000007,-0.50119111576247044,0.51152465283532322,0.51301577313123525,0.26242021525000003,0.02336448598130841,0.4,0.0,,
2026-06-20,mock_app_id,googleadwords_int,243641668,mock_campaign_1e8723bd,Matched paid campaign,true,29915,997,365,291,0,2932,0,0,0,0,0,12.792933870746332,13.308541581500013,0.0,13.308541581500013,0.515607710753681,1.0403041019333903,0.0350491338924557,0.036461757757534283,0.03332776199231155,0.36609829488465395,0.0,,
2026-06-20,mock_app_id,googleadwords_int,258346999,mock_campaign_8ba2a925,Matched paid campaign,true,144,3,1,0,0,0,0,0,0,0,0,0.11678629249999997,0.0,0.0,0.0,-0.11678629249999997,0.0,0.11678629249999997,0.0,0.020833333333333332,0.33333333333333331,0.0,,
2026-06-20,mock_app_id,googleadwords_int,261307969,mock_campaign_b4ba1e63,Matched paid campaign,true,17844,347,125,106,0,1274,1,0,0,0,0,82.850311519499925,32.34244836700001,0.0,32.34244836700001,-50.507863152499915,0.39037207916095507,0.6628024921559994,0.25873958693600008,0.01944631248598969,0.36023054755043227,0.0,0.0,
2026-06-20,mock_app_id,googleadwords_int,262368493,mock_campaign_c13d8f45,Matched paid campaign,true,71815,3518,1638,1408,4,20901,40,4,0,0,0,162.76082746519978,51.897738218400015,114.79269971870002,166.69043793710003,3.9296104719002471,1.0241434658025466,0.099365584533089,0.10176461412521369,0.048986980435842091,0.46560545764639,0.002442002442002442,0.1,28.698174929675005
2026-06-20,mock_app_id,googleadwords_int,351751429,mock_campaign_b7e37028,Matched paid campaign,true,980,32,14,14,0,185,0,0,0,0,0,11.096478109504138,5.8349728339000011,0.0,5.8349728339000011,-5.2615052756041374,0.52584007072499372,0.79260557925029562,0.41678377385000009,0.0326530612244898,0.4375,0.0,,
2026-06-20,mock_app_id,googleadwords_int,369626124,mock_campaign_617ec63b,Matched paid campaign,true,295,16,5,2,0,18,0,0,0,0,0,0.28639229310000003,0.1264052753,0.0,0.1264052753,-0.15998701780000002,0.44137107857110836,0.057278458620000007,0.02528105506,0.054237288135593219,0.3125,0.0,,
2026-06-20,mock_app_id,googleadwords_int,369804654,mock_campaign_92e554bf,Matched paid campaign,true,1680,36,16,12,0,343,0,0,0,0,0,0.4478059620999999,1.6817467283999998,0.0,1.6817467283999998,1.2339407663,3.7555255417176596,0.027987872631249994,0.10510917052499999,0.021428571428571429,0.44444444444444442,0.0,,
2026-06-20,mock_app_id,googleadwords_int,432166127,mock_campaign_f8b84857,Matched paid campaign,true,3490,130,51,45,0,523,0,0,0,0,0,3.4188492433000013,5.4242470915,0.0,5.4242470915,2.0053978481999986,1.5865710083970574,0.067036259672549045,0.10635778610784313,0.037249283667621778,0.3923076923076923,0.0,,
2026-06-20,mock_app_id,googleadwords_int,464541057,mock_campaign_d8ff83e7,Matched paid campaign,true,2376,41,9,9,0,54,0,0,0,0,0,1.7403529518,1.4578753641,0.0,1.4578753641,-0.28247758770000009,0.83768948280988564,0.1933725502,0.16198615156666665,0.017255892255892257,0.21951219512195122,0.0,,
2026-06-20,mock_app_id,googleadwords_int,502057685,mock_campaign_befecb98,Matched paid campaign,true,7097,181,92,83,0,662,1,0,0,0,0,1.7158727872999993,2.7586941450000007,0.0,2.7586941450000007,1.0428213577000014,1.6077498083881419,0.018650791166304338,0.029985805923913051,0.025503733972100887,0.50828729281767959,0.0,0.0,
2026-06-20,mock_app_id,googleadwords_int,514288304,mock_campaign_c95b5395,Matched paid campaign,true,11277,456,178,135,0,2290,4,0,0,0,0,9.6863075836,4.7726638022,0.0,4.7726638022,-4.9136437813999994,0.492722718229664,0.054417458334831456,0.026812717989887644,0.040436286246342115,0.39035087719298245,0.0,0.0,
2026-06-20,mock_app_id,googleadwords_int,529859974,mock_campaign_d2ea5396,Matched paid campaign,true,11341,387,168,123,0,1890,1,0,0,0,0,2.2743305576000008,4.0194640576999987,0.0,4.0194640576999987,1.7451335000999979,1.7673174395289131,0.013537681890476196,0.023925381295833326,0.034123974958116567,0.43410852713178294,0.0,0.0,
2026-06-20,mock_app_id,googleadwords_int,542533692,mock_campaign_796ef0d2,Matched paid campaign,true,165935,6581,2212,994,0,7362,10,0,0,0,0,21.40280724530016,7.4946709011000081,0.0,7.4946709011000081,-13.908136344200152,0.35017233090980449,0.0096757718107143582,0.003388187568309226,0.03966010787356495,0.33611913083118067,0.0,0.0,
2026-06-20,mock_app_id,googleadwords_int,557162896,mock_campaign_b0c8a1e0,Installs without cost,true,0,0,3,0,0,0,0,0,0,0,0,0.0,0.0,0.0,0.0,0.0,,0.0,0.0,,,0.0,,
2026-06-20,mock_app_id,googleadwords_int,585166272,mock_campaign_60587c25,Matched paid campaign,true,383,4,3,3,0,80,0,0,0,0,0,0.40361256187182087,1.5397807646,0.0,1.5397807646,1.136168202728179,3.81499712858046,0.13453752062394028,0.5132602548666666,0.010443864229765013,0.75,0.0,,
2026-06-20,mock_app_id,googleadwords_int,590094865,mock_campaign_23f341fc,Matched paid campaign,true,3109,110,56,46,0,415,0,0,0,0,0,0.69295912549999983,0.70534696490000048,0.0,0.70534696490000048,0.012387839400000655,1.0178767245341669,0.012374270098214282,0.012595481516071438,0.035381151495657764,0.509090909090909,0.0,,
2026-06-20,mock_app_id,googleadwords_int,611748075,mock_campaign_628993e1,Matched paid campaign,true,409,6,3,1,0,1,0,0,0,0,0,0.4107736614,0.15987445,0.0,0.15987445,-0.2508992114,0.38920326453043613,0.1369245538,0.053291483333333334,0.014669926650366748,0.5,0.0,,
2026-06-20,mock_app_id,googleadwords_int,612287821,mock_campaign_6b5afb99,Installs without cost,true,0,0,1,1,0,2,0,0,0,0,0,0.0,0.000305736,0.0,0.000305736,0.000305736,,0.0,0.000305736,,,0.0,,
2026-06-20,mock_app_id,googleadwords_int,654635500,mock_campaign_67ff1f36,Matched paid campaign,true,335,27,15,11,0,114,0,0,0,0,0,0.3153177007,0.17000959840000002,0.0,0.17000959840000002,-0.14530810229999996,0.539169218926123,0.021021180046666664,0.011333973226666667,0.080597014925373134,0.55555555555555558,0.0,,
2026-06-20,mock_app_id,googleadwords_int,660741874,mock_campaign_7e7497dd,Matched paid campaign,true,1004,28,9,8,0,60,0,0,0,0,0,0.53096040619999985,0.2545940106,0.0,0.2545940106,-0.27636639559999987,0.47949716707143814,0.058995600688888872,0.028288223399999996,0.027888446215139442,0.32142857142857145,0.0,,
2026-06-20,mock_app_id,googleadwords_int,739276167,mock_campaign_1fbdf2e3,Matched paid campaign,true,5152,135,59,55,0,613,4,0,0,0,0,45.202966315425911,34.7299611734,0.0,34.7299611734,-10.473005142025912,0.76831155130516493,0.76615197144789682,0.588643409718644,0.026203416149068324,0.43703703703703706,0.0,0.0,
2026-06-20,mock_app_id,googleadwords_int,788967442,mock_campaign_475f8981,Cost without installs,true,181,4,0,0,0,0,0,0,0,0,0,0.21817819470000002,0.0,0.0,0.0,-0.21817819470000002,0.0,,,0.022099447513812154,0.0,,,
2026-06-20,mock_app_id,googleadwords_int,792104306,mock_campaign_6fcee95d,Matched paid campaign,true,23032,1056,428,311,1,3581,5,1,0,0,0,21.892155033500021,7.662521239,27.4175280368,35.0800492758,13.187894242299979,1.6024027429971821,0.05114989493808416,0.081962731952803736,0.045849253212921152,0.40530303030303028,0.0023364485981308409,0.2,27.4175280368
2026-06-20,mock_app_id,googleadwords_int,834117318,mock_campaign_ae804aae,Matched paid campaign,true,4355,189,102,75,0,684,3,0,0,0,0,2.617827503,1.1268702837,0.0,1.1268702837,-1.4909572193,0.4304600980808016,0.025664975519607842,0.011047747879411764,0.043398392652123995,0.53968253968253965,0.0,0.0,
2026-06-20,mock_app_id,googleadwords_int,848321939,mock_campaign_c41abc99,Other,true,8,0,0,0,0,0,0,0,0,0,0,0.0,0.0,0.0,0.0,0.0,,,,0.0,,,,
2026-06-20,mock_app_id,googleadwords_int,900383572,mock_campaign_45368c6d,Matched paid campaign,true,11108,363,187,156,0,3183,0,0,0,0,0,2.933436508299998,6.4277669121,0.0,6.4277669121,3.494330403800002,2.1912071026296243,0.015686826247593572,0.03437308509144385,0.032679150162045374,0.51515151515151514,0.0,,
2026-06-20,mock_app_id,googleadwords_int,989105150,mock_campaign_58ab9c06,Matched paid campaign,true,143,12,3,1,0,2,0,0,0,0,0,0.080845163500000011,0.044991600200000009,0.0,0.044991600200000009,-0.0358535633,0.55651566837390343,0.026948387833333337,0.014997200066666669,0.083916083916083919,0.25,0.0,,
2026-06-20,mock_app_id,googleadwords_int,998337322,mock_campaign_fe944d1c,Matched paid campaign,true,29172,1063,452,372,0,3790,11,0,0,0,0,22.266859815000004,19.080988855600008,0.0,19.080988855600008,-3.1858709593999954,0.85692320399601907,0.049262964192477887,0.04221457711415931,0.036439051144933496,0.42521166509877706,0.0,0.0,
2026-06-21,mock_app_id,unknown,,,Unattributed,false,0,0,4576,9,0,131,0,0,0,0,0,0.0,0.16204899730000003,0.0,0.16204899730000003,0.16204899730000003,,0.0,3.5412805354020986e-05,,,0.0,,
2026-06-21,mock_app_id,googleadwords_int,,,Unattributed,false,0,0,1790,31,0,517,1,0,0,0,0,0.0,3.7025992672999997,0.0,3.7025992672999997,3.7025992672999997,,0.0,0.0020684912107821227,,,0.0,0.0,
2026-06-21,mock_app_id,other,,,Unattributed,false,0,0,1446,209,0,3233,2,0,0,0,0,0.0,18.660340706100005,0.0,18.660340706100005,18.660340706100005,,0.0,0.012904799935062244,,,0.0,0.0,
2026-06-21,mock_app_id,googleadwords_int,140410898,mock_campaign_a2e93e84,Matched paid campaign,true,11496,301,131,113,1,2969,7,1,0,1,0,76.086800503000063,55.606914631400009,76.408522,132.0154366314,55.928636128399944,1.7350635821017959,0.58081527101526764,1.0077514246671757,0.0261830201809325,0.43521594684385384,0.0076335877862595417,0.14285714285714285,76.408522
2026-06-21,mock_app_id,googleadwords_int,148918961,mock_campaign_993fe179,Matched paid campaign,true,36458,1079,332,269,1,3109,3,1,0,0,0,27.135894149,4.3142266831000011,18.7310408822,23.0452675653,-4.0906265836999971,0.84925403374442543,0.081734620930722882,0.069413456521987951,0.02959569916067804,0.30769230769230771,0.0030120481927710845,0.33333333333333331,18.7310408822
2026-06-21,mock_app_id,googleadwords_int,161332031,mock_campaign_12520749,Matched paid campaign,true,37468,1292,440,191,0,1199,1,0,0,0,0,2.5811239370999988,0.83201975920000071,0.0,0.83201975920000071,-1.7491041778999981,0.32234785290272033,0.0058661907661363612,0.0018909539981818199,0.034482758620689655,0.34055727554179566,0.0,0.0,
2026-06-21,mock_app_id,googleadwords_int,161694703,mock_campaign_2c0c0430,Matched paid campaign,true,46496,2494,789,605,0,6583,34,0,0,0,0,27.961059995700055,15.408963188300007,0.0,15.408963188300007,-12.552096807400048,0.55108651784551976,0.0354386058247149,0.019529737881242088,0.05363902271163111,0.31635926222935046,0.0,0.0,
2026-06-21,mock_app_id,googleadwords_int,180761354,mock_campaign_07fb7039,Matched paid campaign,true,251,9,4,4,0,82,0,0,0,0,0,0.058439120300000008,0.10212474129999997,0.0,0.10212474129999997,0.043685620999999966,1.7475407017719937,0.014609780075000002,0.025531185324999994,0.035856573705179286,0.44444444444444442,0.0,,
2026-06-21,mock_app_id,googleadwords_int,232552584,mock_campaign_a5da28b5,Matched paid campaign,true,307,11,3,2,0,2,0,0,0,0,0,4.0954920003597346,1.1413659918,0.0,1.1413659918,-2.9541260085597347,0.27868837045701622,1.3651640001199115,0.38045533060000003,0.035830618892508145,0.27272727272727271,0.0,,
2026-06-21,mock_app_id,googleadwords_int,243641668,mock_campaign_1e8723bd,Matched paid campaign,true,32239,1056,429,333,0,3298,5,0,0,0,0,14.35176388165681,15.6181834287,0.0,15.6181834287,1.2664195470431903,1.0882413867372651,0.033453995062137087,0.036406021978321677,0.032755358416824344,0.40625,0.0,0.0,
2026-06-21,mock_app_id,googleadwords_int,258346999,mock_campaign_8ba2a925,Matched paid campaign,true,180,3,1,0,0,0,0,0,0,0,0,0.1100643168,0.0,0.0,0.0,-0.1100643168,0.0,0.1100643168,0.0,0.016666666666666666,0.33333333333333331,0.0,,
2026-06-21,mock_app_id,googleadwords_int,261307969,mock_campaign_b4ba1e63,Matched paid campaign,true,19046,350,136,117,2,1651,2,2,0,1,0,78.776309280099923,40.8801172497,139.0636017608,179.9437190105,101.16740973040007,2.2842364748351631,0.5792375682360289,1.3231155809595587,0.018376562007770662,0.38857142857142857,0.014705882352941176,1.0,69.5318008804
2026-06-21,mock_app_id,googleadwords_int,262368493,mock_campaign_c13d8f45,Matched paid campaign,true,70211,3396,1878,1595,4,21207,42,4,0,0,1,165.30720885339997,56.578871031700039,105.71212777739999,162.29099880910002,-3.0162100442999531,0.9817539110047232,0.088023007909158665,0.0864169322732162,0.048368489268063405,0.55300353356890464,0.0021299254526091589,0.095238095238095233,26.428031944349996
2026-06-21,mock_app_id,googleadwords_int,351751429,mock_campaign_b7e37028,Matched paid campaign,true,1487,42,20,18,0,30,1,0,0,0,0,14.74093008299516,5.8414136723,0.0,5.8414136723,-8.89951641069516,0.39627171687345136,0.737046504149758,0.292070683615,0.02824478816408877,0.47619047619047616,0.0,0.0,
2026-06-21,mock_app_id,googleadwords_int,369626124,mock_campaign_617ec63b,Matched paid campaign,true,241,7,2,2,0,2,0,0,0,0,0,0.1621907525,0.0088497833,0.0,0.0088497833,-0.1533409692,0.054564043655941481,0.08109537625,0.00442489165,0.029045643153526972,0.2857142857142857,0.0,,
2026-06-21,mock_app_id,googleadwords_int,369804654,mock_campaign_92e554bf,Matched paid campaign,true,1724,35,14,12,0,97,0,0,0,0,0,0.46925428039999995,0.7762216653,0.0,0.7762216653,0.30696738490000008,1.6541600103004626,0.033518162885714284,0.055444404664285719,0.020301624129930394,0.4,0.0,,
2026-06-21,mock_app_id,googleadwords_int,432166127,mock_campaign_f8b84857,Matched paid campaign,true,4200,125,63,56,0,338,0,0,0,0,0,3.400911226799999,7.3291199527000019,0.0,7.3291199527000019,3.9282087259000029,2.155045946199587,0.053982717885714272,0.11633523734444448,0.02976190476190476,0.504,0.0,,
2026-06-21,mock_app_id,googleadwords_int,464541057,mock_campaign_d8ff83e7,Matched paid campaign,true,2624,51,16,13,0,78,0,0,0,0,0,2.8213208537999996,2.0900100220999995,0.0,2.0900100220999995,-0.73131083170000011,0.74079132803523318,0.17633255336249998,0.13062562638124997,0.019435975609756097,0.31372549019607843,0.0,,
2026-06-21,mock_app_id,googleadwords_int,502057685,mock_campaign_befecb98,Matched paid campaign,true,14767,319,129,110,0,1306,0,0,0,0,0,3.7129928426000034,3.7649235509000003,0.0,3.7649235509000003,0.051930708299996908,1.0139862128750112,0.028782890252713203,0.029185453882945737,0.021602221168822374,0.40438871473354232,0.0,,
2026-06-21,mock_app_id,googleadwords_int,514288304,mock_campaign_c95b5395,Matched paid campaign,true,9830,349,152,102,0,1454,10,0,0,0,0,7.3642632854000061,3.5147792729999994,0.0,3.5147792729999994,-3.8494840124000067,0.47727506972329636,0.048449100561842144,0.023123547848684207,0.035503560528992881,0.4355300859598854,0.0,0.0,
2026-06-21,mock_app_id,googleadwords_int,529859974,mock_campaign_d2ea5396,Matched paid campaign,true,14244,478,168,142,0,2091,0,0,0,0,0,3.3794498893000009,4.1687867940000007,0.0,4.1687867940000007,0.78933690469999984,1.2335696431538148,0.020115773150595245,0.024814207107142862,0.033557989328840215,0.35146443514644349,0.0,,
2026-06-21,mock_app_id,googleadwords_int,542533692,mock_campaign_796ef0d2,Matched paid campaign,true,141872,5483,1828,769,0,4999,7,0,0,0,0,16.479057282200138,4.7222453879999975,0.0,4.7222453879999975,-11.756811894200141,0.28656040859210635,0.0090148015766959178,0.0025832852231947468,0.038647513251381528,0.33339412730257156,0.0,0.0,
2026-06-21,mock_app_id,googleadwords_int,557162896,mock_campaign_b0c8a1e0,Installs without cost,true,0,0,10,0,0,0,0,0,0,0,0,0.0,0.0,0.0,0.0,0.0,,0.0,0.0,,,0.0,,
2026-06-21,mock_app_id,googleadwords_int,571438578,mock_campaign_756e1c81,Installs without cost,true,0,0,1,0,0,0,0,0,0,0,0,0.0,0.0,0.0,0.0,0.0,,0.0,0.0,,,0.0,,
2026-06-21,mock_app_id,googleadwords_int,585166272,mock_campaign_60587c25,Matched paid campaign,true,402,11,5,5,0,10,0,0,0,0,0,0.71887553498376844,1.0980279138,0.0,1.0980279138,0.37915237881623154,1.5274242346066103,0.14377510699675369,0.21960558276,0.02736318407960199,0.45454545454545453,0.0,,
2026-06-21,mock_app_id,googleadwords_int,590094865,mock_campaign_23f341fc,Matched paid campaign,true,2805,90,32,24,0,197,0,0,0,0,0,0.47724155959999986,0.30867743510000006,0.0,0.30867743510000006,-0.1685641244999998,0.64679495926280628,0.014913798737499996,0.009646169846875002,0.032085561497326207,0.35555555555555557,0.0,,
2026-06-21,mock_app_id,googleadwords_int,611748075,mock_campaign_628993e1,Matched paid campaign,true,546,15,3,2,0,50,0,0,0,0,0,0.7010163828999999,0.50375101599999994,0.0,0.50375101599999994,-0.19726536689999996,0.71860091759347666,0.23367212763333331,0.16791700533333331,0.027472527472527472,0.2,0.0,,
2026-06-21,mock_app_id,googleadwords_int,612287821,mock_campaign_6b5afb99,Installs without cost,true,0,0,1,0,0,0,0,0,0,0,0,0.0,0.0,0.0,0.0,0.0,,0.0,0.0,,,0.0,,
2026-06-21,mock_app_id,googleadwords_int,654635500,mock_campaign_67ff1f36,Matched paid campaign,true,465,24,15,10,0,154,1,0,0,0,0,0.4443819125,0.23090329229999995,0.0,0.23090329229999995,-0.21347862020000002,0.51960551454712944,0.029625460833333332,0.015393552819999996,0.051612903225806452,0.625,0.0,0.0,
2026-06-21,mock_app_id,googleadwords_int,660741874,mock_campaign_7e7497dd,Matched paid campaign,true,829,19,6,6,0,105,0,0,0,0,0,0.32429362540000006,0.36833162429999994,0.0,0.36833162429999994,0.044037998899999875,1.1357966837790325,0.054048937566666677,0.06138860404999999,0.022919179734620022,0.31578947368421051,0.0,,
2026-06-21,mock_app_id,googleadwords_int,739276167,mock_campaign_1fbdf2e3,Matched paid campaign,true,5106,124,50,44,0,373,2,0,0,0,0,45.1860482458517,24.579676293600006,0.0,24.579676293600006,-20.606371952251695,0.54396605252720986,0.903720964917034,0.49159352587200011,0.024285154719937328,0.40322580645161288,0.0,0.0,
2026-06-21,mock_app_id,googleadwords_int,788967442,mock_campaign_475f8981,Matched paid campaign,true,280,15,4,4,0,81,0,0,0,0,0,0.33918352169999993,0.19902394480000002,0.0,0.19902394480000002,-0.14015957689999992,0.58677362568347924,0.084795880424999984,0.049755986200000005,0.053571428571428568,0.26666666666666666,0.0,,
2026-06-21,mock_app_id,googleadwords_int,792104306,mock_campaign_6fcee95d,Matched paid campaign,true,20026,931,377,257,0,3630,3,0,0,0,0,20.196875365800015,8.0185813846,0.0,8.0185813846,-12.178293981200015,0.39702088760611493,0.053572613702387306,0.021269446643501323,0.046489563567362426,0.40494092373791624,0.0,0.0,
2026-06-21,mock_app_id,googleadwords_int,834117318,mock_campaign_ae804aae,Matched paid campaign,true,4366,224,108,80,0,863,2,0,0,0,0,2.9181511538,1.4836909476000002,0.0,1.4836909476000002,-1.4344602061999996,0.50843526239822989,0.027019918090740738,0.013737879144444446,0.051305542830966562,0.48214285714285715,0.0,0.0,
2026-06-21,mock_app_id,googleadwords_int,848321939,mock_campaign_c41abc99,Other,true,11,0,0,0,0,0,0,0,0,0,0,0.0,0.0,0.0,0.0,0.0,,,,0.0,,,,
2026-06-21,mock_app_id,googleadwords_int,900383572,mock_campaign_45368c6d,Matched paid campaign,true,18915,565,225,186,0,4944,0,0,0,0,0,4.6783551307999991,7.6908858964000038,0.0,7.6908858964000038,3.0125307656000047,1.6439294755045373,0.020792689470222218,0.034181715095111129,0.029870473169442243,0.39823008849557523,0.0,,
2026-06-21,mock_app_id,googleadwords_int,989105150,mock_campaign_58ab9c06,Cost without installs,true,56,1,0,0,0,0,0,0,0,0,0,0.010870218299999998,0.0,0.0,0.0,-0.010870218299999998,0.0,,,0.017857142857142856,0.0,,,
2026-06-21,mock_app_id,googleadwords_int,998337322,mock_campaign_fe944d1c,Matched paid campaign,true,29022,1138,489,398,1,4317,7,1,0,0,0,21.225047970700004,19.039331051700017,41.503050528,60.54238157970002,39.317333609000016,2.8524025794087913,0.043405006075051135,0.12380855128773011,0.03921163255461374,0.429701230228471,0.0020449897750511249,0.14285714285714285,41.503050528
2026-06-22,mock_app_id,googleadwords_int,,,Unattributed,false,0,0,951,34,0,481,0,0,0,0,0,0.0,1.9876203096000002,0.0,1.9876203096000002,1.9876203096000002,,0.0,0.0020900318712933756,,,0.0,,
2026-06-22,mock_app_id,other,,,Unattributed,false,0,0,1211,187,0,3014,0,0,0,0,0,0.0,16.049939986199995,0.0,16.049939986199995,16.049939986199995,,0.0,0.013253459939058625,,,0.0,,
2026-06-22,mock_app_id,unknown,,,Unattributed,false,0,0,4836,10,0,141,0,0,0,0,0,0.0,0.13815190719999992,0.0,0.13815190719999992,0.13815190719999992,,0.0,2.8567391894127361e-05,,,0.0,,
2026-06-22,mock_app_id,googleadwords_int,140410898,mock_campaign_a2e93e84,Matched paid campaign,true,9341,268,123,113,1,2821,13,1,0,0,0,62.506804972600023,52.794553627199996,38.204261,90.9988146272,28.492009654599983,1.455822524716941,0.508185406281301,0.739827761196748,0.028690718338507653,0.458955223880597,0.008130081300813009,0.076923076923076927,38.204261
2026-06-22,mock_app_id,googleadwords_int,148918961,mock_campaign_993fe179,Matched paid campaign,true,19081,648,200,165,2,2187,5,2,0,1,0,17.795724781000011,3.1006101789000011,108.1965780043,111.29718818319999,93.501463402199988,6.254153149301839,0.088978623905000054,0.556485940916,0.03396048425134951,0.30864197530864196,0.01,0.4,54.09828900215
2026-06-22,mock_app_id,googleadwords_int,161332031,mock_campaign_12520749,Matched paid campaign,true,96655,3317,1132,466,1,3485,3,1,0,0,0,7.5566935710000136,2.736863320699999,22.733167160900003,25.470030481600002,17.913336910599988,3.3705257785422456,0.0066755243560070792,0.022500026927208483,0.034317934923180381,0.34127223394633704,0.00088339222614840988,0.33333333333333331,22.733167160900003
2026-06-22,mock_app_id,googleadwords_int,161694703,mock_campaign_2c0c0430,Matched paid campaign,true,38221,2041,666,506,1,7610,31,1,0,0,1,22.867380179400016,12.538023166499997,0.0,12.538023166499997,-10.329357012900019,0.54829294252932492,0.0343354056747748,0.018825860610360356,0.053399963370921746,0.32631063204311611,0.0015015015015015015,0.032258064516129031,0.0
2026-06-22,mock_app_id,googleadwords_int,180761354,mock_campaign_07fb7039,Matched paid campaign,true,197,8,3,3,0,16,0,0,0,0,0,0.035341432099999993,0.0207683917,0.0,0.0207683917,-0.014573040399999994,0.58764997528212792,0.011780477366666665,0.0069227972333333332,0.04060913705583756,0.375,0.0,,
2026-06-22,mock_app_id,googleadwords_int,199581943,mock_campaign_f81bdda1,Installs without cost,true,0,0,1,1,0,1,0,0,0,0,0,0.0,0.0006675236,0.0,0.0006675236,0.0006675236,,0.0,0.0006675236,,,0.0,,
2026-06-22,mock_app_id,googleadwords_int,232552584,mock_campaign_a5da28b5,Matched paid campaign,true,370,11,8,6,0,66,0,0,0,0,0,6.5941619686682404,5.4931192211,0.0,5.4931192211,-1.1010427475682407,0.83302764584798217,0.82427024608353006,0.6866399026375,0.029729729729729731,0.72727272727272729,0.0,,
2026-06-22,mock_app_id,googleadwords_int,243641668,mock_campaign_1e8723bd,Matched paid campaign,true,28267,929,392,307,1,3202,3,1,0,3,0,13.001080424430643,14.169871231899993,24.7575917154,38.927462947299993,25.92638252286935,2.9941713824145308,0.033166021490894496,0.099304752416581613,0.032865178476668908,0.42195909580193758,0.0025510204081632651,0.33333333333333331,24.7575917154
2026-06-22,mock_app_id,googleadwords_int,258346999,mock_campaign_8ba2a925,Matched paid campaign,true,82,2,1,1,0,3,0,0,0,0,0,0.1150555526,0.0507802018,0.0,0.0507802018,-0.064275350799999992,0.44135376913569319,0.1150555526,0.0507802018,0.024390243902439025,0.5,0.0,,
2026-06-22,mock_app_id,googleadwords_int,261307969,mock_campaign_b4ba1e63,Matched paid campaign,true,15598,342,133,113,2,2072,9,2,0,1,0,95.590106468300007,37.643715700300007,118.4508322326,156.0945479329,60.504441464600006,1.6329571511112895,0.71872260502481211,1.1736432175406015,0.021925887934350557,0.3888888888888889,0.015037593984962405,0.22222222222222221,59.2254161163
2026-06-22,mock_app_id,googleadwords_int,262368493,mock_campaign_c13d8f45,Matched paid campaign,true,56376,3248,1784,1513,4,24748,46,3,1,1,0,178.43696383129998,59.893258191299942,124.87209843300002,184.76535662429995,6.3283927929999777,1.0354657054072218,0.10002071963637892,0.10356802501362106,0.057613168724279837,0.54926108374384242,0.002242152466367713,0.065217391304347824,31.218024608250005
2026-06-22,mock_app_id,googleadwords_int,351751429,mock_campaign_b7e37028,Matched paid campaign,true,1767,63,28,26,0,202,0,0,0,0,0,19.6195633175828,23.961985113800004,0.0,23.961985113800004,4.3424217962172058,1.2213312154774405,0.70069868991367135,0.85578518263571446,0.035653650254668934,0.44444444444444442,0.0,,
2026-06-22,mock_app_id,googleadwords_int,369626124,mock_campaign_617ec63b,Matched paid campaign,true,235,6,2,2,0,41,0,0,0,0,0,0.145131532,0.0795066468,0.0,0.0795066468,-0.06562488520000001,0.54782476078320452,0.072565766,0.0397533234,0.02553191489361702,0.33333333333333331,0.0,,
2026-06-22,mock_app_id,googleadwords_int,369804654,mock_campaign_92e554bf,Matched paid campaign,true,1299,27,12,8,0,83,0,0,0,0,0,0.3613039562,0.3855343699,0.0,0.3855343699,0.024230413700000009,1.0670637929206268,0.030108663016666665,0.032127864158333332,0.020785219399538105,0.44444444444444442,0.0,,
2026-06-22,mock_app_id,googleadwords_int,432166127,mock_campaign_f8b84857,Matched paid campaign,true,2694,100,51,45,0,325,0,0,0,0,0,2.866498291500001,8.3135784076000014,0.0,8.3135784076000014,5.4470801161,2.9002558390675386,0.0562058488529412,0.16301134132549022,0.03711952487008166,0.51,0.0,,
2026-06-22,mock_app_id,googleadwords_int,464541057,mock_campaign_d8ff83e7,Matched paid campaign,true,1904,60,11,8,0,27,0,0,0,0,0,2.9510921709,1.3557773747,0.0,1.3557773747,-1.5953147962,0.45941546254264437,0.26828110644545455,0.1232524886090909,0.031512605042016806,0.18333333333333332,0.0,,
2026-06-22,mock_app_id,googleadwords_int,502057685,mock_campaign_befecb98,Matched paid campaign,true,10099,244,112,90,0,1102,2,0,0,0,0,2.8226968205000005,2.5292163467999997,0.0,2.5292163467999997,-0.29348047370000074,0.89602834014316324,0.025202650183035719,0.022582288810714283,0.024160808000792157,0.45901639344262296,0.0,0.0,
2026-06-22,mock_app_id,googleadwords_int,510225620,mock_campaign_10287894,Matched paid campaign,true,17517,699,279,134,0,922,4,0,0,0,0,1.7851023833000013,0.6652318539,0.0,0.6652318539,-1.1198705294000013,0.37265753500940918,0.0063982164275985711,0.0023843435623655913,0.039904093166638122,0.39914163090128757,0.0,0.0,
2026-06-22,mock_app_id,googleadwords_int,514288304,mock_campaign_c95b5395,Matched paid campaign,true,2640,82,50,20,0,361,1,0,0,0,0,1.7236249071999992,1.0315010341,0.0,1.0315010341,-0.69212387309999923,0.59844867046836581,0.034472498143999983,0.020630020681999997,0.031060606060606059,0.6097560975609756,0.0,0.0,
2026-06-22,mock_app_id,googleadwords_int,529859974,mock_campaign_d2ea5396,Matched paid campaign,true,11924,359,130,104,0,1453,0,0,0,0,0,3.0094190006,3.2141312296000004,0.0,3.2141312296000004,0.20471222900000052,1.0680238374779936,0.023149376927692308,0.024724086381538463,0.030107346528010736,0.362116991643454,0.0,,
2026-06-22,mock_app_id,googleadwords_int,542533692,mock_campaign_796ef0d2,Matched paid campaign,true,33390,1210,393,180,0,1207,0,0,0,0,0,3.6101191926999991,1.0455203035999998,0.0,1.0455203035999998,-2.5645988890999991,0.28960825052927347,0.0091860539254452912,0.0026603570066157755,0.036238394728960767,0.32479338842975208,0.0,,
2026-06-22,mock_app_id,googleadwords_int,557162896,mock_campaign_b0c8a1e0,Installs without cost,true,0,0,7,0,0,0,0,0,0,0,0,0.0,0.0,0.0,0.0,0.0,,0.0,0.0,,,0.0,,
2026-06-22,mock_app_id,googleadwords_int,585166272,mock_campaign_60587c25,Matched paid campaign,true,329,11,4,4,0,64,0,0,0,0,0,0.82881771244534963,0.96398433409999984,0.0,0.96398433409999984,0.13516662165465021,1.1630836547349521,0.20720442811133741,0.24099608352499996,0.033434650455927049,0.36363636363636365,0.0,,
2026-06-22,mock_app_id,googleadwords_int,590094865,mock_campaign_23f341fc,Matched paid campaign,true,2367,97,48,35,0,237,0,0,0,0,0,0.53830730350000022,0.3804897259,0.0,0.3804897259,-0.1578175776000002,0.7068262374040033,0.011214735489583337,0.0079268692895833343,0.0409801436417406,0.49484536082474229,0.0,,
2026-06-22,mock_app_id,googleadwords_int,611748075,mock_campaign_628993e1,Matched paid campaign,true,372,9,6,3,0,134,0,0,0,0,0,0.3507868837,0.65819228250000006,0.0,0.65819228250000006,0.30740539880000006,1.8763309379118616,0.058464480616666668,0.10969871375000001,0.024193548387096774,0.66666666666666663,0.0,,
2026-06-22,mock_app_id,googleadwords_int,611892113,mock_campaign_9bfd19ea,Cost without installs,true,2,0,0,0,0,0,0,0,0,0,0,0.000683508,0.0,0.0,0.0,-0.000683508,0.0,,,0.0,,,,
2026-06-22,mock_app_id,googleadwords_int,654635500,mock_campaign_67ff1f36,Matched paid campaign,true,310,23,12,11,0,87,0,0,0,0,0,0.33180244900000005,0.13373020030000002,0.0,0.13373020030000002,-0.19807224870000004,0.40304163125691694,0.027650204083333338,0.011144183358333335,0.074193548387096769,0.52173913043478259,0.0,,
2026-06-22,mock_app_id,googleadwords_int,660741874,mock_campaign_7e7497dd,Matched paid campaign,true,695,8,6,3,0,15,0,0,0,0,0,0.26756734359999995,0.028720075499999997,0.0,0.028720075499999997,-0.23884726809999995,0.10733774575620522,0.044594557266666661,0.0047866792499999993,0.011510791366906475,0.75,0.0,,
2026-06-22,mock_app_id,googleadwords_int,739276167,mock_campaign_1fbdf2e3,Matched paid campaign,true,5780,140,68,58,0,972,8,0,0,0,0,44.60718871118479,44.9673935522,0.0,44.9673935522,0.36020484101521077,1.0080750401767617,0.65598806928212927,0.66128519929705887,0.024221453287197232,0.48571428571428571,0.0,0.0,
2026-06-22,mock_app_id,googleadwords_int,788967442,mock_campaign_475f8981,Matched paid campaign,true,181,4,2,2,0,13,0,0,0,0,0,0.2978402384,0.23559506600000005,0.0,0.23559506600000005,-0.062245172399999965,0.79101154117260486,0.1489201192,0.11779753300000002,0.022099447513812154,0.5,0.0,,
2026-06-22,mock_app_id,googleadwords_int,792104306,mock_campaign_6fcee95d,Matched paid campaign,true,10252,479,199,147,0,1845,1,0,0,0,0,10.167388993500007,3.5629798272999986,0.0,3.5629798272999986,-6.604409166200008,0.35043213450157218,0.051092407002512594,0.017904421242713561,0.046722590714007022,0.41544885177453028,0.0,0.0,
2026-06-22,mock_app_id,googleadwords_int,834117318,mock_campaign_ae804aae,Matched paid campaign,true,4055,180,72,57,0,491,2,0,0,0,0,2.3060917096999969,0.80320414120000017,0.0,0.80320414120000017,-1.5028875684999967,0.34829670382210876,0.032029051523611067,0.011155613072222225,0.044389642416769418,0.4,0.0,0.0,
2026-06-22,mock_app_id,googleadwords_int,848321939,mock_campaign_c41abc99,Other,true,3,0,0,0,0,0,0,0,0,0,0,0.0,0.0,0.0,0.0,0.0,,,,0.0,,,,
2026-06-22,mock_app_id,googleadwords_int,900383572,mock_campaign_45368c6d,Matched paid campaign,true,17591,486,167,140,1,3160,1,1,0,0,0,4.3740207527000043,6.194257220399999,7.6240227071,13.818279927499999,9.4442591747999955,3.1591710942318287,0.026191741034131761,0.082744191182634722,0.027627764197601046,0.34362139917695472,0.0059880239520958087,1.0,7.6240227071
2026-06-22,mock_app_id,googleadwords_int,989105150,mock_campaign_58ab9c06,Other,true,11,0,0,0,0,0,0,0,0,0,0,0.0,0.0,0.0,0.0,0.0,,,,0.0,,,,
2026-06-22,mock_app_id,googleadwords_int,998337322,mock_campaign_fe944d1c,Matched paid campaign,true,21984,858,354,279,0,3405,2,0,0,0,0,17.179718078200008,15.284284047500007,0.0,15.284284047500007,-1.8954340307000006,0.88967024825016261,0.048530277057062171,0.043175943637005672,0.039028384279475983,0.41258741258741261,0.0,0.0,
2026-06-23,mock_app_id,other,,,Unattributed,false,0,0,1290,203,0,2971,1,0,0,0,0,0.0,13.386496618099994,0.0,13.386496618099994,13.386496618099994,,0.0,0.010377129161317824,,,0.0,0.0,
2026-06-23,mock_app_id,unknown,,,Unattributed,false,0,0,4874,6,0,39,0,0,0,0,0,0.0,0.039867974400000006,0.0,0.039867974400000006,0.039867974400000006,,0.0,8.17972392285597e-06,,,0.0,,
2026-06-23,mock_app_id,googleadwords_int,,,Unattributed,false,0,0,1831,32,0,325,4,0,0,0,0,0.0,2.6586382172999996,0.0,2.6586382172999996,2.6586382172999996,,0.0,0.0014520143185690877,,,0.0,0.0,
2026-06-23,mock_app_id,googleadwords_int,140410898,mock_campaign_a2e93e84,Matched paid campaign,true,7704,201,85,75,1,779,6,1,0,0,0,37.304287248300007,32.4230365549,21.643561,54.0665975549,16.762310306599993,1.4493400502475453,0.43887396762705888,0.63607761829294118,0.026090342679127725,0.4228855721393035,0.011764705882352941,0.16666666666666666,21.643561
2026-06-23,mock_app_id,googleadwords_int,148918961,mock_campaign_993fe179,Matched paid campaign,true,16781,609,225,173,1,1981,5,1,0,0,0,15.713203655900006,2.8592647283000008,34.9083390209,37.7676037492,22.054400093299993,2.4035584707144677,0.069836460692888916,0.16785601666311112,0.036291043441987962,0.36945812807881773,0.0044444444444444444,0.2,34.9083390209
2026-06-23,mock_app_id,googleadwords_int,158774250,mock_campaign_09b16686,Other,true,1,0,0,0,0,0,0,0,0,0,0,0.0,0.0,0.0,0.0,0.0,,,,0.0,,,,
2026-06-23,mock_app_id,googleadwords_int,161332031,mock_campaign_12520749,Matched paid campaign,true,37490,1412,484,177,0,1271,1,0,0,0,0,3.4633016743000038,1.1216358285999999,0.0,1.1216358285999999,-2.3416658457000041,0.32386316124964853,0.0071555819716942227,0.002317429397933884,0.0376633769005068,0.34277620396600567,0.0,0.0,
2026-06-23,mock_app_id,googleadwords_int,161694703,mock_campaign_2c0c0430,Matched paid campaign,true,38090,2126,680,499,1,7084,34,1,0,0,0,22.716617029700018,12.4712720804,19.0947558929,31.566027973300002,8.8494109435999846,1.3895567254591712,0.033406789749558852,0.0464206293725,0.055815174586505645,0.31984948259642521,0.0014705882352941176,0.029411764705882353,19.0947558929
2026-06-23,mock_app_id,googleadwords_int,180761354,mock_campaign_07fb7039,Matched paid campaign,true,98,4,1,1,0,9,0,0,0,0,0,0.0323429476,0.018481741200000002,0.0,0.018481741200000002,-0.013861206399999996,0.57143032937418492,0.0323429476,0.018481741200000002,0.040816326530612242,0.25,0.0,,
2026-06-23,mock_app_id,googleadwords_int,199581943,mock_campaign_f81bdda1,Matched paid campaign,true,31286,1273,381,161,1,1112,2,1,0,0,0,2.9120077187999911,1.8252553850999989,22.9394497879,24.764705173,21.852697454200008,8.5043404978353845,0.0076430648787401342,0.06499922617585302,0.040689126126702037,0.2992930086410055,0.0026246719160104987,0.5,22.9394497879
2026-06-23,mock_app_id,googleadwords_int,232552584,mock_campaign_a5da28b5,Matched paid campaign,true,411,10,5,5,0,32,0,0,0,0,0,2.6350485759827764,3.3776923462000004,0.0,3.3776923462000004,0.74264377021722394,1.2818330474003672,0.52700971519655526,0.67553846924,0.024330900243309004,0.5,0.0,,
2026-06-23,mock_app_id,googleadwords_int,243641668,mock_campaign_1e8723bd,Matched paid campaign,true,28326,966,377,285,0,2797,1,0,0,0,0,14.253401089595661,13.054189611900002,0.0,13.054189611900002,-1.1992114776956591,0.91586488935815957,0.037807429945877082,0.034626497644297087,0.034102944291463676,0.39026915113871635,0.0,0.0,
2026-06-23,mock_app_id,googleadwords_int,258346999,mock_campaign_8ba2a925,Matched paid campaign,true,92,1,1,0,0,0,0,0,0,0,0,0.0305324651,0.0,0.0,0.0,-0.0305324651,0.0,0.0305324651,0.0,0.010869565217391304,1.0,0.0,,
2026-06-23,mock_app_id,googleadwords_int,261307969,mock_campaign_b4ba1e63,Matched paid campaign,true,14958,337,120,101,0,1107,5,0,0,0,0,86.434864258200037,31.624898714,0.0,31.624898714,-54.80996554420004,0.36588127933572545,0.72029053548500033,0.26354082261666667,0.02252974996657307,0.35608308605341249,0.0,0.0,
2026-06-23,mock_app_id,googleadwords_int,262368493,mock_campaign_c13d8f45,Matched paid campaign,true,55966,3146,1692,1380,4,19051,45,4,0,0,0,152.19471163879982,52.870409276599986,144.802735276,197.67314455259998,45.478432913800162,1.2988174321177011,0.089949593167139366,0.11682809961737588,0.056212700568202122,0.53782581055308332,0.0023640661938534278,0.088888888888888892,36.200683819
2026-06-23,mock_app_id,googleadwords_int,280939212,mock_campaign_45884f7b,Matched paid campaign,true,203,7,2,1,0,3,0,0,0,0,0,0.132893484,0.0026675465999999996,0.0,0.0026675465999999996,-0.13022593740000002,0.020072817114193495,0.066446742,0.0013337732999999998,0.034482758620689655,0.2857142857142857,0.0,,
2026-06-23,mock_app_id,googleadwords_int,351751429,mock_campaign_b7e37028,Matched paid campaign,true,2039,57,26,22,0,226,0,0,0,0,0,21.196672758507049,11.7852807521,0.0,11.7852807521,-9.4113920064070484,0.55599673054206633,0.81525664455796343,0.4532800289269231,0.027954879843060325,0.45614035087719296,0.0,,
2026-06-23,mock_app_id,googleadwords_int,369626124,mock_campaign_617ec63b,Matched paid campaign,true,391,19,8,7,0,96,0,0,0,0,0,0.3895523654000001,0.40643779500000005,0.0,0.40643779500000005,0.016885429599999946,1.0433457247337252,0.048694045675000013,0.050804724375000006,0.04859335038363171,0.42105263157894735,0.0,,
2026-06-23,mock_app_id,googleadwords_int,369804654,mock_campaign_92e554bf,Matched paid campaign,true,1097,27,6,5,0,44,0,0,0,0,0,0.28087215229999996,1.4288992347000002,0.0,1.4288992347000002,1.1480270824000003,5.0873652763332364,0.046812025383333324,0.23814987245000005,0.024612579762989972,0.22222222222222221,0.0,,
2026-06-23,mock_app_id,googleadwords_int,432166127,mock_campaign_f8b84857,Matched paid campaign,true,2414,70,33,31,0,375,0,0,0,0,0,2.1255829428000004,4.4462511312999995,0.0,4.4462511312999995,2.3206681884999991,2.0917796439611132,0.064411604327272734,0.13473488276666665,0.028997514498757249,0.47142857142857142,0.0,,
2026-06-23,mock_app_id,googleadwords_int,434877610,mock_campaign_0dfbbe6f,Matched paid campaign,true,751,20,14,14,0,126,0,0,0,0,0,0.1877035023,0.69232898080000016,0.0,0.69232898080000016,0.50462547850000017,3.688418022661478,0.013407393021428571,0.049452070057142868,0.026631158455392809,0.7,0.0,,
2026-06-23,mock_app_id,googleadwords_int,464541057,mock_campaign_d8ff83e7,Matched paid campaign,true,1574,20,5,4,1,17,1,1,0,0,0,0.79324032719999993,0.507802018,44.8950334844,45.4028355024,44.6095951752,57.23717509756986,0.15864806543999999,9.08056710048,0.012706480304955527,0.25,0.2,1.0,44.8950334844
2026-06-23,mock_app_id,googleadwords_int,502057685,mock_campaign_befecb98,Matched paid campaign,true,7431,190,70,54,1,387,1,1,0,0,0,1.9305130143999996,1.224498158,38.204261,39.428759158000005,37.498246143600007,20.423979980396247,0.027578757348571421,0.56326798797142863,0.025568564123267395,0.36842105263157893,0.014285714285714285,1.0,38.204261
2026-06-23,mock_app_id,googleadwords_int,510225620,mock_campaign_10287894,Matched paid campaign,true,104050,4461,1580,638,1,4752,8,1,0,1,0,12.939699882600046,4.4749431810000022,45.3414500831,49.8163932641,36.876693381499955,3.8498878425370493,0.0081896834700000282,0.031529362825379749,0.042873618452666989,0.354180676978256,0.0006329113924050633,0.125,45.3414500831
2026-06-23,mock_app_id,googleadwords_int,514288304,mock_campaign_c95b5395,Installs without cost,true,0,0,5,1,0,60,0,0,0,0,0,0.0,0.057517858900000031,0.0,0.057517858900000031,0.057517858900000031,,0.0,0.011503571780000006,,,0.0,,
2026-06-23,mock_app_id,googleadwords_int,516932962,mock_campaign_60e17b09,Other,true,1,0,0,0,0,0,0,0,0,0,0,0.0,0.0,0.0,0.0,0.0,,,,0.0,,,,
2026-06-23,mock_app_id,googleadwords_int,525989111,mock_campaign_c82cc8f4,Matched paid campaign,true,1080,44,16,11,0,80,0,0,0,0,0,0.3921252848000002,0.076521899100000013,0.0,0.076521899100000013,-0.31560338570000018,0.1951465566394916,0.024507830300000012,0.0047826186937500008,0.040740740740740744,0.36363636363636365,0.0,,
2026-06-23,mock_app_id,googleadwords_int,529859974,mock_campaign_d2ea5396,Matched paid campaign,true,10739,366,137,98,1,1225,2,1,0,0,0,2.7450771637999991,3.9021123896999987,41.827468271499995,45.729580661199996,42.9845034974,16.658759638616761,0.020037059589781015,0.33379255957080289,0.034081385603873735,0.37431693989071041,0.0072992700729927005,0.5,41.827468271499995
2026-06-23,mock_app_id,googleadwords_int,557162896,mock_campaign_b0c8a1e0,Installs without cost,true,0,0,4,0,0,0,0,0,0,0,0,0.0,0.0,0.0,0.0,0.0,,0.0,0.0,,,0.0,,
2026-06-23,mock_app_id,googleadwords_int,585166272,mock_campaign_60587c25,Matched paid campaign,true,314,9,3,2,0,22,0,0,0,0,0,0.47259867716895992,0.40638174339999994,0.0,0.40638174339999994,-0.066216933768959985,0.85988760238258855,0.15753289238965332,0.13546058113333331,0.028662420382165606,0.33333333333333331,0.0,,
2026-06-23,mock_app_id,googleadwords_int,590094865,mock_campaign_23f341fc,Matched paid campaign,true,2015,99,50,36,0,309,0,0,0,0,0,0.68271789729999988,0.47662713720000011,0.0,0.47662713720000011,-0.20609076009999977,0.69813189178862356,0.013654357945999998,0.009532542744000002,0.049131513647642677,0.50505050505050508,0.0,,
2026-06-23,mock_app_id,googleadwords_int,611748075,mock_campaign_628993e1,Matched paid campaign,true,342,7,5,3,1,15,2,1,0,0,0,0.50619544669999994,0.49688342110000006,38.204261,38.701144421100004,38.194948974400006,76.454943783871073,0.10123908933999999,7.74022888422,0.02046783625730994,0.7142857142857143,0.2,0.5,38.204261
2026-06-23,mock_app_id,googleadwords_int,611892113,mock_campaign_9bfd19ea,Matched paid campaign,true,1547,51,32,25,0,152,1,0,0,0,0,0.39732075930000021,0.6814536965,0.0,0.6814536965,0.28413293719999977,1.7151223049623312,0.012416273728125007,0.021295428015625,0.032967032967032968,0.62745098039215685,0.0,0.0,
2026-06-23,mock_app_id,googleadwords_int,654635500,mock_campaign_67ff1f36,Matched paid campaign,true,189,10,4,2,0,20,0,0,0,0,0,0.098664379799999979,0.0452285456,0.0,0.0452285456,-0.053435834199999976,0.45840804646703931,0.024666094949999995,0.0113071364,0.052910052910052907,0.4,0.0,,
2026-06-23,mock_app_id,googleadwords_int,660741874,mock_campaign_7e7497dd,Matched paid campaign,true,530,13,6,6,0,99,0,0,0,0,0,0.4171660886,1.1916162512000001,0.0,1.1916162512000001,0.77445016260000021,2.856455219548256,0.069527681433333335,0.19860270853333337,0.024528301886792454,0.46153846153846156,0.0,,
2026-06-23,mock_app_id,googleadwords_int,739276167,mock_campaign_1fbdf2e3,Matched paid campaign,true,7161,177,74,62,0,1219,3,0,0,0,0,44.897583720898183,36.358516207299992,0.0,36.358516207299992,-8.53906751359819,0.80981008762786566,0.606724104336462,0.49133130009864856,0.024717218265605363,0.41807909604519772,0.0,0.0,
2026-06-23,mock_app_id,googleadwords_int,788967442,mock_campaign_475f8981,Cost without installs,true,140,0,0,0,0,0,0,0,0,0,0,0.002595703,0.0,0.0,0.0,-0.002595703,0.0,,,0.0,,,,
2026-06-23,mock_app_id,googleadwords_int,792104306,mock_campaign_6fcee95d,Matched paid campaign,true,11772,623,297,215,0,2774,4,0,0,0,0,12.351226346699983,6.7422138403000025,0.0,6.7422138403000025,-5.6090125063999805,0.54587404125270489,0.041586620695959538,0.022701056701346811,0.052922188243289162,0.4767255216693419,0.0,0.0,
2026-06-23,mock_app_id,googleadwords_int,810543724,mock_campaign_c492b014,Matched paid campaign,true,298,5,2,2,0,2,0,0,0,0,0,0.4698580458,0.9002944297,0.0,0.9002944297,0.43043638389999994,1.9160987829145735,0.2349290229,0.45014721485,0.016778523489932886,0.4,0.0,,
2026-06-23,mock_app_id,googleadwords_int,834117318,mock_campaign_ae804aae,Matched paid campaign,true,3237,154,71,53,0,425,1,0,0,0,0,2.152544892299999,0.9333088221000001,0.0,0.9333088221000001,-1.2192360701999989,0.43358390593320334,0.030317533694366183,0.01314519467746479,0.047574915044794566,0.461038961038961,0.0,0.0,
2026-06-23,mock_app_id,googleadwords_int,848321939,mock_campaign_c41abc99,Matched paid campaign,true,31,3,2,2,0,8,0,0,0,0,0,0.0208819831,0.011672745699999999,0.0,0.011672745699999999,-0.0092092374000000022,0.55898645469165231,0.01044099155,0.0058363728499999995,0.0967741935483871,0.66666666666666663,0.0,,
2026-06-23,mock_app_id,googleadwords_int,900383572,mock_campaign_45368c6d,Matched paid campaign,true,12599,373,144,116,0,2688,0,0,0,0,0,3.2478941280999996,5.6108186637999991,0.0,5.6108186637999991,2.3629245356999995,1.7275251108884813,0.022554820334027774,0.038964018498611107,0.029605524247956188,0.38605898123324395,0.0,,
2026-06-23,mock_app_id,googleadwords_int,972671114,mock_campaign_9911559c,Cost without installs,true,84,3,0,0,0,0,0,0,0,0,0,0.0609501985,0.0,0.0,0.0,-0.0609501985,0.0,,,0.035714285714285712,0.0,,,
2026-06-23,mock_app_id,googleadwords_int,974591165,mock_campaign_674dbd59,Matched paid campaign,true,552,25,10,10,0,66,0,0,0,0,0,0.1182371196,0.12155553799999999,0.0,0.12155553799999999,0.003318418399999995,1.0280657919545597,0.01182371196,0.0121555538,0.045289855072463768,0.4,0.0,,
2026-06-23,mock_app_id,googleadwords_int,989105150,mock_campaign_58ab9c06,Other,true,10,0,0,0,0,0,0,0,0,0,0,0.0,0.0,0.0,0.0,0.0,,,,0.0,,,,
2026-06-23,mock_app_id,googleadwords_int,998337322,mock_campaign_fe944d1c,Matched paid campaign,true,22017,864,364,292,1,3029,5,1,0,0,0,15.174694554800013,17.117237610300002,25.256583441,42.3738210513,27.199126496499986,2.7924002620465558,0.041688721304395639,0.11641159629478022,0.039242403597220331,0.42129629629629628,0.0027472527472527475,0.2,25.256583441
2026-06-24,mock_app_id,unknown,,,Unattributed,false,0,0,4772,10,0,137,0,0,0,0,0,0.0,0.18790152389999998,0.0,0.18790152389999998,0.18790152389999998,,0.0,3.9375843231349534e-05,,,0.0,,
2026-06-24,mock_app_id,other,,,Unattributed,false,0,0,1283,200,0,3089,5,0,0,0,0,0.0,21.7713853999,0.0,21.7713853999,21.7713853999,,0.0,0.016969123460561186,,,0.0,0.0,
2026-06-24,mock_app_id,googleadwords_int,,,Unattributed,false,0,0,1287,30,1,201,4,1,0,0,0,0.0,0.84380970370000008,34.9534898586,35.797299562300005,35.797299562300005,,0.0,0.027814529574436676,,,0.000777000777000777,0.25,34.9534898586
2026-06-24,mock_app_id,googleadwords_int,140410898,mock_campaign_a2e93e84,Matched paid campaign,true,7092,170,91,76,0,2183,7,0,0,0,0,29.6596758334,36.795083011200013,0.0,36.795083011200013,7.1354071778000119,1.2405760338676652,0.32593050366373627,0.40434157155164852,0.023970671178793007,0.53529411764705881,0.0,0.0,
2026-06-24,mock_app_id,googleadwords_int,148918961,mock_campaign_993fe179,Matched paid campaign,true,19942,672,221,182,2,2269,6,2,0,0,1,17.716177469000009,3.3025640936999991,18.6617025052,21.9642665989,4.2480891298999914,1.2397858757812372,0.080163698954751172,0.099385821714479641,0.033697723397853777,0.32886904761904762,0.00904977375565611,0.33333333333333331,9.3308512526
2026-06-24,mock_app_id,googleadwords_int,161332031,mock_campaign_12520749,Matched paid campaign,true,46471,1730,611,263,0,1881,1,0,0,0,0,4.6937112771999985,1.3152393289000002,0.0,1.3152393289000002,-3.3784719482999983,0.28021308751751711,0.0076820151836333858,0.0021526011929623571,0.037227518237180179,0.3531791907514451,0.0,0.0,
2026-06-24,mock_app_id,googleadwords_int,161694703,mock_campaign_2c0c0430,Matched paid campaign,true,38876,2071,666,514,1,4891,33,1,0,0,1,21.674278721500002,11.941581912600009,0.0,11.941581912600009,-9.732696808899993,0.55095636934642012,0.0325439620442943,0.017930303172072087,0.053271941557773435,0.32158377595364557,0.0015015015015015015,0.030303030303030304,0.0
2026-06-24,mock_app_id,googleadwords_int,180761354,mock_campaign_07fb7039,Matched paid campaign,true,66,9,6,6,0,22,0,0,0,0,0,0.0542119488,0.0350347978,0.0,0.0350347978,-0.019177150999999996,0.64625601136847532,0.0090353248,0.0058391329666666672,0.13636363636363635,0.66666666666666663,0.0,,
2026-06-24,mock_app_id,googleadwords_int,199581943,mock_campaign_f81bdda1,Matched paid campaign,true,28168,1114,393,159,0,1129,0,0,0,0,0,2.7018542335000015,0.9088028078,0.0,0.9088028078,-1.7930514257000016,0.3363626344204107,0.0068749471590330829,0.0023124753379134859,0.039548423743254756,0.35278276481149012,0.0,,
2026-06-24,mock_app_id,googleadwords_int,232552584,mock_campaign_a5da28b5,Matched paid campaign,true,1229,23,8,6,0,63,1,0,0,0,0,9.7553961773940276,3.3038825802,0.0,3.3038825802,-6.4515135971940278,0.33867231223843236,1.2194245221742535,0.412985322525,0.018714401952807162,0.34782608695652173,0.0,0.0,
2026-06-24,mock_app_id,googleadwords_int,243641668,mock_campaign_1e8723bd,Matched paid campaign,true,26517,870,342,281,0,3060,3,0,0,0,0,13.656596622294698,14.829546333999993,0.0,14.829546333999993,1.1729497117052947,1.0858888743766824,0.039931569071037128,0.043361246590643256,0.032809141305577556,0.39310344827586208,0.0,0.0,
2026-06-24,mock_app_id,googleadwords_int,258346999,mock_campaign_8ba2a925,Cost without installs,true,91,2,0,0,0,0,0,0,0,0,0,0.0676119604,0.0,0.0,0.0,-0.0676119604,0.0,,,0.02197802197802198,0.0,,,
2026-06-24,mock_app_id,googleadwords_int,261307969,mock_campaign_b4ba1e63,Matched paid campaign,true,6009,137,40,30,0,1128,0,0,0,0,0,36.852935181599982,15.858283005100002,0.0,15.858283005100002,-20.994652176499979,0.43031261762340606,0.92132337953999954,0.39645707512750006,0.022799134631386254,0.291970802919708,0.0,,
2026-06-24,mock_app_id,googleadwords_int,262368493,mock_campaign_c13d8f45,Matched paid campaign,true,22368,1132,511,436,0,6903,6,0,0,0,0,54.73679343699996,17.292480389900021,0.0,17.292480389900021,-37.444313047099939,0.31592059571050746,0.1071170125968688,0.033840470430332725,0.050608011444921316,0.45141342756183744,0.0,0.0,
2026-06-24,mock_app_id,googleadwords_int,265069104,mock_campaign_b8b1eac5,Installs without cost,true,0,0,1,1,0,13,0,0,0,0,0,0.0,0.017505933800000005,0.0,0.017505933800000005,0.017505933800000005,,0.0,0.017505933800000005,,,0.0,,
2026-06-24,mock_app_id,googleadwords_int,280939212,mock_campaign_45884f7b,Matched paid campaign,true,412,11,1,0,0,0,0,0,0,0,0,0.1301895589,0.0,0.0,0.0,-0.1301895589,0.0,0.1301895589,0.0,0.026699029126213591,0.090909090909090912,0.0,,
2026-06-24,mock_app_id,googleadwords_int,351751429,mock_campaign_b7e37028,Matched paid campaign,true,4928,128,45,43,0,775,1,0,0,0,0,30.904375124050031,21.6071070776,0.0,21.6071070776,-9.2972680464500321,0.69916013479868666,0.68676389164555629,0.48015793505777776,0.025974025974025976,0.3515625,0.0,0.0,
2026-06-24,mock_app_id,googleadwords_int,369626124,mock_campaign_617ec63b,Matched paid campaign,true,664,25,9,8,0,178,0,0,0,0,0,0.4560397924,0.8081022867,0.0,0.8081022867,0.3520624943,1.7719995056729616,0.050671088044444444,0.089789142966666666,0.037650602409638557,0.36,0.0,,
2026-06-24,mock_app_id,googleadwords_int,369804654,mock_campaign_92e554bf,Matched paid campaign,true,1014,16,12,11,0,99,0,0,0,0,0,0.26279499309999993,0.86440484499999992,0.0,0.86440484499999992,0.60160985189999994,3.2892744066515478,0.021899582758333327,0.072033737083333327,0.015779092702169626,0.75,0.0,,
2026-06-24,mock_app_id,googleadwords_int,432166127,mock_campaign_f8b84857,Matched paid campaign,true,2167,64,34,31,0,229,0,0,0,0,0,1.8961699922,2.8210209764000007,0.0,2.8210209764000007,0.92485098420000078,1.4877468729092995,0.055769705652941176,0.082971205188235309,0.029533917858790955,0.53125,0.0,,
2026-06-24,mock_app_id,googleadwords_int,434877610,mock_campaign_0dfbbe6f,Matched paid campaign,true,1260,41,20,19,0,113,1,0,0,0,0,0.3508568619,0.7363970035,0.0,0.7363970035,0.38554014160000005,2.0988530750465566,0.017542843095,0.036819850175,0.032539682539682542,0.48780487804878048,0.0,0.0,
2026-06-24,mock_app_id,googleadwords_int,464541057,mock_campaign_d8ff83e7,Matched paid campaign,true,1464,29,13,12,0,47,0,0,0,0,0,1.6302267938000001,2.6314009614,0.0,2.6314009614,1.0011741675999997,1.6141318320908582,0.12540206106153848,0.20241545856923077,0.019808743169398908,0.44827586206896552,0.0,,
2026-06-24,mock_app_id,googleadwords_int,502057685,mock_campaign_befecb98,Matched paid campaign,true,7481,143,67,56,0,539,0,0,0,0,0,2.6580576447,1.6283614011000003,0.0,1.6283614011000003,-1.0296962435999997,0.61261327584330261,0.039672502159701493,0.024303901508955228,0.019115091565298756,0.46853146853146854,0.0,,
2026-06-24,mock_app_id,googleadwords_int,510225620,mock_campaign_10287894,Matched paid campaign,true,81191,3098,1104,494,0,3373,7,0,0,0,0,9.1249164248000341,2.4963369878000026,0.0,2.4963369878000026,-6.628579437000031,0.27357368238632473,0.008265322848550756,0.0022611748077898575,0.038156938576935868,0.3563589412524209,0.0,0.0,
2026-06-24,mock_app_id,googleadwords_int,514288304,mock_campaign_c95b5395,Installs without cost,true,0,0,6,0,0,0,0,0,0,0,0,0.0,0.0,0.0,0.0,0.0,,0.0,0.0,,,0.0,,
2026-06-24,mock_app_id,googleadwords_int,516932962,mock_campaign_60e17b09,Cost without installs,true,6,0,0,0,0,0,0,0,0,0,0,0.00045160350000000003,0.0,0.0,0.0,-0.00045160350000000003,0.0,,,0.0,,,,
2026-06-24,mock_app_id,googleadwords_int,525989111,mock_campaign_c82cc8f4,Matched paid campaign,true,2546,117,50,39,0,397,2,0,0,0,0,1.1416064533999954,0.6682573664,0.0,0.6682573664,-0.47334908699999545,0.58536579257217669,0.022832129067999907,0.013365147328,0.045954438334642578,0.42735042735042733,0.0,0.0,
2026-06-24,mock_app_id,googleadwords_int,529859974,mock_campaign_d2ea5396,Matched paid campaign,true,11571,368,121,93,0,1217,0,0,0,0,0,2.9321443527000008,2.3057602739000003,0.0,2.3057602739000003,-0.62638407880000058,0.78637338293961945,0.024232597956198355,0.019055870032231408,0.031803647048656125,0.328804347826087,0.0,,
2026-06-24,mock_app_id,googleadwords_int,542533692,mock_campaign_796ef0d2,Installs without cost,true,0,0,1,0,0,0,0,0,0,0,0,0.0,0.0,0.0,0.0,0.0,,0.0,0.0,,,0.0,,
2026-06-24,mock_app_id,googleadwords_int,557162896,mock_campaign_b0c8a1e0,Installs without cost,true,0,0,9,1,0,5,1,0,0,0,0,0.0,0.0013834554000000002,0.0,0.0013834554000000002,0.0013834554000000002,,0.0,0.00015371726666666669,,,0.0,0.0,
2026-06-24,mock_app_id,googleadwords_int,571438578,mock_campaign_756e1c81,Installs without cost,true,0,0,2,0,0,0,0,0,0,0,0,0.0,0.0,0.0,0.0,0.0,,0.0,0.0,,,0.0,,
2026-06-24,mock_app_id,googleadwords_int,585166272,mock_campaign_60587c25,Matched paid campaign,true,319,1,1,1,0,1,0,0,0,0,0,0.016641836743616686,0.207785829,0.0,0.207785829,0.19114399225638332,12.485750954124729,0.016641836743616686,0.207785829,0.003134796238244514,1.0,0.0,,
2026-06-24,mock_app_id,googleadwords_int,590094865,mock_campaign_23f341fc,Matched paid campaign,true,1737,75,36,26,0,283,0,0,0,0,0,0.59344280179999986,0.37295842909999982,0.0,0.37295842909999982,-0.22048437270000004,0.62846567178633173,0.016484522272222218,0.010359956363888884,0.04317789291882556,0.48,0.0,,
2026-06-24,mock_app_id,googleadwords_int,611748075,mock_campaign_628993e1,Matched paid campaign,true,367,5,2,2,0,20,0,0,0,0,0,0.3096901515,0.1798211762,0.0,0.1798211762,-0.12986897530000002,0.580648675229183,0.15484507575,0.0899105881,0.013623978201634877,0.4,0.0,,
2026-06-24,mock_app_id,googleadwords_int,611892113,mock_campaign_9bfd19ea,Matched paid campaign,true,2411,100,34,24,0,405,0,0,0,0,0,0.65323510520000028,0.79441040950000008,0.0,0.79441040950000008,0.1411753042999998,1.2161171424747241,0.019212797211764714,0.023365012044117648,0.0414765657403567,0.34,0.0,,
2026-06-24,mock_app_id,googleadwords_int,654635500,mock_campaign_67ff1f36,Matched paid campaign,true,461,34,18,15,0,221,0,0,0,0,0,0.49352206920000008,0.42074114420000003,0.0,0.42074114420000003,-0.072780925000000052,0.85252751691939932,0.027417892733333338,0.023374508011111114,0.0737527114967462,0.52941176470588236,0.0,,
2026-06-24,mock_app_id,googleadwords_int,660741874,mock_campaign_7e7497dd,Matched paid campaign,true,317,9,15,2,0,13,0,0,0,0,0,0.11584077309999999,0.030864049200000004,0.0,0.030864049200000004,-0.084976723899999981,0.26643511066139464,0.0077227182066666655,0.00205760328,0.028391167192429023,1.6666666666666667,0.0,,
2026-06-24,mock_app_id,googleadwords_int,739276167,mock_campaign_1fbdf2e3,Matched paid campaign,true,8061,181,77,61,0,1319,2,0,0,0,0,47.075620690152256,39.418109354000009,0.0,39.418109354000009,-7.6575113361522469,0.83733594536005507,0.61137169727470464,0.51192349810389626,0.022453789852375637,0.425414364640884,0.0,0.0,
2026-06-24,mock_app_id,googleadwords_int,788967442,mock_campaign_475f8981,Matched paid campaign,true,132,1,1,1,0,1,0,0,0,0,0,0.012265713800000001,0.11508539990000001,0.0,0.11508539990000001,0.1028196861,9.38269078967096,0.012265713800000001,0.11508539990000001,0.007575757575757576,1.0,0.0,,
2026-06-24,mock_app_id,googleadwords_int,792104306,mock_campaign_6fcee95d,Matched paid campaign,true,21585,1206,672,496,1,6478,14,1,0,0,0,35.667751838400015,15.5804747148,21.643561,37.224035714799996,1.5562838763999807,1.0436327998313726,0.053077011664285738,0.055392910289880949,0.055872133425990268,0.55721393034825872,0.001488095238095238,0.071428571428571425,21.643561
2026-06-24,mock_app_id,googleadwords_int,810543724,mock_campaign_c492b014,Matched paid campaign,true,303,5,2,2,0,2,0,0,0,0,0,0.6776135572,0.6651350375,0.0,0.6651350375,-0.012478519700000024,0.98158460738069775,0.3388067786,0.33256751875,0.0165016501650165,0.4,0.0,,
2026-06-24,mock_app_id,googleadwords_int,834117318,mock_campaign_ae804aae,Matched paid campaign,true,902,42,17,12,0,135,0,0,0,0,0,0.6281999973,0.1557100709,0.0,0.1557100709,-0.4724899264,0.24786703529010029,0.03695294101764706,0.0091594159352941171,0.046563192904656318,0.40476190476190477,0.0,,
2026-06-24,mock_app_id,googleadwords_int,848321939,mock_campaign_c41abc99,Other,true,33,0,0,0,0,0,0,0,0,0,0,0.0,0.0,0.0,0.0,0.0,,,,0.0,,,,
2026-06-24,mock_app_id,googleadwords_int,900383572,mock_campaign_45368c6d,Matched paid campaign,true,10948,296,108,91,0,2256,0,0,0,0,0,2.461792390999999,3.7731758750999997,0.0,3.7731758750999997,1.3113834841000007,1.5326945882578289,0.022794373990740732,0.034936813658333329,0.027036901717208621,0.36486486486486486,0.0,,
2026-06-24,mock_app_id,googleadwords_int,972671114,mock_campaign_9911559c,Cost without installs,true,28,0,0,0,0,0,0,0,0,0,0,1.7901399999999998e-05,0.0,0.0,0.0,-1.7901399999999998e-05,0.0,,,0.0,,,,
2026-06-24,mock_app_id,googleadwords_int,974591165,mock_campaign_674dbd59,Matched paid campaign,true,1081,47,30,27,0,277,1,0,0,0,0,0.23558486510000007,0.79756968149999974,0.0,0.79756968149999974,0.56198481639999964,3.3854877780941095,0.00785282883666667,0.026585656049999993,0.043478260869565216,0.63829787234042556,0.0,0.0,
2026-06-24,mock_app_id,googleadwords_int,989105150,mock_campaign_58ab9c06,Other,true,3,0,0,0,0,0,0,0,0,0,0,0.0,0.0,0.0,0.0,0.0,,,,0.0,,,,
2026-06-24,mock_app_id,googleadwords_int,998337322,mock_campaign_fe944d1c,Matched paid campaign,true,21641,830,374,278,0,5166,6,0,0,0,0,15.225868147800005,17.412262659100005,0.0,17.412262659100005,2.1863945112999996,1.1435973627300795,0.040710877400534771,0.046556852029679158,0.03835312601081281,0.45060240963855419,0.0,0.0,
2026-06-25,mock_app_id,unknown,,,Unattributed,false,0,0,4835,5,0,15,0,0,0,0,0,0.0,0.0137173552,0.0,0.0137173552,0.0137173552,,0.0,2.8370951809720785e-06,,,0.0,,
2026-06-25,mock_app_id,googleadwords_int,,,Unattributed,false,0,0,931,24,1,307,1,1,0,0,0,0.0,0.93367952700000012,42.0216233705,42.955302897500005,42.955302897500005,,0.0,0.046138886033834592,,,0.0010741138560687433,1.0,42.0216233705
2026-06-25,mock_app_id,other,,,Unattributed,false,0,0,1357,196,0,3123,3,0,0,0,0,0.0,14.384571790100003,0.0,14.384571790100003,14.384571790100003,,0.0,0.010600273979439943,,,0.0,0.0,
2026-06-25,mock_app_id,googleadwords_int,140410898,mock_campaign_a2e93e84,Matched paid campaign,true,8035,223,103,91,0,1630,9,0,0,0,0,42.015300228600019,37.906252477399995,0.0,37.906252477399995,-4.1090477512000234,0.9022011569870213,0.40791553620000021,0.36802186871262133,0.02775357809583074,0.46188340807174888,0.0,0.0,
2026-06-25,mock_app_id,googleadwords_int,148918961,mock_campaign_993fe179,Matched paid campaign,true,18210,667,244,207,3,2203,7,3,0,0,0,16.949867357000006,3.0648645449000003,105.03345627849998,108.09832082339999,91.148453466399985,6.3775319621458406,0.069466669495901662,0.44302590501393435,0.036628226249313563,0.36581709145427288,0.012295081967213115,0.42857142857142855,35.011152092833328
2026-06-25,mock_app_id,googleadwords_int,161332031,mock_campaign_12520749,Matched paid campaign,true,46273,1849,607,279,0,2005,1,0,0,0,0,4.5951372181000067,1.7249281166999992,0.0,1.7249281166999992,-2.8702091014000075,0.37538119860830205,0.0075702425339374078,0.0028417267161449742,0.039958507120783179,0.32828555976203355,0.0,0.0,
2026-06-25,mock_app_id,googleadwords_int,161694703,mock_campaign_2c0c0430,Matched paid campaign,true,40487,2116,720,546,3,5788,42,3,0,0,2,21.1956530582,13.857421778900008,19.1928551102,33.050276889100004,11.854623830900003,1.5592950497136857,0.02943840702527778,0.045903162345972227,0.052263689579371157,0.34026465028355385,0.0041666666666666666,0.071428571428571425,6.3976183700666667
2026-06-25,mock_app_id,googleadwords_int,180761354,mock_campaign_07fb7039,Cost without installs,true,34,1,0,0,0,0,0,0,0,0,0,0.0067748662,0.0,0.0,0.0,-0.0067748662,0.0,,,0.029411764705882353,0.0,,,
2026-06-25,mock_app_id,googleadwords_int,199581943,mock_campaign_f81bdda1,Matched paid campaign,true,52949,1984,852,391,1,2968,6,1,0,2,0,6.703489249699996,2.806673040699998,19.6842072575,22.490880298199997,15.787391048500002,3.35510052458226,0.0078679451287558631,0.026397746828873237,0.037470018319515006,0.42943548387096775,0.0011737089201877935,0.16666666666666666,19.6842072575
2026-06-25,mock_app_id,googleadwords_int,232552584,mock_campaign_a5da28b5,Matched paid campaign,true,1998,54,28,26,1,634,2,1,0,0,0,16.5792607452999,13.281578214100001,44.7880768404,58.069655054500004,41.4903943092001,3.5025479088965,0.59211645518928224,2.0739162519464287,0.027027027027027029,0.51851851851851849,0.035714285714285712,0.5,44.7880768404
2026-06-25,mock_app_id,googleadwords_int,243641668,mock_campaign_1e8723bd,Matched paid campaign,true,20871,649,264,193,0,2295,1,0,0,0,0,10.209851202284945,10.626057230100004,0.0,10.626057230100004,0.41620602781505944,1.04076514138834,0.038673678796533884,0.040250216780681837,0.031095778831871975,0.40677966101694918,0.0,0.0,
2026-06-25,mock_app_id,googleadwords_int,258346999,mock_campaign_8ba2a925,Cost without installs,true,59,0,0,0,0,0,0,0,0,0,0,0.0001635537,0.0,0.0,0.0,-0.0001635537,0.0,,,0.0,,,,
2026-06-25,mock_app_id,googleadwords_int,262368493,mock_campaign_c13d8f45,Installs without cost,true,0,0,20,2,0,42,1,0,0,0,0,0.0,0.1316015134,0.0,0.1316015134,0.1316015134,,0.0,0.00658007567,,,0.0,0.0,
2026-06-25,mock_app_id,googleadwords_int,280939212,mock_campaign_45884f7b,Matched paid campaign,true,430,10,4,3,0,57,0,0,0,0,0,0.31357963750000006,0.72837143349999978,0.0,0.72837143349999978,0.41479179599999971,2.3227638098790764,0.078394909375000016,0.18209285837499994,0.023255813953488372,0.4,0.0,,
2026-06-25,mock_app_id,googleadwords_int,351751429,mock_campaign_b7e37028,Matched paid campaign,true,5726,122,50,43,0,321,0,0,0,0,0,25.370992009416884,22.282904658099998,0.0,22.282904658099998,-3.0880873513168865,0.8782827510185377,0.50741984018833763,0.44565809316199995,0.021306322039818373,0.4098360655737705,0.0,,
2026-06-25,mock_app_id,googleadwords_int,369626124,mock_campaign_617ec63b,Matched paid campaign,true,816,22,14,11,0,121,0,0,0,0,0,0.4738948114999999,0.3733851856,0.0,0.3733851856,-0.1005096258999999,0.78790730883534921,0.033849629392857135,0.0266703704,0.026960784313725492,0.63636363636363635,0.0,,
2026-06-25,mock_app_id,googleadwords_int,369804654,mock_campaign_92e554bf,Matched paid campaign,true,909,18,12,9,0,36,0,0,0,0,0,0.2415639327,0.35573530110000007,0.0,0.35573530110000007,0.11417136840000006,1.4726341682050288,0.020130327725,0.029644608425000007,0.019801980198019802,0.66666666666666663,0.0,,
2026-06-25,mock_app_id,googleadwords_int,432166127,mock_campaign_f8b84857,Matched paid campaign,true,2204,77,40,34,0,173,0,0,0,0,0,2.4696828398999995,2.7395130326999997,0.0,2.7395130326999997,0.2698301928000002,1.1092570221733111,0.061742070997499988,0.068487825817499987,0.034936479128856626,0.51948051948051943,0.0,,
2026-06-25,mock_app_id,googleadwords_int,434877610,mock_campaign_0dfbbe6f,Matched paid campaign,true,1234,34,20,18,0,128,1,0,0,0,0,0.3781540558,0.6362633679,0.0,0.6362633679,0.25810931210000004,1.6825506910244807,0.01890770279,0.031813168395,0.027552674230145867,0.58823529411764708,0.0,0.0,
2026-06-25,mock_app_id,googleadwords_int,464541057,mock_campaign_d8ff83e7,Matched paid campaign,true,1466,28,12,11,0,154,0,0,0,0,0,1.5187824417999998,2.3026774359,0.0,2.3026774359,0.78389499410000041,1.5161338270219662,0.12656520348333331,0.191889786325,0.019099590723055934,0.42857142857142855,0.0,,
2026-06-25,mock_app_id,googleadwords_int,502057685,mock_campaign_befecb98,Matched paid campaign,true,6840,179,76,64,0,753,1,0,0,0,0,2.3646659042000011,1.8625653682999996,0.0,1.8625653682999996,-0.50210053590000148,0.787665337835592,0.031114025055263173,0.024507439056578942,0.026169590643274853,0.42458100558659218,0.0,0.0,
2026-06-25,mock_app_id,googleadwords_int,510225620,mock_campaign_10287894,Matched paid campaign,true,61799,2760,944,396,0,2920,3,0,0,0,0,9.13980062520001,2.800088251600001,0.0,2.800088251600001,-6.3397123736000092,0.30636207138694838,0.0096819921877118759,0.0029661951817796621,0.044660916843314614,0.34202898550724636,0.0,0.0,
2026-06-25,mock_app_id,googleadwords_int,514288304,mock_campaign_c95b5395,Installs without cost,true,0,0,5,0,0,0,0,0,0,0,0,0.0,0.0,0.0,0.0,0.0,,0.0,0.0,,,0.0,,
2026-06-25,mock_app_id,googleadwords_int,516932962,mock_campaign_60e17b09,Other,true,4,0,0,0,0,0,0,0,0,0,0,0.0,0.0,0.0,0.0,0.0,,,,0.0,,,,
2026-06-25,mock_app_id,googleadwords_int,525989111,mock_campaign_c82cc8f4,Matched paid campaign,true,3020,135,72,56,0,509,0,0,0,0,0,1.2299303335999985,0.8911363626,0.0,0.8911363626,-0.33879397099999853,0.72454214540074746,0.017082365744444425,0.012376893925,0.044701986754966887,0.53333333333333333,0.0,,
2026-06-25,mock_app_id,googleadwords_int,529859974,mock_campaign_d2ea5396,Matched paid campaign,true,10522,321,122,88,0,841,0,0,0,0,0,2.5596031994999988,2.3877637647000007,0.0,2.3877637647000007,-0.17183943479999808,0.93286481481443462,0.020980354094262285,0.019571834136885253,0.030507508078312109,0.38006230529595014,0.0,,
2026-06-25,mock_app_id,googleadwords_int,542533692,mock_campaign_796ef0d2,Installs without cost,true,0,0,1,0,0,0,0,0,0,0,0,0.0,0.0,0.0,0.0,0.0,,0.0,0.0,,,0.0,,
2026-06-25,mock_app_id,googleadwords_int,557162896,mock_campaign_b0c8a1e0,Installs without cost,true,0,0,3,0,0,0,0,0,0,0,0,0.0,0.0,0.0,0.0,0.0,,0.0,0.0,,,0.0,,
2026-06-25,mock_app_id,googleadwords_int,571438578,mock_campaign_756e1c81,Matched paid campaign,true,1,0,3,1,0,3,0,0,0,0,0,0.0001570441,1.14651e-05,0.0,1.14651e-05,-0.00014557899999999998,0.07300560797890529,5.2348033333333328e-05,3.8217e-06,0.0,,0.0,,
2026-06-25,mock_app_id,googleadwords_int,585166272,mock_campaign_60587c25,Matched paid campaign,true,394,4,1,1,0,3,0,0,0,0,0,0.33270199143659196,0.0909271603,0.0,0.0909271603,-0.24177483113659196,0.27329911644766747,0.33270199143659196,0.0909271603,0.01015228426395939,0.25,0.0,,
2026-06-25,mock_app_id,googleadwords_int,590094865,mock_campaign_23f341fc,Matched paid campaign,true,1192,52,32,28,0,239,1,0,0,0,0,0.72020505630000009,0.3496524286,0.0,0.3496524286,-0.37055262770000008,0.48549010527128672,0.022506408009375003,0.01092663839375,0.0436241610738255,0.61538461538461542,0.0,0.0,
2026-06-25,mock_app_id,googleadwords_int,611748075,mock_campaign_628993e1,Matched paid campaign,true,346,5,1,0,0,0,0,0,0,0,0,0.24060051189999998,0.0,0.0,0.0,-0.24060051189999998,0.0,0.24060051189999998,0.0,0.014450867052023121,0.2,0.0,,
2026-06-25,mock_app_id,googleadwords_int,611892113,mock_campaign_9bfd19ea,Matched paid campaign,true,2535,122,44,32,0,249,0,0,0,0,0,0.76505701400000059,0.90809451940000019,0.0,0.90809451940000019,0.1430375053999996,1.1869631972291146,0.017387659409090924,0.02063851180454546,0.048126232741617356,0.36065573770491804,0.0,,
2026-06-25,mock_app_id,googleadwords_int,654635500,mock_campaign_67ff1f36,Matched paid campaign,true,419,31,16,13,0,129,0,0,0,0,0,0.35770170630000003,0.1822772554,0.0,0.1822772554,-0.17542445090000003,0.50957893739295257,0.022356356643750002,0.0113923284625,0.073985680190930783,0.5161290322580645,0.0,,
2026-06-25,mock_app_id,googleadwords_int,660741874,mock_campaign_7e7497dd,Matched paid campaign,true,232,9,2,2,0,25,1,0,0,0,0,0.1935051833,0.2576373577,0.0,0.2576373577,0.064132174400000019,1.3314235479706658,0.09675259165,0.12881867885,0.038793103448275863,0.22222222222222221,0.0,0.0,
2026-06-25,mock_app_id,googleadwords_int,739276167,mock_campaign_1fbdf2e3,Matched paid campaign,true,6034,149,85,80,1,1040,3,1,0,0,0,45.116774037676407,57.5101785569,38.204261,95.7144395569,50.5976655192236,2.1214823443930229,0.5307855769138401,1.1260522300811766,0.02469340404375207,0.57046979865771807,0.011764705882352941,0.33333333333333331,38.204261
2026-06-25,mock_app_id,googleadwords_int,788967442,mock_campaign_475f8981,Cost without installs,true,132,2,0,0,0,0,0,0,0,0,0,0.054696913999999992,0.0,0.0,0.0,-0.054696913999999992,0.0,,,0.015151515151515152,0.0,,,
2026-06-25,mock_app_id,googleadwords_int,792104306,mock_campaign_6fcee95d,Matched paid campaign,true,23850,1232,583,427,0,6000,2,0,0,0,0,28.352755646899983,14.237210859800005,0.0,14.237210859800005,-14.115544787099978,0.502145577562464,0.048632513974099456,0.024420601817838773,0.051656184486373165,0.4732142857142857,0.0,0.0,
2026-06-25,mock_app_id,googleadwords_int,810543724,mock_campaign_c492b014,Matched paid campaign,true,273,6,4,3,1,10,1,1,0,0,0,0.60490864849999992,1.7046157812,37.7624495498,39.467065331,38.8621566825,65.244670296691922,0.15122716212499998,9.86676633275,0.02197802197802198,0.66666666666666663,0.25,1.0,37.7624495498
2026-06-25,mock_app_id,googleadwords_int,848321939,mock_campaign_c41abc99,Cost without installs,true,39,1,0,0,0,0,0,0,0,0,0,0.0023361326999999997,0.0,0.0,0.0,-0.0023361326999999997,0.0,,,0.02564102564102564,0.0,,,
2026-06-25,mock_app_id,googleadwords_int,900383572,mock_campaign_45368c6d,Matched paid campaign,true,9576,266,121,104,0,2250,3,0,0,0,0,2.0978886632999987,4.4387835295,0.0,4.4387835295,2.3408948662000015,2.115833698494634,0.017337922837190073,0.036684161400826448,0.027777777777777776,0.45488721804511278,0.0,0.0,
2026-06-25,mock_app_id,googleadwords_int,972671114,mock_campaign_9911559c,Other,true,18,0,0,0,0,0,0,0,0,0,0,0.0,0.0,0.0,0.0,0.0,,,,0.0,,,,
2026-06-25,mock_app_id,googleadwords_int,974591165,mock_campaign_674dbd59,Matched paid campaign,true,1570,63,29,19,0,186,1,0,0,0,0,0.36729848409999988,0.2196904245,0.0,0.2196904245,-0.14760805959999987,0.59812505090597534,0.012665464968965513,0.007575531879310345,0.040127388535031845,0.46031746031746029,0.0,0.0,
2026-06-25,mock_app_id,googleadwords_int,998337322,mock_campaign_fe944d1c,Matched paid campaign,true,22217,872,414,327,0,3616,10,0,0,0,0,15.578122132600006,17.875932959399986,0.0,17.875932959399986,2.2978108267999797,1.1475024272656971,0.037628314329951708,0.043178582027536196,0.03924922356753837,0.47477064220183485,0.0,0.0,
2026-06-26,mock_app_id,unknown,,,Unattributed,false,0,0,4861,10,0,87,0,0,0,0,0,0.0,0.11556693409999999,0.0,0.11556693409999999,0.11556693409999999,,0.0,2.3774312713433449e-05,,,0.0,,
2026-06-26,mock_app_id,googleadwords_int,,,Unattributed,false,0,0,1050,21,0,230,0,0,0,0,0,0.0,0.6694930494,0.0,0.6694930494,0.6694930494,,0.0,0.000637612428,,,0.0,,
2026-06-26,mock_app_id,other,,,Unattributed,false,0,0,1296,210,0,3317,0,0,0,0,0,0.0,19.924370528900006,0.0,19.924370528900006,19.924370528900006,,0.0,0.015373742692052474,,,0.0,,
2026-06-26,mock_app_id,googleadwords_int,140410898,mock_campaign_a2e93e84,Matched paid campaign,true,7967,224,104,86,1,2482,11,1,0,0,0,36.975765637700007,35.895256102799991,21.643561,57.538817102799989,20.563051465099981,1.5561223982914409,0.35553620805480779,0.55325785675769223,0.028115978410945149,0.4642857142857143,0.0096153846153846159,0.090909090909090912,21.643561
2026-06-26,mock_app_id,googleadwords_int,148918961,mock_campaign_993fe179,Matched paid campaign,true,22991,741,265,212,1,2180,4,1,0,0,0,18.081869709300008,2.9979414823000017,34.9551688588,37.9531103411,19.871240631799992,2.0989593969687581,0.0682334706011321,0.14321928430603773,0.03223000304466965,0.35762483130904182,0.0037735849056603774,0.25,34.9551688588
2026-06-26,mock_app_id,googleadwords_int,161332031,mock_campaign_12520749,Matched paid campaign,true,31772,1413,551,286,0,2242,10,0,0,0,0,6.470392679200005,2.1846493270000016,0.0,2.1846493270000016,-4.2857433522000035,0.33763782745719079,0.011742999417785853,0.0039648808112522716,0.044473120987032606,0.38995046001415429,0.0,0.0,
2026-06-26,mock_app_id,googleadwords_int,161694703,mock_campaign_2c0c0430,Matched paid campaign,true,53119,2748,960,739,0,7239,35,0,0,0,0,30.47039443660001,19.200130353100015,0.0,19.200130353100015,-11.270264083499995,0.63012411582166672,0.031739994204791677,0.020000135784479182,0.051732901598298159,0.34934497816593885,0.0,0.0,
2026-06-26,mock_app_id,googleadwords_int,180761354,mock_campaign_07fb7039,Cost without installs,true,39,0,0,0,0,0,0,0,0,0,0,0.0065022766999999993,0.0,0.0,0.0,-0.0065022766999999993,0.0,,,0.0,,,,
2026-06-26,mock_app_id,googleadwords_int,199581943,mock_campaign_f81bdda1,Matched paid campaign,true,18786,847,350,208,0,1915,7,0,0,0,0,8.62675219710001,2.3821891783000004,0.0,2.3821891783000004,-6.24456301880001,0.27613974806194186,0.024647863420285746,0.0068062547951428581,0.045086766741190248,0.41322314049586778,0.0,0.0,
2026-06-26,mock_app_id,googleadwords_int,232552584,mock_campaign_a5da28b5,Matched paid campaign,true,2104,59,29,25,0,477,2,0,0,0,0,12.11656680873813,20.256417659500006,0.0,20.256417659500006,8.1398508507618761,1.6717951528061268,0.41781264857717687,0.698497160672414,0.028041825095057035,0.49152542372881358,0.0,0.0,
2026-06-26,mock_app_id,googleadwords_int,243641668,mock_campaign_1e8723bd,Matched paid campaign,true,17808,507,245,185,1,2372,2,1,0,0,0,7.9409628769330221,9.8253881499,39.4137857374,49.2391738873,41.298211010366977,6.2006553424812472,0.032412093375236824,0.20097621994816325,0.028470350404312669,0.4832347140039448,0.0040816326530612249,0.5,39.4137857374
2026-06-26,mock_app_id,googleadwords_int,258346999,mock_campaign_8ba2a925,Matched paid campaign,true,63,4,2,2,0,48,0,0,0,0,0,0.1290080665,0.33200254409999996,0.0,0.33200254409999996,0.20299447759999997,2.5735022088715667,0.06450403325,0.16600127204999998,0.063492063492063489,0.5,0.0,,
2026-06-26,mock_app_id,googleadwords_int,261307969,mock_campaign_b4ba1e63,Installs without cost,true,0,0,1,1,0,40,1,0,0,0,0,0.0,0.1252001659,0.0,0.1252001659,0.1252001659,,0.0,0.1252001659,,,0.0,0.0,
2026-06-26,mock_app_id,googleadwords_int,262368493,mock_campaign_c13d8f45,Installs without cost,true,0,0,15,1,0,9,0,0,0,0,0,0.0,0.012930085000000001,0.0,0.012930085000000001,0.012930085000000001,,0.0,0.00086200566666666675,,,0.0,,
2026-06-26,mock_app_id,googleadwords_int,265069104,mock_campaign_b8b1eac5,Installs without cost,true,0,0,1,1,0,4,0,0,0,0,0,0.0,0.006649758,0.0,0.006649758,0.006649758,,0.0,0.006649758,,,0.0,,
2026-06-26,mock_app_id,googleadwords_int,280939212,mock_campaign_45884f7b,Matched paid campaign,true,398,21,7,4,0,30,0,0,0,0,0,0.66486206449999985,0.486362281,0.0,0.486362281,-0.17849978349999984,0.73152358506987747,0.094980294928571407,0.069480325857142852,0.052763819095477386,0.33333333333333331,0.0,,
2026-06-26,mock_app_id,googleadwords_int,351751429,mock_campaign_b7e37028,Matched paid campaign,true,3838,106,46,45,0,311,2,0,0,0,0,19.791804006386453,14.3437088998,0.0,14.3437088998,-5.4480951065864538,0.72472973636822324,0.43025660883448813,0.31181975869130435,0.027618551328817093,0.43396226415094341,0.0,0.0,
2026-06-26,mock_app_id,googleadwords_int,369626124,mock_campaign_617ec63b,Matched paid campaign,true,991,23,13,13,0,193,0,0,0,0,0,0.5432057775,0.5449209162,0.0,0.5449209162,0.0017151387000000629,1.0031574382509214,0.041785059807692308,0.041916993553846156,0.023208879919273461,0.56521739130434778,0.0,,
2026-06-26,mock_app_id,googleadwords_int,369804654,mock_campaign_92e554bf,Matched paid campaign,true,660,17,8,8,0,53,0,0,0,0,0,0.28501307160000006,0.3921561021,0.0,0.3921561021,0.10714303049999996,1.3759232160775041,0.035626633950000007,0.0490195127625,0.025757575757575757,0.47058823529411764,0.0,,
2026-06-26,mock_app_id,googleadwords_int,432166127,mock_campaign_f8b84857,Matched paid campaign,true,2157,79,39,29,0,130,0,0,0,0,0,2.4372902566000003,2.4578015127999993,0.0,2.4578015127999993,0.02051125619999894,1.0084155984887135,0.062494621964102569,0.0630205516102564,0.03662494204914233,0.49367088607594939,0.0,,
2026-06-26,mock_app_id,googleadwords_int,434877610,mock_campaign_0dfbbe6f,Matched paid campaign,true,1245,35,16,12,0,77,0,0,0,0,0,0.34656540809999997,0.6626598498,0.0,0.6626598498,0.31609444170000006,1.9120773000194882,0.021660338006249998,0.0414162406125,0.028112449799196786,0.45714285714285713,0.0,,
2026-06-26,mock_app_id,googleadwords_int,464541057,mock_campaign_d8ff83e7,Matched paid campaign,true,1460,33,10,8,0,80,0,0,0,0,0,1.562979371,1.2743751647,0.0,1.2743751647,-0.28860420630000005,0.81534995812814215,0.1562979371,0.12743751646999998,0.022602739726027398,0.30303030303030304,0.0,,
2026-06-26,mock_app_id,googleadwords_int,502057685,mock_campaign_befecb98,Matched paid campaign,true,6413,167,67,58,0,402,0,0,0,0,0,2.1388836829999991,1.8257025240000007,0.0,1.8257025240000007,-0.31318115899999843,0.85357728356657037,0.031923637059701478,0.027249291402985085,0.026040854514267894,0.40119760479041916,0.0,,
2026-06-26,mock_app_id,googleadwords_int,510225620,mock_campaign_10287894,Matched paid campaign,true,64968,3161,1085,459,0,3226,8,0,0,0,0,8.8654844538000166,2.6408838730000004,0.0,2.6408838730000004,-6.2246005808000167,0.29788376334787176,0.0081709534136405679,0.0024339943529953921,0.048654722324836842,0.34324580828851631,0.0,0.0,
2026-06-26,mock_app_id,googleadwords_int,514288304,mock_campaign_c95b5395,Installs without cost,true,0,0,6,1,0,28,0,0,0,0,0,0.0,0.0307952586,0.0,0.0307952586,0.0307952586,,0.0,0.0051325431,,,0.0,,
2026-06-26,mock_app_id,googleadwords_int,516932962,mock_campaign_60e17b09,Cost without installs,true,3,1,0,0,0,0,0,0,0,0,0,0.0049456686,0.0,0.0,0.0,-0.0049456686,0.0,,,0.33333333333333331,0.0,,,
2026-06-26,mock_app_id,googleadwords_int,525989111,mock_campaign_c82cc8f4,Matched paid campaign,true,3534,165,101,82,0,733,2,0,0,0,0,2.6164352623000022,1.3833356534,0.0,1.3833356534,-1.2330996089000021,0.5287100633951729,0.025905299626732697,0.013696392607920794,0.0466893039049236,0.61212121212121207,0.0,0.0,
2026-06-26,mock_app_id,googleadwords_int,529859974,mock_campaign_d2ea5396,Matched paid campaign,true,10840,303,109,83,0,1180,1,0,0,0,0,2.3141221149999991,2.2118534614999987,0.0,2.2118534614999987,-0.10226865350000036,0.95580671701069653,0.021230478119266046,0.020292233591743109,0.027952029520295203,0.35973597359735976,0.0,0.0,
2026-06-26,mock_app_id,googleadwords_int,542533692,mock_campaign_796ef0d2,Installs without cost,true,0,0,1,0,0,0,0,0,0,0,0,0.0,0.0,0.0,0.0,0.0,,0.0,0.0,,,0.0,,
2026-06-26,mock_app_id,googleadwords_int,557162896,mock_campaign_b0c8a1e0,Installs without cost,true,0,0,8,0,0,0,0,0,0,0,0,0.0,0.0,0.0,0.0,0.0,,0.0,0.0,,,0.0,,
2026-06-26,mock_app_id,googleadwords_int,571438578,mock_campaign_756e1c81,Matched paid campaign,true,64444,2564,953,419,0,2994,1,0,0,0,0,6.971461002199999,1.9993694893000002,0.0,1.9993694893000002,-4.9720915128999987,0.28679346964274133,0.0073152791208814256,0.0020979742804826864,0.039786481286077834,0.37168486739469581,0.0,0.0,
2026-06-26,mock_app_id,googleadwords_int,585166272,mock_campaign_60587c25,Matched paid campaign,true,323,4,1,1,0,23,0,0,0,0,0,0.18399913225866091,1.9508020518,0.0,1.9508020518,1.7668029195413391,10.602235064117673,0.18399913225866091,1.9508020518,0.01238390092879257,0.25,0.0,,
2026-06-26,mock_app_id,googleadwords_int,590094865,mock_campaign_23f341fc,Matched paid campaign,true,631,28,16,12,0,89,1,0,0,0,0,0.33740721459999989,0.1381340726,0.0,0.1381340726,-0.1992731419999999,0.40939869280435959,0.021087950912499993,0.0086333795375,0.044374009508716325,0.5714285714285714,0.0,0.0,
2026-06-26,mock_app_id,googleadwords_int,611748075,mock_campaign_628993e1,Matched paid campaign,true,279,6,1,1,0,1,0,0,0,0,0,0.3008151256,0.0565789946,0.0,0.0565789946,-0.24423613100000002,0.18808560403054414,0.3008151256,0.0565789946,0.021505376344086023,0.16666666666666666,0.0,,
2026-06-26,mock_app_id,googleadwords_int,611892113,mock_campaign_9bfd19ea,Matched paid campaign,true,2509,111,53,41,1,600,1,1,0,1,0,0.79214915549999987,1.3809432692,14.1982231503,15.5791664195,14.787017264,19.6669608385387,0.014946210481132073,0.29394653621698114,0.044240733359904347,0.47747747747747749,0.018867924528301886,1.0,14.1982231503
2026-06-26,mock_app_id,googleadwords_int,654635500,mock_campaign_67ff1f36,Matched paid campaign,true,273,12,7,7,0,40,0,0,0,0,0,0.1777511376,0.0641370433,0.0,0.0641370433,-0.1136140943,0.36082493854036524,0.025393019657142857,0.0091624347571428576,0.043956043956043959,0.58333333333333337,0.0,,
2026-06-26,mock_app_id,googleadwords_int,660741874,mock_campaign_7e7497dd,Matched paid campaign,true,274,6,4,4,0,21,0,0,0,0,0,0.0947439732,0.11377837850000001,0.0,0.11377837850000001,0.019034405300000015,1.2009036000613917,0.0236859933,0.028444594625000003,0.021897810218978103,0.66666666666666663,0.0,,
2026-06-26,mock_app_id,googleadwords_int,739276167,mock_campaign_1fbdf2e3,Matched paid campaign,true,6454,163,88,77,0,872,4,0,0,0,0,44.136052632287559,48.385269800000025,0.0,48.385269800000025,4.2492171677124659,1.0962754237021179,0.50154605263963137,0.54983261136363659,0.025255655407499224,0.53987730061349692,0.0,0.0,
2026-06-26,mock_app_id,googleadwords_int,742036733,mock_campaign_e0586969,Matched paid campaign,true,715,17,15,13,0,113,0,0,0,0,0,4.0391153750943092,7.173267205000001,0.0,7.173267205000001,3.1341518299056919,1.7759500630339169,0.2692743583396206,0.47821781366666671,0.023776223776223775,0.88235294117647056,0.0,,
2026-06-26,mock_app_id,googleadwords_int,788967442,mock_campaign_475f8981,Matched paid campaign,true,117,5,3,1,0,1,0,0,0,0,0,0.24207575,0.040529128500000004,0.0,0.040529128500000004,-0.2015466215,0.1674233313332707,0.080691916666666669,0.013509709500000001,0.042735042735042736,0.6,0.0,,
2026-06-26,mock_app_id,googleadwords_int,792104306,mock_campaign_6fcee95d,Matched paid campaign,true,31039,1462,736,557,2,6786,4,2,0,0,1,35.24534959030003,15.752728925000008,43.394614955899996,59.1473438809,23.901994290599973,1.6781602273333134,0.047887703247690261,0.080363238968614137,0.0471020329263185,0.50341997264021887,0.002717391304347826,0.5,21.697307477949998
2026-06-26,mock_app_id,googleadwords_int,810543724,mock_campaign_c492b014,Cost without installs,true,252,6,0,0,0,0,0,0,0,0,0,0.8523149472,0.0,0.0,0.0,-0.8523149472,0.0,,,0.023809523809523808,0.0,,,
2026-06-26,mock_app_id,googleadwords_int,834117318,mock_campaign_ae804aae,Installs without cost,true,0,0,2,0,0,0,0,0,0,0,0,0.0,0.0,0.0,0.0,0.0,,0.0,0.0,,,0.0,,
2026-06-26,mock_app_id,googleadwords_int,848321939,mock_campaign_c41abc99,Other,true,4,0,0,0,0,0,0,0,0,0,0,0.0,0.0,0.0,0.0,0.0,,,,0.0,,,,
2026-06-26,mock_app_id,googleadwords_int,900383572,mock_campaign_45368c6d,Matched paid campaign,true,10389,322,132,110,0,2096,4,0,0,0,0,2.7617563864,4.8119814518000021,0.0,4.8119814518000021,2.050225065400002,1.742362749841418,0.020922396866666668,0.036454404937878805,0.030994320916353835,0.40993788819875776,0.0,0.0,
2026-06-26,mock_app_id,googleadwords_int,972671114,mock_campaign_9911559c,Cost without installs,true,16,0,0,0,0,0,0,0,0,0,0,0.0002074935,0.0,0.0,0.0,-0.0002074935,0.0,,,0.0,,,,
2026-06-26,mock_app_id,googleadwords_int,974591165,mock_campaign_674dbd59,Matched paid campaign,true,2294,86,46,38,0,324,1,0,0,0,0,0.69128941309999992,0.58363728499999989,0.0,0.58363728499999989,-0.10765212810000002,0.84427343156139534,0.015028030719565216,0.01268776706521739,0.037489102005231034,0.53488372093023251,0.0,0.0,
2026-06-26,mock_app_id,googleadwords_int,989105150,mock_campaign_58ab9c06,Other,true,2,0,0,0,0,0,0,0,0,0,0,0.0,0.0,0.0,0.0,0.0,,,,0.0,,,,
2026-06-26,mock_app_id,googleadwords_int,998337322,mock_campaign_fe944d1c,Matched paid campaign,true,24964,995,500,405,0,4557,3,0,0,0,0,20.5576886609,21.221994368600029,0.0,21.221994368600029,0.66430570770003072,1.0323142216354078,0.0411153773218,0.04244398873720006,0.039857394648293541,0.50251256281407031,0.0,0.0,
2026-06-27,mock_app_id,unknown,,,Unattributed,false,0,0,4433,12,0,212,0,0,0,0,0,0.0,0.16403882910000003,0.0,0.16403882910000003,0.16403882910000003,,0.0,3.7004021903902554e-05,,,0.0,,
2026-06-27,mock_app_id,googleadwords_int,,,Unattributed,false,0,0,1951,23,0,143,0,0,0,0,0,0.0,0.9346387737,0.0,0.9346387737,0.9346387737,,0.0,0.00047905626535110204,,,0.0,,
2026-06-27,mock_app_id,other,,,Unattributed,false,0,0,1317,212,0,4276,3,0,0,0,0,0.0,18.537228462300014,0.0,18.537228462300014,18.537228462300014,,0.0,0.014075344314578598,,,0.0,0.0,
2026-06-27,mock_app_id,googleadwords_int,140410898,mock_campaign_a2e93e84,Matched paid campaign,true,9445,276,137,116,0,5020,10,0,0,0,0,57.523218766300005,54.230004529600031,0.0,54.230004529600031,-3.2932142366999742,0.94274982681203323,0.41987750924306572,0.39583944912116809,0.029221810481736367,0.49637681159420288,0.0,0.0,
2026-06-27,mock_app_id,googleadwords_int,148918961,mock_campaign_993fe179,Matched paid campaign,true,38637,1130,372,296,1,3260,4,1,0,0,0,27.186181622699991,4.4908147011000041,34.9932406342,39.484055335300006,12.297873712600015,1.4523575205696229,0.073081133394354819,0.10613993369704303,0.029246577115200456,0.32920353982300887,0.0026881720430107529,0.25,34.9932406342
2026-06-27,mock_app_id,googleadwords_int,161332031,mock_campaign_12520749,Matched paid campaign,true,11901,692,245,146,0,1283,5,0,0,0,0,6.3686899436000015,1.4043983160000002,0.0,1.4043983160000002,-4.9642916276000015,0.22051604465551075,0.025994652831020416,0.0057322380244897971,0.058146374254264346,0.35404624277456648,0.0,0.0,
2026-06-27,mock_app_id,googleadwords_int,161694703,mock_campaign_2c0c0430,Matched paid campaign,true,63296,3193,1096,819,3,8462,40,3,0,0,0,42.574778378699989,23.826457440599981,106.2831954911,130.1096529317,87.534874553000009,3.0560265463834662,0.038845600710492693,0.11871318698147811,0.05044552578361982,0.34325086125900406,0.0027372262773722629,0.075,35.427731830366668
2026-06-27,mock_app_id,googleadwords_int,180761354,mock_campaign_07fb7039,Other,true,30,0,0,0,0,0,0,0,0,0,0,0.0,0.0,0.0,0.0,0.0,,,,0.0,,,,
2026-06-27,mock_app_id,googleadwords_int,199581943,mock_campaign_f81bdda1,Installs without cost,true,0,0,1,1,0,5,0,0,0,0,0,0.0,0.0029529001999999997,0.0,0.0029529001999999997,0.0029529001999999997,,0.0,0.0029529001999999997,,,0.0,,
2026-06-27,mock_app_id,googleadwords_int,232552584,mock_campaign_a5da28b5,Matched paid campaign,true,2416,62,28,25,0,515,0,0,0,0,0,20.059310164940065,14.403727424400001,0.0,14.403727424400001,-5.6555827405400638,0.71805696736147151,0.71640393446214523,0.5144188365857143,0.025662251655629138,0.45161290322580644,0.0,,
2026-06-27,mock_app_id,googleadwords_int,243641668,mock_campaign_1e8723bd,Matched paid campaign,true,17942,517,239,179,0,1542,5,0,0,0,0,8.17549698211111,8.7958922343999966,0.0,8.7958922343999966,0.62039525228888692,1.075884714243841,0.034207100343561128,0.036802896378242661,0.028815070783636161,0.46228239845261121,0.0,0.0,
2026-06-27,mock_app_id,googleadwords_int,258346999,mock_campaign_8ba2a925,Matched paid campaign,true,117,4,1,1,0,3,0,0,0,0,0,0.2346255128,0.1715956039,0.0,0.1715956039,-0.063029908899999987,0.73135952630297252,0.2346255128,0.1715956039,0.034188034188034191,0.25,0.0,,
2026-06-27,mock_app_id,googleadwords_int,262368493,mock_campaign_c13d8f45,Installs without cost,true,0,0,14,2,0,26,0,0,0,0,0,0.0,0.0225429344,0.0,0.0225429344,0.0225429344,,0.0,0.0016102096,,,0.0,,
2026-06-27,mock_app_id,googleadwords_int,280939212,mock_campaign_45884f7b,Matched paid campaign,true,535,21,6,5,0,24,0,0,0,0,0,0.6431745184,0.027103496400000003,0.0,0.027103496400000003,-0.616071022,0.042140189986730678,0.10719575306666666,0.0045172494,0.03925233644859813,0.2857142857142857,0.0,,
2026-06-27,mock_app_id,googleadwords_int,351751429,mock_campaign_b7e37028,Matched paid campaign,true,4797,97,41,37,0,374,0,0,0,0,0,18.986280423802409,10.536430721699999,0.0,10.536430721699999,-8.44984970210241,0.554949705077086,0.46308001033664414,0.25698611516341457,0.020220971440483636,0.422680412371134,0.0,,
2026-06-27,mock_app_id,googleadwords_int,369626124,mock_campaign_617ec63b,Matched paid campaign,true,896,25,11,8,0,83,0,0,0,0,0,0.49510797050000011,0.2684030866,0.0,0.2684030866,-0.2267048839000001,0.54211021149375727,0.045009815500000008,0.0244002806,0.027901785714285716,0.44,0.0,,
2026-06-27,mock_app_id,googleadwords_int,369804654,mock_campaign_92e554bf,Matched paid campaign,true,704,19,10,9,0,122,0,0,0,0,0,0.20094321500000004,0.7784688249,0.0,0.7784688249,0.5775256099,3.8740737023641225,0.020094321500000005,0.07784688249,0.026988636363636364,0.52631578947368418,0.0,,
2026-06-27,mock_app_id,googleadwords_int,432166127,mock_campaign_f8b84857,Matched paid campaign,true,2811,90,44,37,0,497,0,0,0,0,0,2.8539217443000013,3.7070502739,0.0,3.7070502739,0.85312852959999885,1.2989319981544381,0.064861857825000035,0.084251142588636363,0.032017075773746,0.48888888888888887,0.0,,
2026-06-27,mock_app_id,googleadwords_int,434877610,mock_campaign_0dfbbe6f,Matched paid campaign,true,1483,43,24,20,0,125,0,0,0,0,0,0.4950192772,1.247186317,0.0,1.247186317,0.7521670398,2.5194701993314612,0.020625803216666665,0.051966096541666666,0.028995279838165879,0.55813953488372092,0.0,,
2026-06-27,mock_app_id,googleadwords_int,464541057,mock_campaign_d8ff83e7,Matched paid campaign,true,1821,38,10,8,0,166,0,0,0,0,0,1.9616655189000003,1.5743110980000004,0.0,1.5743110980000004,-0.38735442089999994,0.80253798765999207,0.19616655189000004,0.15743110980000002,0.02086765513454146,0.26315789473684209,0.0,,
2026-06-27,mock_app_id,googleadwords_int,502057685,mock_campaign_befecb98,Matched paid campaign,true,7043,164,65,51,0,476,0,0,0,0,0,2.7318000208999984,1.6290811546,0.0,1.6290811546,-1.1027188662999985,0.5963398280022324,0.042027692629230742,0.025062786993846151,0.023285531733636233,0.39634146341463417,0.0,,
2026-06-27,mock_app_id,googleadwords_int,510225620,mock_campaign_10287894,Matched paid campaign,true,72434,3359,1291,629,2,5059,10,2,0,0,0,12.471586409600011,4.0745525893000023,45.4255758913,49.500128480600004,37.02854207099999,3.9690322349446459,0.00966040775336949,0.038342469775832694,0.046373250131153877,0.38434057755284312,0.0015491866769945779,0.2,22.71278794565
2026-06-27,mock_app_id,googleadwords_int,514288304,mock_campaign_c95b5395,Installs without cost,true,0,0,5,0,0,0,0,0,0,0,0,0.0,0.0,0.0,0.0,0.0,,0.0,0.0,,,0.0,,
2026-06-27,mock_app_id,googleadwords_int,525989111,mock_campaign_c82cc8f4,Matched paid campaign,true,4012,189,101,79,0,802,1,0,0,0,0,2.3675952242000009,1.5753824478999994,0.0,1.5753824478999994,-0.79221277630000153,0.665393489477203,0.023441536873267336,0.015597846018811874,0.047108673978065806,0.53439153439153442,0.0,0.0,
2026-06-27,mock_app_id,googleadwords_int,529859974,mock_campaign_d2ea5396,Matched paid campaign,true,11062,355,122,93,0,1487,0,0,0,0,0,2.9610819658,3.0340450822000005,0.0,3.0340450822000005,0.072963116400000416,1.0246406945983637,0.024271163654098361,0.024869221985245906,0.032091845959139394,0.3436619718309859,0.0,,
2026-06-27,mock_app_id,googleadwords_int,557162896,mock_campaign_b0c8a1e0,Installs without cost,true,0,0,8,0,0,0,0,0,0,0,0,0.0,0.0,0.0,0.0,0.0,,0.0,0.0,,,0.0,,
2026-06-27,mock_app_id,googleadwords_int,571438578,mock_campaign_756e1c81,Matched paid campaign,true,67682,2235,857,354,0,2658,1,0,0,0,0,5.4103710426000067,1.8120323031000003,0.0,1.8120323031000003,-3.5983387395000062,0.33491830575620013,0.0063131517416569506,0.00211439008529755,0.033022073815785584,0.38344519015659956,0.0,0.0,
2026-06-27,mock_app_id,googleadwords_int,585166272,mock_campaign_60587c25,Matched paid campaign,true,354,9,3,2,0,45,0,0,0,0,0,0.43734469900266104,0.6978500634,0.0,0.6978500634,0.26050536439733896,1.5956522738046355,0.14578156633422035,0.2326166878,0.025423728813559324,0.33333333333333331,0.0,,
2026-06-27,mock_app_id,googleadwords_int,590094865,mock_campaign_23f341fc,Matched paid campaign,true,187,8,3,1,0,6,0,0,0,0,0,0.1303718277,0.0040013199,0.0,0.0040013199,-0.1263705078,0.030691599332391652,0.0434572759,0.0013337732999999998,0.0427807486631016,0.375,0.0,,
2026-06-27,mock_app_id,googleadwords_int,611748075,mock_campaign_628993e1,Matched paid campaign,true,349,7,3,2,0,21,0,0,0,0,0,0.2977287615,0.8231980016999999,0.0,0.8231980016999999,0.52546924019999985,2.7649260271416538,0.0992429205,0.2743993339,0.020057306590257881,0.42857142857142855,0.0,,
2026-06-27,mock_app_id,googleadwords_int,611892113,mock_campaign_9bfd19ea,Matched paid campaign,true,2969,118,68,56,0,474,2,0,0,0,0,0.86348297970000032,1.3413695657000002,0.0,1.3413695657000002,0.47788658599999989,1.5534406551545832,0.0126982791132353,0.019726023025000004,0.039744021556079485,0.576271186440678,0.0,0.0,
2026-06-27,mock_app_id,googleadwords_int,654635500,mock_campaign_67ff1f36,Matched paid campaign,true,302,21,11,6,0,16,0,0,0,0,0,0.18654642089999998,0.0182639043,0.0,0.0182639043,-0.1682825166,0.097905412561040475,0.016958765536363635,0.0016603549363636365,0.0695364238410596,0.52380952380952384,0.0,,
2026-06-27,mock_app_id,googleadwords_int,660741874,mock_campaign_7e7497dd,Matched paid campaign,true,235,4,2,2,0,14,0,0,0,0,0,0.095870947699999987,0.0279633789,0.0,0.0279633789,-0.067907568799999984,0.29167729714640134,0.047935473849999993,0.01398168945,0.017021276595744681,0.5,0.0,,
2026-06-27,mock_app_id,googleadwords_int,739276167,mock_campaign_1fbdf2e3,Matched paid campaign,true,6056,167,81,71,1,721,3,1,0,0,0,44.907150556081774,57.315781416899988,38.204261,95.5200424169,50.612891860818223,2.127056409370951,0.55440926612446639,1.1792597829246914,0.027575957727873184,0.48502994011976047,0.012345679012345678,0.33333333333333331,38.204261
2026-06-27,mock_app_id,googleadwords_int,742036733,mock_campaign_e0586969,Matched paid campaign,true,906,17,8,8,0,133,0,0,0,0,0,4.4823941241087111,2.8974638937,0.0,2.8974638937,-1.5849302304087112,0.64640989022270279,0.56029926551358888,0.3621829867125,0.018763796909492272,0.47058823529411764,0.0,,
2026-06-27,mock_app_id,googleadwords_int,788967442,mock_campaign_475f8981,Cost without installs,true,127,3,0,0,0,0,0,0,0,0,0,0.4662647466,0.0,0.0,0.0,-0.4662647466,0.0,,,0.023622047244094488,0.0,,,
2026-06-27,mock_app_id,googleadwords_int,792104306,mock_campaign_6fcee95d,Matched paid campaign,true,40785,1819,837,594,1,10106,8,1,0,0,0,46.379584247100048,24.078032308200005,27.3317385152,51.409770823400009,5.0301865762999611,1.108456913919285,0.055411689662007227,0.061421470517801682,0.044599730292999878,0.46014293567894449,0.0011947431302270011,0.125,27.3317385152
2026-06-27,mock_app_id,googleadwords_int,810543724,mock_campaign_c492b014,Matched paid campaign,true,349,8,1,1,0,1,0,0,0,0,0,0.7776050817,0.1809918903,0.0,0.1809918903,-0.59661319139999991,0.23275553948839378,0.7776050817,0.1809918903,0.022922636103151862,0.125,0.0,,
2026-06-27,mock_app_id,googleadwords_int,834117318,mock_campaign_ae804aae,Installs without cost,true,0,0,3,0,0,0,0,0,0,0,0,0.0,0.0,0.0,0.0,0.0,,0.0,0.0,,,0.0,,
2026-06-27,mock_app_id,googleadwords_int,848321939,mock_campaign_c41abc99,Other,true,1,0,0,0,0,0,0,0,0,0,0,0.0,0.0,0.0,0.0,0.0,,,,0.0,,,,
2026-06-27,mock_app_id,googleadwords_int,900383572,mock_campaign_45368c6d,Matched paid campaign,true,11225,323,159,134,0,4027,1,0,0,0,0,3.0810742362999965,6.0119723215999974,0.0,6.0119723215999974,2.9308980853000008,1.9512585093761521,0.019377825385534571,0.037811146676729544,0.028775055679287304,0.49226006191950467,0.0,0.0,
2026-06-27,mock_app_id,googleadwords_int,972671114,mock_campaign_9911559c,Cost without installs,true,14,0,0,0,0,0,0,0,0,0,0,0.0002888635,0.0,0.0,0.0,-0.0002888635,0.0,,,0.0,,,,
2026-06-27,mock_app_id,googleadwords_int,974591165,mock_campaign_674dbd59,Matched paid campaign,true,2854,136,75,66,1,533,2,1,0,0,0,1.8256962489000002,0.8032525494,35.4265793755,36.2298319249,34.404135675999996,19.844391939091086,0.024342616652000004,0.48306442566533331,0.047652417659425371,0.55147058823529416,0.013333333333333334,0.5,35.4265793755
2026-06-27,mock_app_id,googleadwords_int,998337322,mock_campaign_fe944d1c,Matched paid campaign,true,27352,1153,610,476,2,6258,10,2,0,0,0,25.890588140199995,28.005701679699985,67.1258534671,95.131555146799982,69.240967006599988,3.6743682542726943,0.042443587115081956,0.15595336909311472,0.042154138637028368,0.52905464006938419,0.0032786885245901639,0.2,33.56292673355
2026-06-28,mock_app_id,other,,,Unattributed,false,0,0,2611,216,0,3876,2,0,0,0,0,0.0,16.1469818665,0.0,16.1469818665,16.1469818665,,0.0,0.0061842136600919187,,,0.0,0.0,
2026-06-28,mock_app_id,unknown,,,Unattributed,false,0,0,4332,6,0,98,0,0,0,0,0,0.0,0.11401277609999996,0.0,0.11401277609999996,0.11401277609999996,,0.0,2.6318738711911348e-05,,,0.0,,
2026-06-28,mock_app_id,googleadwords_int,,,Unattributed,false,0,0,2943,13,0,83,0,0,0,0,0,0.0,1.9266463600000003,0.0,1.9266463600000003,1.9266463600000003,,0.0,0.00065465387699626244,,,0.0,,
2026-06-28,mock_app_id,googleadwords_int,140410898,mock_campaign_a2e93e84,Matched paid campaign,true,8878,217,112,96,0,6832,5,0,0,0,0,50.255329295200006,52.611754072799968,0.0,52.611754072799968,2.3564247775999618,1.0468890525770573,0.44870829727857148,0.46974780422142831,0.024442441991439513,0.5161290322580645,0.0,0.0,
2026-06-28,mock_app_id,googleadwords_int,148918961,mock_campaign_993fe179,Matched paid campaign,true,42038,1173,396,308,1,3131,2,1,0,0,0,28.513862551,5.7179383670000021,34.9715932515,40.689531618500006,12.175669067500007,1.4270087591859069,0.072004703411616161,0.10275134247095961,0.027903325562586231,0.33759590792838873,0.0025252525252525255,0.5,34.9715932515
2026-06-28,mock_app_id,googleadwords_int,161332031,mock_campaign_12520749,Matched paid campaign,true,4775,312,84,38,0,317,0,0,0,0,0,1.7488919195999992,0.31226728530000009,0.0,0.31226728530000009,-1.4366246342999991,0.17855150555639873,0.020820141899999992,0.0037174676821428582,0.065340314136125649,0.26923076923076922,0.0,,
2026-06-28,mock_app_id,googleadwords_int,161694703,mock_campaign_2c0c0430,Matched paid campaign,true,65096,3298,1114,861,3,9284,54,3,0,3,0,43.221578744300039,25.8562884267,62.8280575462,88.6843459729,45.462767228599965,2.0518534618450395,0.03879854465377023,0.0796089281623878,0.050663635246405311,0.33778047301394787,0.0026929982046678637,0.055555555555555552,20.942685848733333
2026-06-28,mock_app_id,googleadwords_int,180761354,mock_campaign_07fb7039,Matched paid campaign,true,75,2,1,1,0,8,0,0,0,0,0,0.0056332451,0.014917368999999998,0.0,0.014917368999999998,0.0092841238999999982,2.6480951450168568,0.0056332451,0.014917368999999998,0.026666666666666668,0.5,0.0,,
2026-06-28,mock_app_id,googleadwords_int,232552584,mock_campaign_a5da28b5,Matched paid campaign,true,2315,44,21,18,0,113,1,0,0,0,0,13.029922220832972,9.3618592524999986,0.0,9.3618592524999986,-3.6680629683329737,0.718489266001276,0.620472486706332,0.44580282154761897,0.019006479481641469,0.47727272727272729,0.0,0.0,
2026-06-28,mock_app_id,googleadwords_int,243641668,mock_campaign_1e8723bd,Matched paid campaign,true,17536,529,272,227,0,2614,0,0,0,0,0,9.6003210321661854,14.356283566699997,0.0,14.356283566699997,4.7559625345338112,1.4953961975436869,0.035295297912375678,0.052780454289338224,0.030166514598540146,0.51417769376181477,0.0,,
2026-06-28,mock_app_id,googleadwords_int,258346999,mock_campaign_8ba2a925,Matched paid campaign,true,109,4,3,3,0,14,0,0,0,0,0,0.1939811978,0.3832999493,0.0,0.3832999493,0.1893187515,1.975964442157909,0.064660399266666668,0.12776664976666666,0.03669724770642202,0.75,0.0,,
2026-06-28,mock_app_id,googleadwords_int,262368493,mock_campaign_c13d8f45,Installs without cost,true,0,0,15,1,0,16,0,0,0,0,0,0.0,0.0278971361,0.0,0.0278971361,0.0278971361,,0.0,0.0018598090733333334,,,0.0,,
2026-06-28,mock_app_id,googleadwords_int,280939212,mock_campaign_45884f7b,Matched paid campaign,true,506,10,3,3,0,27,0,0,0,0,0,0.3296160371,0.2123769646,0.0,0.2123769646,-0.11723907249999999,0.64431623675994987,0.10987201236666666,0.070792321533333327,0.019762845849802372,0.3,0.0,,
2026-06-28,mock_app_id,googleadwords_int,351751429,mock_campaign_b7e37028,Matched paid campaign,true,5078,117,57,53,0,491,0,0,0,0,0,22.978182722208977,24.240602330600009,0.0,24.240602330600009,1.2624196083910313,1.0549399238248232,0.40312601267033293,0.42527372509824579,0.023040567152422215,0.48717948717948717,0.0,,
2026-06-28,mock_app_id,googleadwords_int,369626124,mock_campaign_617ec63b,Matched paid campaign,true,970,17,7,4,0,41,0,0,0,0,0,0.38669302359999996,0.1585470462,0.0,0.1585470462,-0.22814597739999995,0.41000751636006505,0.055241860514285708,0.02264957802857143,0.017525773195876289,0.41176470588235292,0.0,,
2026-06-28,mock_app_id,googleadwords_int,369804654,mock_campaign_92e554bf,Matched paid campaign,true,967,23,11,7,0,86,0,0,0,0,0,0.31776042809999994,0.6657860004,0.0,0.6657860004,0.34802557230000009,2.0952451643553163,0.028887311645454539,0.060526000036363638,0.023784901758014478,0.47826086956521741,0.0,,
2026-06-28,mock_app_id,googleadwords_int,432166127,mock_campaign_f8b84857,Matched paid campaign,true,2659,87,44,41,0,409,0,0,0,0,0,2.8350007781999991,4.5746041997,0.0,4.5746041997,1.7396034215000014,1.6136165587243725,0.0644318358681818,0.1039682772659091,0.0327190673185408,0.50574712643678166,0.0,,
2026-06-28,mock_app_id,googleadwords_int,434877610,mock_campaign_0dfbbe6f,Matched paid campaign,true,1456,45,25,21,0,118,0,0,0,0,0,0.6347063425,1.0721843045000001,0.0,1.0721843045000001,0.43747796200000011,1.6892604228230161,0.025388253700000002,0.042887372180000008,0.030906593406593408,0.55555555555555558,0.0,,
2026-06-28,mock_app_id,googleadwords_int,464541057,mock_campaign_d8ff83e7,Matched paid campaign,true,1829,40,9,7,0,26,0,0,0,0,0,1.8157341197999997,0.70253164590000006,0.0,0.70253164590000006,-1.1132024738999995,0.38691328110163115,0.20174823553333329,0.078059071766666668,0.021869874248223072,0.225,0.0,,
2026-06-28,mock_app_id,googleadwords_int,502057685,mock_campaign_befecb98,Matched paid campaign,true,6785,165,73,63,0,596,3,0,0,0,0,2.3810481263000005,2.4500625703,0.0,2.4500625703,0.069014443999999564,1.0289849009088463,0.032617097620547951,0.0335625009630137,0.024318349299926309,0.44242424242424244,0.0,0.0,
2026-06-28,mock_app_id,googleadwords_int,510225620,mock_campaign_10287894,Matched paid campaign,true,55595,2538,921,416,0,3299,4,0,0,0,0,8.0320424643999964,2.3001780441000022,0.0,2.3001780441000022,-5.7318644202999938,0.28637523448051494,0.0087210015900108535,0.002497478875244302,0.045651587372965194,0.36288416075650121,0.0,0.0,
2026-06-28,mock_app_id,googleadwords_int,514288304,mock_campaign_c95b5395,Installs without cost,true,0,0,10,0,0,0,0,0,0,0,0,0.0,0.0,0.0,0.0,0.0,,0.0,0.0,,,0.0,,
2026-06-28,mock_app_id,googleadwords_int,525989111,mock_campaign_c82cc8f4,Matched paid campaign,true,3713,168,76,57,0,595,0,0,0,0,0,2.2408020490999987,1.3640271511,0.0,1.3640271511,-0.87677489799999875,0.6087227346332762,0.029484237488157879,0.017947725672368419,0.045246431457042824,0.45238095238095238,0.0,,
2026-06-28,mock_app_id,googleadwords_int,529859974,mock_campaign_d2ea5396,Matched paid campaign,true,11358,450,170,127,0,2095,0,0,0,0,0,4.1248560482999954,4.8421550471999995,0.0,4.8421550471999995,0.717298998900004,1.1738967349407574,0.024263859107647032,0.028483264983529408,0.039619651347068144,0.37777777777777777,0.0,,
2026-06-28,mock_app_id,googleadwords_int,557162896,mock_campaign_b0c8a1e0,Installs without cost,true,0,0,5,1,0,9,0,0,0,0,0,0.0,0.0360921348,0.0,0.0360921348,0.0360921348,,0.0,0.0072184269600000005,,,0.0,,
2026-06-28,mock_app_id,googleadwords_int,571438578,mock_campaign_756e1c81,Matched paid campaign,true,95583,3580,1388,648,0,4560,9,0,0,0,0,11.373608109099997,3.5360686897999991,0.0,3.5360686897999991,-7.8375394192999988,0.3109012246492649,0.0081942421535302571,0.0025475999206051865,0.0374543590387412,0.38770949720670389,0.0,0.0,
2026-06-28,mock_app_id,googleadwords_int,585166272,mock_campaign_60587c25,Matched paid campaign,true,339,9,5,4,0,11,0,0,0,0,0,0.40826208108470485,0.4045231233,0.0,0.4045231233,-0.0037389577847048439,0.99084177062251078,0.081652416216940971,0.080904624660000007,0.026548672566371681,0.55555555555555558,0.0,,
2026-06-28,mock_app_id,googleadwords_int,590094865,mock_campaign_23f341fc,Matched paid campaign,true,676,33,14,14,0,215,0,0,0,0,0,0.34138213910000004,0.55028148739999982,0.0,0.55028148739999982,0.20889934829999979,1.6119223133662759,0.02438443850714286,0.039305820528571414,0.048816568047337278,0.42424242424242425,0.0,,
2026-06-28,mock_app_id,googleadwords_int,611748075,mock_campaign_628993e1,Matched paid campaign,true,373,8,4,4,0,185,0,0,0,0,0,0.36044224789999996,1.1471010896,0.0,1.1471010896,0.7866588417,3.1824823429639921,0.090110561974999989,0.2867752724,0.021447721179624665,0.5,0.0,,
2026-06-28,mock_app_id,googleadwords_int,611892113,mock_campaign_9bfd19ea,Matched paid campaign,true,3419,149,66,45,0,422,2,0,0,0,0,1.4394214670999987,1.6060706989000004,0.0,1.6060706989000004,0.16664923180000168,1.115775146896864,0.0218094161681818,0.024334404528787885,0.043579994150336358,0.44295302013422821,0.0,0.0,
2026-06-28,mock_app_id,googleadwords_int,654635500,mock_campaign_67ff1f36,Matched paid campaign,true,363,22,14,13,0,192,1,0,0,0,0,0.32896995929999989,0.1976035463,0.0,0.1976035463,-0.1313664129999999,0.60067352873335766,0.023497854235714277,0.014114539021428571,0.060606060606060608,0.63636363636363635,0.0,0.0,
2026-06-28,mock_app_id,googleadwords_int,660741874,mock_campaign_7e7497dd,Matched paid campaign,true,82,5,2,1,0,25,0,0,0,0,0,0.1073603917,0.1558565694,0.0,0.1558565694,0.048496177700000004,1.451713867023829,0.05368019585,0.0779282847,0.06097560975609756,0.4,0.0,,
2026-06-28,mock_app_id,googleadwords_int,739276167,mock_campaign_1fbdf2e3,Matched paid campaign,true,6011,148,81,76,1,1447,2,1,0,0,0,42.772159082551809,51.936125921000013,38.204261,90.140386921000015,47.368227838448206,2.1074546820754554,0.52805134669817044,1.1128442829753089,0.024621527200133088,0.54729729729729726,0.012345679012345678,0.5,38.204261
2026-06-28,mock_app_id,googleadwords_int,742036733,mock_campaign_e0586969,Matched paid campaign,true,926,22,8,8,0,24,0,0,0,0,0,5.1323526369953765,4.9284273769,0.0,4.9284273769,-0.20392526009537626,0.96026670914515344,0.64154407962442206,0.6160534221125,0.023758099352051837,0.36363636363636365,0.0,,
2026-06-28,mock_app_id,googleadwords_int,788967442,mock_campaign_475f8981,Matched paid campaign,true,169,6,3,2,0,8,0,0,0,0,0,0.2138289682,0.0435431759,0.0,0.0435431759,-0.1702857923,0.20363553295207829,0.071276322733333328,0.014514391966666667,0.035502958579881658,0.5,0.0,,
2026-06-28,mock_app_id,googleadwords_int,792104306,mock_campaign_6fcee95d,Matched paid campaign,true,40686,1702,723,528,0,8184,10,0,0,0,0,41.594834586500014,19.2770968433,0.0,19.2770968433,-22.317737743200013,0.46344929688833431,0.057530891544260047,0.026662651235546335,0.041832571400481737,0.42479435957696826,0.0,0.0,
2026-06-28,mock_app_id,googleadwords_int,810543724,mock_campaign_c492b014,Cost without installs,true,284,4,0,0,0,0,0,0,0,0,0,0.3271554083,0.0,0.0,0.0,-0.3271554083,0.0,,,0.014084507042253521,0.0,,,
2026-06-28,mock_app_id,googleadwords_int,834117318,mock_campaign_ae804aae,Installs without cost,true,0,0,2,0,0,0,0,0,0,0,0,0.0,0.0,0.0,0.0,0.0,,0.0,0.0,,,0.0,,
2026-06-28,mock_app_id,googleadwords_int,900383572,mock_campaign_45368c6d,Matched paid campaign,true,11317,348,163,132,0,2646,0,0,0,0,0,3.0015627270999969,7.0772406230000033,0.0,7.0772406230000033,4.0756778959000064,2.3578519812703638,0.01841449525828219,0.043418654128834375,0.03075019881594062,0.46839080459770116,0.0,,
2026-06-28,mock_app_id,googleadwords_int,972671114,mock_campaign_9911559c,Cost without installs,true,25,0,0,0,0,0,0,0,0,0,0,0.0013816625999999999,0.0,0.0,0.0,-0.0013816625999999999,0.0,,,0.0,,,,
2026-06-28,mock_app_id,googleadwords_int,974591165,mock_campaign_674dbd59,Matched paid campaign,true,2435,116,62,43,0,447,2,0,0,0,0,0.8495581316,0.61971922860000006,0.0,0.61971922860000006,-0.22983890299999998,0.72946065201313881,0.013702550509677421,0.0099954714290322582,0.047638603696098562,0.53448275862068961,0.0,0.0,
2026-06-28,mock_app_id,googleadwords_int,989105150,mock_campaign_58ab9c06,Other,true,1,0,0,0,0,0,0,0,0,0,0,0.0,0.0,0.0,0.0,0.0,,,,0.0,,,,
2026-06-28,mock_app_id,googleadwords_int,998337322,mock_campaign_fe944d1c,Matched paid campaign,true,27032,1117,554,447,0,6204,3,0,0,0,0,27.529532915800004,27.640826146099968,0.0,27.640826146099968,0.11129323029996385,1.0040426850190434,0.049692297681949466,0.049893187989350121,0.041321396862977214,0.49597135183527308,0.0,0.0,
2026-06-29,mock_app_id,googleadwords_int,,,Unattributed,false,0,0,2093,37,0,617,0,0,0,0,0,0.0,2.5810895547999997,0.0,2.5810895547999997,2.5810895547999997,,0.0,0.0012332009339703772,,,0.0,,
2026-06-29,mock_app_id,unknown,,,Unattributed,false,0,0,4441,3,0,45,0,0,0,0,0,0.0,0.0694861494,0.0,0.0694861494,0.0694861494,,0.0,1.5646509659986491e-05,,,0.0,,
2026-06-29,mock_app_id,other,,,Unattributed,false,0,0,1071,187,0,2586,6,0,0,0,0,0.0,16.355691273000009,0.0,16.355691273000009,16.355691273000009,,0.0,0.015271420422969195,,,0.0,0.0,
2026-06-29,mock_app_id,googleadwords_int,140410898,mock_campaign_a2e93e84,Matched paid campaign,true,9326,263,119,106,0,1658,8,0,0,0,0,59.124908287399961,57.984241333400028,0.0,57.984241333400028,-1.1406669539999328,0.98070750573590282,0.49684796880168036,0.48726253221344562,0.028200729144327686,0.45247148288973382,0.0,0.0,
2026-06-29,mock_app_id,googleadwords_int,148918961,mock_campaign_993fe179,Matched paid campaign,true,46300,1158,331,262,1,2841,3,1,0,0,0,27.179981228700022,4.396547375,35.0850467855,39.481594160499995,12.301612931799973,1.45259828652164,0.082114746914501574,0.11927974066616312,0.025010799136069115,0.28583765112262521,0.0030211480362537764,0.33333333333333331,35.0850467855
2026-06-29,mock_app_id,googleadwords_int,161332031,mock_campaign_12520749,Matched paid campaign,true,1933,85,28,11,0,180,0,0,0,0,0,0.1583085898,0.086865967099999983,0.0,0.086865967099999983,-0.071442622700000027,0.5487129107128208,0.0056538782071428578,0.0031023559678571423,0.04397309881013968,0.32941176470588235,0.0,,
2026-06-29,mock_app_id,googleadwords_int,161694703,mock_campaign_2c0c0430,Matched paid campaign,true,68709,3275,1131,860,1,12073,64,1,0,0,1,46.84962212060006,25.936189982500007,0.0,25.936189982500007,-20.913432138100053,0.55360510519669082,0.041423184898850628,0.022932086633510176,0.047664789183367536,0.34534351145038167,0.00088417329796640137,0.015625,0.0
2026-06-29,mock_app_id,googleadwords_int,180761354,mock_campaign_07fb7039,Matched paid campaign,true,46,3,2,2,0,3,0,0,0,0,0,0.010332362599999999,0.016025662,0.0,0.016025662,0.0056932994000000008,1.551016221594856,0.0051661812999999994,0.008012831,0.065217391304347824,0.66666666666666663,0.0,,
2026-06-29,mock_app_id,googleadwords_int,232552584,mock_campaign_a5da28b5,Matched paid campaign,true,2380,53,25,24,0,441,1,0,0,0,0,14.699683478682537,14.661687078800002,0.0,14.661687078800002,-0.03799639988253567,0.99741515523530566,0.5879873391473015,0.586467483152,0.022268907563025211,0.47169811320754718,0.0,0.0,
2026-06-29,mock_app_id,googleadwords_int,243641668,mock_campaign_1e8723bd,Matched paid campaign,true,16999,568,269,221,1,2540,4,1,0,0,0,10.508063264616736,12.6867713739,39.413277451300004,52.100048825200005,41.591985560583268,4.9581019368843959,0.039063432210471136,0.19368047890408924,0.033413730219424675,0.47359154929577463,0.0037174721189591076,0.25,39.413277451300004
2026-06-29,mock_app_id,googleadwords_int,258346999,mock_campaign_8ba2a925,Cost without installs,true,96,0,0,0,0,0,0,0,0,0,0,0.0042727387,0.0,0.0,0.0,-0.0042727387,0.0,,,0.0,,,,
2026-06-29,mock_app_id,googleadwords_int,262368493,mock_campaign_c13d8f45,Installs without cost,true,0,0,18,0,0,0,0,0,0,0,0,0.0,0.0,0.0,0.0,0.0,,0.0,0.0,,,0.0,,
2026-06-29,mock_app_id,googleadwords_int,280939212,mock_campaign_45884f7b,Matched paid campaign,true,463,13,5,4,0,204,0,0,0,0,0,0.4775255409,1.0301341393999999,0.0,1.0301341393999999,0.55260859849999988,2.1572335952093571,0.095505108179999992,0.20602682787999999,0.028077753779697623,0.38461538461538464,0.0,,
2026-06-29,mock_app_id,googleadwords_int,351751429,mock_campaign_b7e37028,Matched paid campaign,true,5013,88,45,39,0,239,0,0,0,0,0,17.650531321402504,13.652373561000001,0.0,13.652373561000001,-3.9981577604025027,0.77348229990366035,0.39223402936450008,0.30338607913333338,0.017554358667464593,0.51136363636363635,0.0,,
2026-06-29,mock_app_id,googleadwords_int,369626124,mock_campaign_617ec63b,Matched paid campaign,true,993,26,14,11,0,78,1,0,0,0,0,0.5465395064,0.264194121,0.0,0.264194121,-0.28234538540000004,0.48339437114110878,0.039038536171428571,0.018871008642857144,0.026183282980866064,0.53846153846153844,0.0,0.0,
2026-06-29,mock_app_id,googleadwords_int,369804654,mock_campaign_92e554bf,Matched paid campaign,true,1054,25,13,13,0,94,0,0,0,0,0,0.3522312012,1.4236456710999998,0.0,1.4236456710999998,1.0714144698999999,4.0417931922267192,0.027094707784615386,0.10951120546923075,0.023719165085388995,0.52,0.0,,
2026-06-29,mock_app_id,googleadwords_int,432166127,mock_campaign_f8b84857,Matched paid campaign,true,2644,83,45,39,0,327,1,0,0,0,0,2.6896820951999993,3.861162874200001,0.0,3.861162874200001,1.1714807790000017,1.4355461863283485,0.059770713226666654,0.085803619426666686,0.031391830559757944,0.54216867469879515,0.0,0.0,
2026-06-29,mock_app_id,googleadwords_int,434877610,mock_campaign_0dfbbe6f,Matched paid campaign,true,1538,26,12,9,0,23,0,0,0,0,0,0.31146727230000004,0.33523060670000004,0.0,0.33523060670000004,0.023763334400000002,1.07629480370288,0.025955606025000005,0.027935883891666669,0.016905071521456438,0.46153846153846156,0.0,,
2026-06-29,mock_app_id,googleadwords_int,464541057,mock_campaign_d8ff83e7,Matched paid campaign,true,2020,50,16,11,0,227,0,0,0,0,0,2.4013352947,2.8946422051999994,0.0,2.8946422051999994,0.49330691049999942,1.2054302502398477,0.15008345591875,0.18091513782499996,0.024752475247524754,0.32,0.0,,
2026-06-29,mock_app_id,googleadwords_int,502057685,mock_campaign_befecb98,Matched paid campaign,true,7186,177,57,42,0,391,0,0,0,0,0,2.9895630932000015,1.5417769659,0.0,1.5417769659,-1.4477861273000014,0.51571982856187049,0.05244847531929827,0.027048718700000002,0.024631227386585026,0.32203389830508472,0.0,,
2026-06-29,mock_app_id,googleadwords_int,510225620,mock_campaign_10287894,Matched paid campaign,true,94994,4066,1599,654,0,4599,10,0,0,0,0,12.01796656100001,4.3919702523000019,0.0,4.3919702523000019,-7.6259963087000084,0.36545036383713719,0.0075159265547217078,0.0027466980939962488,0.042802703328631279,0.39326119035907525,0.0,0.0,
2026-06-29,mock_app_id,googleadwords_int,514288304,mock_campaign_c95b5395,Installs without cost,true,0,0,4,0,0,0,0,0,0,0,0,0.0,0.0,0.0,0.0,0.0,,0.0,0.0,,,0.0,,
2026-06-29,mock_app_id,googleadwords_int,525989111,mock_campaign_c82cc8f4,Matched paid campaign,true,2773,124,69,47,0,411,2,0,0,0,0,1.5910894511999993,0.8929873393,0.0,0.8929873393,-0.69810211189999938,0.56124269985355579,0.023059267408695641,0.012941845497101449,0.044716913090515689,0.55645161290322576,0.0,0.0,
2026-06-29,mock_app_id,googleadwords_int,529859974,mock_campaign_d2ea5396,Matched paid campaign,true,11311,359,144,117,0,1725,1,0,0,0,0,3.3516229767,4.1316602524000006,0.0,4.1316602524000006,0.7800372757000007,1.2327341950818178,0.023275159560416665,0.028692085086111114,0.0317390151180267,0.4011142061281337,0.0,0.0,
2026-06-29,mock_app_id,googleadwords_int,557162896,mock_campaign_b0c8a1e0,Installs without cost,true,0,0,3,0,0,0,0,0,0,0,0,0.0,0.0,0.0,0.0,0.0,,0.0,0.0,,,0.0,,
2026-06-29,mock_app_id,googleadwords_int,571438578,mock_campaign_756e1c81,Matched paid campaign,true,47036,1669,667,307,0,2426,4,0,0,0,0,7.1085548056000132,2.3101794329999992,0.0,2.3101794329999992,-4.798375372600014,0.32498580881448286,0.010657503456671684,0.003463537380809594,0.035483459477846757,0.39964050329538647,0.0,0.0,
2026-06-29,mock_app_id,googleadwords_int,585166272,mock_campaign_60587c25,Matched paid campaign,true,458,6,3,3,0,27,0,0,0,0,0,0.39303587995288436,0.41297672370000005,0.0,0.41297672370000005,0.019940843747115689,1.050735428402888,0.1310119599842948,0.13765890790000002,0.013100436681222707,0.5,0.0,,
2026-06-29,mock_app_id,googleadwords_int,590094865,mock_campaign_23f341fc,Matched paid campaign,true,808,31,19,13,0,192,0,0,0,0,0,0.27374902250000005,0.2638527158,0.0,0.2638527158,-0.0098963067000000238,0.96384897885799747,0.014407843289473686,0.013886985042105265,0.038366336633663366,0.61290322580645162,0.0,,
2026-06-29,mock_app_id,googleadwords_int,611748075,mock_campaign_628993e1,Matched paid campaign,true,291,4,2,2,0,2,0,0,0,0,0,0.2055463159,0.7058144862,0.0,0.7058144862,0.5002681703,3.433846445311064,0.10277315795,0.3529072431,0.013745704467353952,0.5,0.0,,
2026-06-29,mock_app_id,googleadwords_int,611892113,mock_campaign_9bfd19ea,Matched paid campaign,true,3940,157,75,59,0,519,0,0,0,0,0,1.5373038811999982,2.5286711176,0.0,2.5286711176,0.99136723640000191,1.6448739566221315,0.020497385082666641,0.033715614901333332,0.039847715736040609,0.47770700636942676,0.0,,
2026-06-29,mock_app_id,googleadwords_int,654635500,mock_campaign_67ff1f36,Matched paid campaign,true,875,68,36,22,0,252,0,0,0,0,0,0.92665946140000011,0.4206226715,0.0,0.4206226715,-0.50603678990000012,0.45391288711877165,0.025740540594444448,0.011683963097222222,0.077714285714285708,0.52941176470588236,0.0,,
2026-06-29,mock_app_id,googleadwords_int,660741874,mock_campaign_7e7497dd,Cost without installs,true,61,1,0,0,0,0,0,0,0,0,0,0.0012107856,0.0,0.0,0.0,-0.0012107856,0.0,,,0.016393442622950821,0.0,,,
2026-06-29,mock_app_id,googleadwords_int,739276167,mock_campaign_1fbdf2e3,Matched paid campaign,true,5437,133,52,44,1,252,1,1,0,0,1,39.825893098024011,37.816228512200006,0.0,37.816228512200006,-2.0096645858240052,0.94953874403073424,0.76588255957738482,0.72723516369615393,0.024462019496045612,0.39097744360902253,0.019230769230769232,1.0,0.0
2026-06-29,mock_app_id,googleadwords_int,742036733,mock_campaign_e0586969,Matched paid campaign,true,335,13,7,6,0,164,1,0,0,0,0,3.949138854327662,3.0208525737999996,0.0,3.0208525737999996,-0.92828628052766238,0.764939569164452,0.56416269347538028,0.43155036768571425,0.03880597014925373,0.53846153846153844,0.0,0.0,
2026-06-29,mock_app_id,googleadwords_int,788967442,mock_campaign_475f8981,Matched paid campaign,true,145,6,1,1,0,4,0,0,0,0,0,0.0850129349,0.0307239202,0.0,0.0307239202,-0.0542890147,0.36140288811508847,0.0850129349,0.0307239202,0.041379310344827586,0.16666666666666666,0.0,,
2026-06-29,mock_app_id,googleadwords_int,792104306,mock_campaign_6fcee95d,Matched paid campaign,true,30537,1565,868,645,3,8933,8,3,0,0,3,48.589376189199946,26.0075041784,0.0,26.0075041784,-22.581872010799945,0.53525083502061377,0.055978543996774134,0.029962562417511523,0.051249304122867344,0.55463258785942493,0.0034562211981566822,0.375,0.0
2026-06-29,mock_app_id,googleadwords_int,810543724,mock_campaign_c492b014,Matched paid campaign,true,334,5,2,2,0,3,0,0,0,0,0,0.75823576689999994,1.5850844703,0.0,1.5850844703,0.8268487034,2.0904902399691849,0.37911788344999997,0.79254223515,0.014970059880239521,0.4,0.0,,
2026-06-29,mock_app_id,googleadwords_int,834117318,mock_campaign_ae804aae,Installs without cost,true,0,0,4,0,0,0,0,0,0,0,0,0.0,0.0,0.0,0.0,0.0,,0.0,0.0,,,0.0,,
2026-06-29,mock_app_id,googleadwords_int,848321939,mock_campaign_c41abc99,Cost without installs,true,1,0,0,0,0,0,0,0,0,0,0,0.0001253098,0.0,0.0,0.0,-0.0001253098,0.0,,,0.0,,,,
2026-06-29,mock_app_id,googleadwords_int,878110867,mock_campaign_95d22b0c,Installs without cost,true,0,0,1,0,0,0,0,0,0,0,0,0.0,0.0,0.0,0.0,0.0,,0.0,0.0,,,0.0,,
2026-06-29,mock_app_id,googleadwords_int,900383572,mock_campaign_45368c6d,Matched paid campaign,true,13306,386,174,145,0,3005,1,0,0,0,0,5.1242781911000028,7.1674977118999976,0.0,7.1674977118999976,2.0432195207999948,1.3987331375468097,0.02944987466149427,0.041192515585632174,0.029009469412295204,0.45077720207253885,0.0,0.0,
2026-06-29,mock_app_id,googleadwords_int,972671114,mock_campaign_9911559c,Cost without installs,true,10,0,0,0,0,0,0,0,0,0,0,0.00011635910000000001,0.0,0.0,0.0,-0.00011635910000000001,0.0,,,0.0,,,,
2026-06-29,mock_app_id,googleadwords_int,974591165,mock_campaign_674dbd59,Matched paid campaign,true,2301,98,51,35,0,328,0,0,0,0,0,0.87250284420000013,0.5032707557,0.0,0.5032707557,-0.36923208850000011,0.57681273940310207,0.017107898905882355,0.0098680540333333337,0.042590178183398525,0.52040816326530615,0.0,,
2026-06-29,mock_app_id,googleadwords_int,989105150,mock_campaign_58ab9c06,Other,true,2,0,0,0,0,0,0,0,0,0,0,0.0,0.0,0.0,0.0,0.0,,,,0.0,,,,
2026-06-29,mock_app_id,googleadwords_int,998337322,mock_campaign_fe944d1c,Matched paid campaign,true,26211,1133,542,424,1,4957,6,1,0,0,0,25.706010059600011,24.78173848989999,42.0963847398,66.8781232297,41.172113170099983,2.6016531960674345,0.047428062840590424,0.12339137127250921,0.043226126435466028,0.47837599293909971,0.0018450184501845018,0.16666666666666666,42.0963847398
2026-06-30,mock_app_id,googleadwords_int,,,Unattributed,false,0,0,1198,23,0,708,0,0,0,0,0,0.0,3.3541608654,0.0,3.3541608654,3.3541608654,,0.0,0.0027998003884808012,,,0.0,,
2026-06-30,mock_app_id,other,,,Unattributed,false,0,0,1226,192,0,2349,2,0,0,0,0,0.0,20.4650429886,0.0,20.4650429886,20.4650429886,,0.0,0.016692530985807506,,,0.0,0.0,
2026-06-30,mock_app_id,unknown,,,Unattributed,false,0,0,4770,7,0,51,0,0,0,0,0,0.0,0.11171975610000001,0.0,0.11171975610000001,0.11171975610000001,,0.0,2.3421332515723274e-05,,,0.0,,
2026-06-30,mock_app_id,googleadwords_int,140410898,mock_campaign_a2e93e84,Matched paid campaign,true,8423,211,90,78,2,2090,9,2,1,0,0,42.278155435500018,36.6450468909,81.491383,118.13642989089999,75.858274455399965,2.7942664166399154,0.46975728261666688,1.3126269987877777,0.025050457081799832,0.42654028436018959,0.022222222222222223,0.22222222222222221,40.7456915
2026-06-30,mock_app_id,googleadwords_int,148918961,mock_campaign_993fe179,Matched paid campaign,true,36086,851,285,210,0,1941,2,0,0,0,0,21.3811319047,3.7462430813000021,0.0,3.7462430813000021,-17.634888823399997,0.17521257050364594,0.075021515455087714,0.01314471256596492,0.023582552790555895,0.33490011750881316,0.0,0.0,
2026-06-30,mock_app_id,googleadwords_int,161332031,mock_campaign_12520749,Matched paid campaign,true,1424,78,28,11,0,94,0,0,0,0,0,0.1534752118,0.1088662201,0.0,0.1088662201,-0.044608991700000017,0.70934073863255609,0.0054812575642857143,0.0038880792892857139,0.054775280898876406,0.358974358974359,0.0,,
2026-06-30,mock_app_id,googleadwords_int,161694703,mock_campaign_2c0c0430,Matched paid campaign,true,65382,3263,1140,876,3,9026,57,3,0,0,1,46.44237747610002,24.9163018208,40.919070563900007,65.835372384700008,19.392994908599988,1.4175711055830407,0.040738927610614054,0.057750326653245622,0.049906702150438957,0.34937174379405456,0.002631578947368421,0.052631578947368418,13.63969018796667
2026-06-30,mock_app_id,googleadwords_int,180761354,mock_campaign_07fb7039,Cost without installs,true,49,2,0,0,0,0,0,0,0,0,0,0.011396682200000001,0.0,0.0,0.0,-0.011396682200000001,0.0,,,0.040816326530612242,0.0,,,
2026-06-30,mock_app_id,googleadwords_int,232552584,mock_campaign_a5da28b5,Matched paid campaign,true,2615,49,26,23,1,282,1,1,0,0,1,18.511723675458622,14.450038784999997,0.0,14.450038784999997,-4.0616848904586256,0.78058850911634525,0.71198937213302393,0.55577072249999993,0.018738049713193115,0.53061224489795922,0.038461538461538464,1.0,0.0
2026-06-30,mock_app_id,googleadwords_int,243641668,mock_campaign_1e8723bd,Matched paid campaign,true,15414,406,207,157,0,1464,3,0,0,0,0,6.80279025438059,8.4784656541000061,0.0,8.4784656541000061,1.6756753997194158,1.2463217793081862,0.032863721035655026,0.040958771275845442,0.02633969118982743,0.50985221674876846,0.0,0.0,
2026-06-30,mock_app_id,googleadwords_int,258346999,mock_campaign_8ba2a925,Other,true,81,0,0,0,0,0,0,0,0,0,0,0.0,0.0,0.0,0.0,0.0,,,,0.0,,,,
2026-06-30,mock_app_id,googleadwords_int,262368493,mock_campaign_c13d8f45,Installs without cost,true,0,0,14,0,0,0,0,0,0,0,0,0.0,0.0,0.0,0.0,0.0,,0.0,0.0,,,0.0,,
2026-06-30,mock_app_id,googleadwords_int,280939212,mock_campaign_45884f7b,Matched paid campaign,true,474,15,6,5,0,76,0,0,0,0,0,0.46714272889999992,0.9142831256,0.0,0.9142831256,0.44714039670000011,1.9571815401106636,0.077857121483333319,0.15238052093333335,0.031645569620253167,0.4,0.0,,
2026-06-30,mock_app_id,googleadwords_int,351751429,mock_campaign_b7e37028,Matched paid campaign,true,5510,103,48,41,0,263,0,0,0,0,0,19.176863261759202,13.597045536199994,0.0,13.597045536199994,-5.5798177255592076,0.70903386808383906,0.39951798461998339,0.28327178200416653,0.018693284936479128,0.46601941747572817,0.0,,
2026-06-30,mock_app_id,googleadwords_int,369626124,mock_campaign_617ec63b,Matched paid campaign,true,949,14,11,8,0,102,0,0,0,0,0,0.39037501609999997,0.55295285570000008,0.0,0.55295285570000008,0.16257783960000011,1.416465790316749,0.035488637827272726,0.050268441427272735,0.014752370916754479,0.7857142857142857,0.0,,
2026-06-30,mock_app_id,googleadwords_int,369804654,mock_campaign_92e554bf,Matched paid campaign,true,1122,27,13,13,0,129,0,0,0,0,0,0.36937586019999996,0.97539465640000012,0.0,0.97539465640000012,0.6060187962000001,2.640656202795356,0.028413527707692305,0.0750303581846154,0.024064171122994651,0.48148148148148145,0.0,,
2026-06-30,mock_app_id,googleadwords_int,432166127,mock_campaign_f8b84857,Matched paid campaign,true,2764,98,52,48,0,449,0,0,0,0,0,3.0800180537000013,6.1739716368000011,0.0,6.1739716368000011,3.0939535831,2.0045244960117223,0.059231116417307716,0.11873022378461541,0.035455861070911719,0.53061224489795922,0.0,,
2026-06-30,mock_app_id,googleadwords_int,434877610,mock_campaign_0dfbbe6f,Matched paid campaign,true,1587,26,15,13,0,79,0,0,0,0,0,0.3324054007,0.7979403864,0.0,0.7979403864,0.46553498569999996,2.4005036762930065,0.022160360046666668,0.05319602576,0.016383112791430371,0.57692307692307687,0.0,,
2026-06-30,mock_app_id,googleadwords_int,464541057,mock_campaign_d8ff83e7,Matched paid campaign,true,1936,43,14,13,0,68,0,0,0,0,0,2.3129438774,2.5309361118,0.0,2.5309361118,0.21799223440000004,1.0942488213959809,0.16521027695714285,0.18078115084285715,0.022210743801652891,0.32558139534883723,0.0,,
2026-06-30,mock_app_id,googleadwords_int,502057685,mock_campaign_befecb98,Matched paid campaign,true,7038,141,52,42,0,652,0,0,0,0,0,1.8913732307000011,1.9089977493999999,0.0,1.9089977493999999,0.017624518699998815,1.0093183716539522,0.036372562128846174,0.03671149518076923,0.020034100596760442,0.36879432624113473,0.0,,
2026-06-30,mock_app_id,googleadwords_int,510225620,mock_campaign_10287894,Matched paid campaign,true,125075,4895,1823,730,0,5215,4,0,0,0,0,12.01270029460003,4.5355515212999959,0.0,4.5355515212999959,-7.4771487733000344,0.37756302996577923,0.0065895229262753867,0.0024879602420735032,0.039136518089146512,0.37242083758937694,0.0,0.0,
2026-06-30,mock_app_id,googleadwords_int,514288304,mock_campaign_c95b5395,Installs without cost,true,0,0,7,0,0,0,0,0,0,0,0,0.0,0.0,0.0,0.0,0.0,,0.0,0.0,,,0.0,,
2026-06-30,mock_app_id,googleadwords_int,525989111,mock_campaign_c82cc8f4,Matched paid campaign,true,2370,104,55,45,0,367,0,0,0,0,0,1.4369706026999993,0.6831390662,0.0,0.6831390662,-0.75383153649999934,0.47540225591004731,0.02612673823090908,0.012420710294545454,0.043881856540084391,0.52884615384615385,0.0,,
2026-06-30,mock_app_id,googleadwords_int,529859974,mock_campaign_d2ea5396,Matched paid campaign,true,11265,385,146,102,0,1247,1,0,0,0,0,3.5634632620999986,3.5874030380999997,0.0,3.5874030380999997,0.023939776000001078,1.0067181206144646,0.024407282617123278,0.024571253685616436,0.034176653351087438,0.37922077922077924,0.0,0.0,
2026-06-30,mock_app_id,googleadwords_int,542533692,mock_campaign_796ef0d2,Installs without cost,true,0,0,1,0,0,0,0,0,0,0,0,0.0,0.0,0.0,0.0,0.0,,0.0,0.0,,,0.0,,
2026-06-30,mock_app_id,googleadwords_int,557162896,mock_campaign_b0c8a1e0,Installs without cost,true,0,0,10,0,0,0,0,0,0,0,0,0.0,0.0,0.0,0.0,0.0,,0.0,0.0,,,0.0,,
2026-06-30,mock_app_id,googleadwords_int,571438578,mock_campaign_756e1c81,Matched paid campaign,true,11748,351,110,47,0,304,0,0,0,0,0,1.5419639410999946,0.28139559270000003,0.0,0.28139559270000003,-1.2605683483999945,0.18249168167918386,0.01401785400999995,0.0025581417518181822,0.029877425944841676,0.31339031339031337,0.0,,
2026-06-30,mock_app_id,googleadwords_int,585166272,mock_campaign_60587c25,Matched paid campaign,true,486,8,1,1,0,1,0,0,0,0,0,0.30953295040918721,0.1698006788,0.0,0.1698006788,-0.13973227160918722,0.54857060799353319,0.30953295040918721,0.1698006788,0.01646090534979424,0.125,0.0,,
2026-06-30,mock_app_id,googleadwords_int,590094865,mock_campaign_23f341fc,Matched paid campaign,true,509,29,11,10,0,85,0,0,0,0,0,0.56115274469999987,0.4920859137000001,0.0,0.4920859137000001,-0.069066830999999773,0.8769197305861457,0.051013885881818169,0.044735083063636376,0.056974459724950882,0.37931034482758619,0.0,,
2026-06-30,mock_app_id,googleadwords_int,611748075,mock_campaign_628993e1,Matched paid campaign,true,383,11,3,2,0,36,2,0,0,0,0,0.731288464,0.063784173,0.0,0.063784173,-0.667504291,0.087221631599537983,0.24376282133333335,0.021261391,0.028720626631853787,0.27272727272727271,0.0,0.0,
2026-06-30,mock_app_id,googleadwords_int,611892113,mock_campaign_9bfd19ea,Matched paid campaign,true,4107,153,60,46,0,594,0,0,0,0,0,1.9684289932999985,1.4088225707,0.0,1.4088225707,-0.5596064225999986,0.71570911396613845,0.03280714988833331,0.023480376178333331,0.037253469685902117,0.39215686274509803,0.0,,
2026-06-30,mock_app_id,googleadwords_int,654635500,mock_campaign_67ff1f36,Matched paid campaign,true,1227,69,42,35,0,377,0,0,0,0,0,1.0064394916,0.64340612520000007,0.0,0.64340612520000007,-0.36303336639999984,0.63928942630931251,0.023962845038095235,0.015319193457142858,0.05623471882640587,0.60869565217391308,0.0,,
2026-06-30,mock_app_id,googleadwords_int,660741874,mock_campaign_7e7497dd,Matched paid campaign,true,67,3,1,1,0,13,0,0,0,0,0,0.032913351300000004,0.0183225037,0.0,0.0183225037,-0.014590847600000005,0.55668909352296791,0.032913351300000004,0.0183225037,0.044776119402985072,0.33333333333333331,0.0,,
2026-06-30,mock_app_id,googleadwords_int,739276167,mock_campaign_1fbdf2e3,Matched paid campaign,true,6486,157,81,74,2,1775,2,2,0,0,0,42.288713264063183,60.007123195000027,76.408522,136.41564519500002,94.126931930936848,3.22581688270297,0.52208287980324919,1.6841437678395064,0.024205982115325316,0.51592356687898089,0.024691358024691357,1.0,38.204261
2026-06-30,mock_app_id,googleadwords_int,742036733,mock_campaign_e0586969,Matched paid campaign,true,165,8,5,4,0,46,0,0,0,0,0,2.9842077733027956,2.4956439861999997,0.0,2.4956439861999997,-0.48856378710279591,0.83628358873883835,0.5968415546605591,0.49912879723999992,0.048484848484848485,0.625,0.0,,
2026-06-30,mock_app_id,googleadwords_int,788967442,mock_campaign_475f8981,Matched paid campaign,true,105,5,3,0,0,0,0,0,0,0,0,0.21557028620000002,0.0,0.0,0.0,-0.21557028620000002,0.0,0.071856762066666677,0.0,0.047619047619047616,0.6,0.0,,
2026-06-30,mock_app_id,googleadwords_int,792104306,mock_campaign_6fcee95d,Matched paid campaign,true,28743,1248,624,428,1,5665,9,1,0,0,0,30.944558582800003,17.265334854800017,43.715166412900004,60.980501267700021,30.035942684900018,1.9706372965227876,0.04959063875448718,0.0977251622879808,0.043419267299864311,0.5,0.0016025641025641025,0.1111111111111111,43.715166412900004
2026-06-30,mock_app_id,googleadwords_int,810543724,mock_campaign_c492b014,Matched paid campaign,true,407,4,1,1,0,1,0,0,0,0,0,0.2650334818,0.60746431060000006,0.0,0.60746431060000006,0.34243082880000003,2.2920285636152404,0.2650334818,0.60746431060000006,0.0098280098280098278,0.25,0.0,,
2026-06-30,mock_app_id,googleadwords_int,834117318,mock_campaign_ae804aae,Installs without cost,true,0,0,3,0,0,0,0,0,0,0,0,0.0,0.0,0.0,0.0,0.0,,0.0,0.0,,,0.0,,
2026-06-30,mock_app_id,googleadwords_int,900383572,mock_campaign_45368c6d,Matched paid campaign,true,12397,353,146,118,0,3204,2,0,0,0,0,3.9021935528999974,5.1328870530000019,0.0,5.1328870530000019,1.2306935001000046,1.3153850477727813,0.026727353102054777,0.035156760636986313,0.02847463095910301,0.41359773371104813,0.0,0.0,
2026-06-30,mock_app_id,googleadwords_int,972671114,mock_campaign_9911559c,Cost without installs,true,17,2,0,0,0,0,0,0,0,0,0,0.0177183175,0.0,0.0,0.0,-0.0177183175,0.0,,,0.11764705882352941,0.0,,,
2026-06-30,mock_app_id,googleadwords_int,974591165,mock_campaign_674dbd59,Matched paid campaign,true,2650,108,54,39,0,392,0,0,0,0,0,1.0307585435,0.64280229660000021,0.0,0.64280229660000021,-0.38795624689999975,0.62362063419559732,0.019088121175925926,0.011903746233333337,0.040754716981132075,0.5,0.0,,
2026-06-30,mock_app_id,googleadwords_int,989105150,mock_campaign_58ab9c06,Other,true,2,0,0,0,0,0,0,0,0,0,0,0.0,0.0,0.0,0.0,0.0,,,,0.0,,,,
2026-06-30,mock_app_id,googleadwords_int,998337322,mock_campaign_fe944d1c,Matched paid campaign,true,27192,1143,503,403,1,3934,7,1,0,0,1,25.180239431999986,22.885329420299996,0.0,22.885329420299996,-2.29491001169999,0.908860675534978,0.050060118155069555,0.045497672803777325,0.042034421888790821,0.44006999125109364,0.0019880715705765406,0.14285714285714285,0.0
2026-07-01,mock_app_id,googleadwords_int,,,Unattributed,false,0,0,957,10,0,289,0,0,0,0,0,0.0,1.0266627619,0.0,1.0266627619,1.0266627619,,0.0,0.0010727928546499477,,,0.0,,
2026-07-01,mock_app_id,other,,,Unattributed,false,0,0,1284,164,0,2409,1,0,0,0,0,0.0,13.470277199400007,0.0,13.470277199400007,13.470277199400007,,0.0,0.01049087009299066,,,0.0,0.0,
2026-07-01,mock_app_id,unknown,,,Unattributed,false,0,0,4902,4,0,64,0,0,0,0,0,0.0,0.097542522999999992,0.0,0.097542522999999992,0.097542522999999992,,0.0,1.9898515503875967e-05,,,0.0,,
2026-07-01,mock_app_id,googleadwords_int,140410898,mock_campaign_a2e93e84,Matched paid campaign,true,9035,230,97,84,2,3076,10,2,0,0,0,48.904311450900018,44.198295535699991,59.847822,104.04611753569999,55.141806084799974,2.1275448820123439,0.504168159287629,1.0726403869659793,0.02545655783065855,0.42173913043478262,0.020618556701030927,0.2,29.923911
2026-07-01,mock_app_id,googleadwords_int,148918961,mock_campaign_993fe179,Matched paid campaign,true,35303,857,259,215,0,1995,3,0,0,0,0,19.347414064499976,4.2963869875000009,0.0,4.2963869875000009,-15.051027076999976,0.22206518003784911,0.074700440403474816,0.01658836674710425,0.024275557318074951,0.30221703617269546,0.0,0.0,
2026-07-01,mock_app_id,googleadwords_int,161332031,mock_campaign_12520749,Matched paid campaign,true,760,40,16,7,0,22,0,0,0,0,0,0.11462022310000003,0.0412284996,0.0,0.0412284996,-0.073391723500000033,0.35969655689843089,0.0071637639437500018,0.002576781225,0.052631578947368418,0.4,0.0,,
2026-07-01,mock_app_id,googleadwords_int,161694703,mock_campaign_2c0c0430,Matched paid campaign,true,66112,3195,1089,804,1,8374,57,1,0,0,0,43.681866864400021,23.221273411000038,35.4137053421,58.634978753100043,14.953111888700022,1.3423185170889882,0.040111907129843916,0.053842955696143287,0.048327081316553729,0.3408450704225352,0.00091827364554637281,0.017543859649122806,35.4137053421
2026-07-01,mock_app_id,googleadwords_int,180761354,mock_campaign_07fb7039,Matched paid campaign,true,187,11,4,2,0,7,0,0,0,0,0,0.0522045509,0.0214550238,0.0,0.0214550238,-0.0307495271,0.41097995155820793,0.013051137725,0.00536375595,0.058823529411764705,0.36363636363636365,0.0,,
2026-07-01,mock_app_id,googleadwords_int,232552584,mock_campaign_a5da28b5,Matched paid campaign,true,2899,59,26,22,0,192,0,0,0,0,0,22.541113138464425,11.6029066803,0.0,11.6029066803,-10.938206458164425,0.51474417474533063,0.86696588994093937,0.44626564155000004,0.020351845463953088,0.44067796610169491,0.0,,
2026-07-01,mock_app_id,googleadwords_int,243641668,mock_campaign_1e8723bd,Matched paid campaign,true,19393,518,231,175,0,1753,1,0,0,0,0,8.626973228046193,8.9790026204000064,0.0,8.9790026204000064,0.35202939235381336,1.0408056664890728,0.03734620445041642,0.038870141213852842,0.026710668798019904,0.44594594594594594,0.0,0.0,
2026-07-01,mock_app_id,googleadwords_int,258346999,mock_campaign_8ba2a925,Matched paid campaign,true,93,7,2,2,0,36,0,0,0,0,0,0.2854809491,0.198639227,0.0,0.198639227,-0.086841722099999991,0.6958055436841758,0.14274047455,0.0993196135,0.075268817204301078,0.2857142857142857,0.0,,
2026-07-01,mock_app_id,googleadwords_int,262368493,mock_campaign_c13d8f45,Installs without cost,true,0,0,17,0,0,0,0,0,0,0,0,0.0,0.0,0.0,0.0,0.0,,0.0,0.0,,,0.0,,
2026-07-01,mock_app_id,googleadwords_int,280939212,mock_campaign_45884f7b,Matched paid campaign,true,598,12,5,2,0,7,1,0,0,0,0,0.30516272470000005,0.010481649200000002,0.0,0.010481649200000002,-0.29468107550000006,0.034347737621966516,0.061032544940000009,0.00209632984,0.020066889632107024,0.41666666666666669,0.0,0.0,
2026-07-01,mock_app_id,googleadwords_int,351751429,mock_campaign_b7e37028,Matched paid campaign,true,5432,101,49,44,0,326,1,0,0,0,0,20.373792353564308,15.814060840500003,0.0,15.814060840500003,-4.559731513064305,0.77619623122022252,0.4157916806849859,0.32273593552040825,0.018593519882179676,0.48514851485148514,0.0,0.0,
2026-07-01,mock_app_id,googleadwords_int,369626124,mock_campaign_617ec63b,Matched paid campaign,true,1133,31,10,8,0,70,0,0,0,0,0,0.79085862729999989,0.9119786405,0.0,0.9119786405,0.1211200132000001,1.1531500182447338,0.079085862729999984,0.09119786405,0.027360988526037071,0.32258064516129031,0.0,,
2026-07-01,mock_app_id,googleadwords_int,369804654,mock_campaign_92e554bf,Matched paid campaign,true,1341,30,15,12,0,47,0,0,0,0,0,0.5299204976,1.2769484427,0.0,1.2769484427,0.74702794509999992,2.4096981499739591,0.035328033173333336,0.08512989618,0.022371364653243849,0.5,0.0,,
2026-07-01,mock_app_id,googleadwords_int,432166127,mock_campaign_f8b84857,Matched paid campaign,true,3742,93,38,36,0,348,0,0,0,0,0,3.0837049284,3.3082673440000008,0.0,3.3082673440000008,0.22456241560000079,1.0728222773624831,0.081150129694736839,0.087059666947368441,0.024853019775521113,0.40860215053763443,0.0,,
2026-07-01,mock_app_id,googleadwords_int,434877610,mock_campaign_0dfbbe6f,Matched paid campaign,true,1747,41,18,15,0,75,0,0,0,0,0,0.6549813054000001,1.2469137024,0.0,1.2469137024,0.591932397,1.9037393771697104,0.0363878503,0.069272983466666674,0.023468803663423011,0.43902439024390244,0.0,,
2026-07-01,mock_app_id,googleadwords_int,464541057,mock_campaign_d8ff83e7,Matched paid campaign,true,2786,48,12,11,0,109,0,0,0,0,0,2.4307139332000007,1.5026389362,0.0,1.5026389362,-0.92807499700000062,0.61818830907090616,0.2025594944333334,0.12521991135000002,0.017229002153625269,0.25,0.0,,
2026-07-01,mock_app_id,googleadwords_int,502057685,mock_campaign_befecb98,Matched paid campaign,true,7471,151,62,49,0,814,0,0,0,0,0,2.0043302510000003,1.7993175071999996,0.0,1.7993175071999996,-0.20501274380000067,0.89771508777173037,0.032327907274193553,0.029021250116129025,0.020211484406371303,0.41059602649006621,0.0,,
2026-07-01,mock_app_id,googleadwords_int,510225620,mock_campaign_10287894,Matched paid campaign,true,149811,5727,2040,852,0,6555,12,0,0,0,0,21.872792228300014,7.6953649288000019,0.0,7.6953649288000019,-14.177427299500012,0.3518236194299596,0.01072195697465687,0.0037722377101960794,0.03822816749103871,0.35620743844944996,0.0,0.0,
2026-07-01,mock_app_id,googleadwords_int,514288304,mock_campaign_c95b5395,Installs without cost,true,0,0,7,0,0,0,0,0,0,0,0,0.0,0.0,0.0,0.0,0.0,,0.0,0.0,,,0.0,,
2026-07-01,mock_app_id,googleadwords_int,516932962,mock_campaign_60e17b09,Other,true,3,0,0,0,0,0,0,0,0,0,0,0.0,0.0,0.0,0.0,0.0,,,,0.0,,,,
2026-07-01,mock_app_id,googleadwords_int,525989111,mock_campaign_c82cc8f4,Matched paid campaign,true,2895,112,38,30,0,336,0,0,0,0,0,1.481623203899999,0.62179186390000007,0.0,0.62179186390000007,-0.859831339999999,0.41966936145660377,0.038990084313157869,0.016362943786842107,0.0386873920552677,0.3392857142857143,0.0,,
2026-07-01,mock_app_id,googleadwords_int,529859974,mock_campaign_d2ea5396,Matched paid campaign,true,11150,350,115,86,0,934,1,0,0,0,0,3.1117035317,3.4790158044,0.0,3.4790158044,0.3673122727,1.1180421813833044,0.027058291579999998,0.030252311342608695,0.031390134529147982,0.32857142857142857,0.0,0.0,
2026-07-01,mock_app_id,googleadwords_int,542533692,mock_campaign_796ef0d2,Installs without cost,true,0,0,1,0,0,0,0,0,0,0,0,0.0,0.0,0.0,0.0,0.0,,0.0,0.0,,,0.0,,
2026-07-01,mock_app_id,googleadwords_int,557162896,mock_campaign_b0c8a1e0,Installs without cost,true,0,0,5,0,0,0,0,0,0,0,0,0.0,0.0,0.0,0.0,0.0,,0.0,0.0,,,0.0,,
2026-07-01,mock_app_id,googleadwords_int,571438578,mock_campaign_756e1c81,Matched paid campaign,true,745,34,12,6,0,30,0,0,0,0,0,0.13563321190000036,0.13814171600000003,0.0,0.13814171600000003,0.00250850409999967,1.0184947629335,0.011302767658333364,0.011511809666666669,0.045637583892617448,0.35294117647058826,0.0,,
2026-07-01,mock_app_id,googleadwords_int,585166272,mock_campaign_60587c25,Matched paid campaign,true,522,7,3,3,0,4,0,0,0,0,0,0.26434802572688482,0.47646789970000003,0.0,0.47646789970000003,0.21211987397311521,1.8024265488264706,0.088116008575628277,0.15882263323333334,0.013409961685823755,0.42857142857142855,0.0,,
2026-07-01,mock_app_id,googleadwords_int,590094865,mock_campaign_23f341fc,Cost without installs,true,179,5,0,0,0,0,0,0,0,0,0,0.033580585300000007,0.0,0.0,0.0,-0.033580585300000007,0.0,,,0.027932960893854747,0.0,,,
2026-07-01,mock_app_id,googleadwords_int,611748075,mock_campaign_628993e1,Matched paid campaign,true,370,9,6,4,0,67,0,0,0,0,0,0.86257895899999992,0.34173386619999996,0.0,0.34173386619999996,-0.52084509279999991,0.396176909527421,0.14376315983333332,0.056955644366666662,0.024324324324324326,0.66666666666666663,0.0,,
2026-07-01,mock_app_id,googleadwords_int,611892113,mock_campaign_9bfd19ea,Matched paid campaign,true,4353,155,57,46,0,494,2,0,0,0,0,1.8094295721999982,1.7609145177999999,0.0,1.7609145177999999,-0.04851505439999837,0.97318765253680961,0.031744378459649093,0.030893237154385963,0.035607626923960488,0.36774193548387096,0.0,0.0,
2026-07-01,mock_app_id,googleadwords_int,654635500,mock_campaign_67ff1f36,Matched paid campaign,true,1344,82,45,31,0,235,0,0,0,0,0,0.7973893835000001,0.42794122699999992,0.0,0.42794122699999992,-0.36944815650000018,0.53667785884184638,0.01771976407777778,0.0095098050444444426,0.06101190476190476,0.54878048780487809,0.0,,
2026-07-01,mock_app_id,googleadwords_int,660741874,mock_campaign_7e7497dd,Cost without installs,true,61,0,0,0,0,0,0,0,0,0,0,0.001423975,0.0,0.0,0.0,-0.001423975,0.0,,,0.0,,,,
2026-07-01,mock_app_id,googleadwords_int,739276167,mock_campaign_1fbdf2e3,Matched paid campaign,true,8000,160,75,65,0,1900,2,0,0,0,0,47.55047594789346,53.153622724599991,0.0,53.153622724599991,5.6031467767065308,1.1178357664147578,0.63400634597191285,0.70871496966133318,0.02,0.46875,0.0,0.0,
2026-07-01,mock_app_id,googleadwords_int,742036733,mock_campaign_e0586969,Matched paid campaign,true,125,3,1,1,0,4,0,0,0,0,0,0.622541420807333,1.4780246404,0.0,1.4780246404,0.85548321959266693,2.3741787951767885,0.622541420807333,1.4780246404,0.024,0.33333333333333331,0.0,,
2026-07-01,mock_app_id,googleadwords_int,788967442,mock_campaign_475f8981,Matched paid campaign,true,132,5,2,2,0,2,0,0,0,0,0,0.15892700180000002,0.0832926776,0.0,0.0832926776,-0.075634324200000019,0.52409393404916038,0.079463500900000011,0.0416463388,0.03787878787878788,0.4,0.0,,
2026-07-01,mock_app_id,googleadwords_int,792104306,mock_campaign_6fcee95d,Matched paid campaign,true,31182,1380,666,493,0,6432,13,0,0,0,0,37.267084884299976,17.41791495339999,0.0,17.41791495339999,-19.849169930899986,0.46738066600797845,0.055956583910360326,0.026153025455555541,0.044256301712526459,0.4826086956521739,0.0,0.0,
2026-07-01,mock_app_id,googleadwords_int,810543724,mock_campaign_c492b014,Matched paid campaign,true,334,5,3,3,0,3,0,0,0,0,0,0.8014757849,0.8608914288,0.0,0.8608914288,0.059415643899999981,1.0741327997918406,0.26715859496666666,0.2869638096,0.014970059880239521,0.6,0.0,,
2026-07-01,mock_app_id,googleadwords_int,834117318,mock_campaign_ae804aae,Installs without cost,true,0,0,5,0,0,0,0,0,0,0,0,0.0,0.0,0.0,0.0,0.0,,0.0,0.0,,,0.0,,
2026-07-01,mock_app_id,googleadwords_int,848321939,mock_campaign_c41abc99,Other,true,1,0,0,0,0,0,0,0,0,0,0,0.0,0.0,0.0,0.0,0.0,,,,0.0,,,,
2026-07-01,mock_app_id,googleadwords_int,900383572,mock_campaign_45368c6d,Matched paid campaign,true,14213,349,153,127,0,2384,2,0,0,0,0,3.6938481090000006,8.8900003230000042,0.0,8.8900003230000042,5.1961522140000032,2.4067043529320178,0.024142798098039219,0.058104577274509829,0.024554984873003588,0.43839541547277938,0.0,0.0,
2026-07-01,mock_app_id,googleadwords_int,972671114,mock_campaign_9911559c,Other,true,13,0,0,0,0,0,0,0,0,0,0,0.0,0.0,0.0,0.0,0.0,,,,0.0,,,,
2026-07-01,mock_app_id,googleadwords_int,974591165,mock_campaign_674dbd59,Matched paid campaign,true,3028,126,61,50,0,369,0,0,0,0,0,1.2947797824999998,0.759308095,0.0,0.759308095,-0.53547168749999985,0.586438022328326,0.02122589807377049,0.012447673688524589,0.0416116248348745,0.48412698412698413,0.0,,
2026-07-01,mock_app_id,googleadwords_int,989105150,mock_campaign_58ab9c06,Other,true,4,0,0,0,0,0,0,0,0,0,0,0.0,0.0,0.0,0.0,0.0,,,,0.0,,,,
2026-07-01,mock_app_id,googleadwords_int,998337322,mock_campaign_fe944d1c,Matched paid campaign,true,31463,1156,512,416,0,4574,6,0,0,0,0,26.6194371316,26.930558105499991,0.0,26.930558105499991,0.31112097389998894,1.0116877367602435,0.051991088147656253,0.052598746299804669,0.036741569462543304,0.44290657439446368,0.0,0.0,
2026-07-02,mock_app_id,other,,,Unattributed,false,0,0,1110,179,1,2454,4,1,0,0,0,0.0,20.6193135525,21.643561,42.262874552499994,42.262874552499994,,0.0,0.038074661759009004,,,0.00090090090090090091,0.25,21.643561
2026-07-02,mock_app_id,unknown,,,Unattributed,false,0,0,4895,11,0,136,0,0,0,0,0,0.0,0.3558983603,0.0,0.3558983603,0.3558983603,,0.0,7.2706508743615938e-05,,,0.0,,
2026-07-02,mock_app_id,googleadwords_int,,,Unattributed,false,0,0,1156,28,0,614,1,0,0,0,0,0.0,1.6517642179999998,0.0,1.6517642179999998,1.6517642179999998,,0.0,0.0014288617802768165,,,0.0,0.0,
2026-07-02,mock_app_id,googleadwords_int,140410898,mock_campaign_a2e93e84,Matched paid campaign,true,8433,195,80,70,1,1328,4,1,0,0,0,42.663778443599988,32.773472432000005,21.643561,54.417033432000004,11.753254988400016,1.2754855621598871,0.53329723054499989,0.6802129179,0.023123443614372109,0.41025641025641024,0.0125,0.25,21.643561
2026-07-02,mock_app_id,googleadwords_int,148918961,mock_campaign_993fe179,Matched paid campaign,true,31117,796,240,198,2,2186,4,3,0,0,0,18.9416869705,4.028938052,88.9623236919,92.9912617439,74.0495747734,4.9093442357444532,0.078923695710416672,0.3874635905995833,0.025580872192049364,0.30150753768844218,0.0083333333333333332,0.75,44.48116184595
2026-07-02,mock_app_id,googleadwords_int,161332031,mock_campaign_12520749,Matched paid campaign,true,875,56,24,13,0,145,0,0,0,0,0,0.15444595590000004,0.089458353599999985,0.0,0.089458353599999985,-0.064987602300000058,0.57922108143719908,0.0064352481625000015,0.0037274313999999995,0.064,0.42857142857142855,0.0,,
2026-07-02,mock_app_id,googleadwords_int,161694703,mock_campaign_2c0c0430,Matched paid campaign,true,66251,3106,1039,778,1,10169,51,1,0,0,1,42.715826764100008,24.162916086899976,0.0,24.162916086899976,-18.552910677200032,0.56566659052020041,0.041112441543888364,0.023255934636092372,0.046882311210396821,0.33451384417256924,0.00096246390760346492,0.0196078431372549,0.0
2026-07-02,mock_app_id,googleadwords_int,180761354,mock_campaign_07fb7039,Matched paid campaign,true,758,33,15,11,0,112,0,0,0,0,0,0.2056398914,0.1817192872,0.0,0.1817192872,-0.0239206042,0.88367721828119972,0.013709326093333333,0.012114619146666667,0.043535620052770452,0.45454545454545453,0.0,,
2026-07-02,mock_app_id,googleadwords_int,199581943,mock_campaign_f81bdda1,Installs without cost,true,0,0,1,0,0,0,0,0,0,0,0,0.0,0.0,0.0,0.0,0.0,,0.0,0.0,,,0.0,,
2026-07-02,mock_app_id,googleadwords_int,232552584,mock_campaign_a5da28b5,Matched paid campaign,true,3167,67,22,17,1,130,1,1,0,0,0,19.098374346298378,8.6343846446,25.6777169464,34.312101591,15.213727244701623,1.7965980228914262,0.86810792483174448,1.559640981409091,0.021155667824439534,0.32835820895522388,0.045454545454545456,1.0,25.6777169464
2026-07-02,mock_app_id,googleadwords_int,243641668,mock_campaign_1e8723bd,Matched paid campaign,true,21308,499,216,174,0,1532,2,0,0,0,0,7.8541766773634425,8.1386197077,0.0,8.1386197077,0.28444303033655771,1.0362155120798788,0.03636192906186779,0.037678794943055559,0.02341843439083912,0.43286573146292584,0.0,0.0,
2026-07-02,mock_app_id,googleadwords_int,258346999,mock_campaign_8ba2a925,Other,true,89,0,0,0,0,0,0,0,0,0,0,0.0,0.0,0.0,0.0,0.0,,,,0.0,,,,
2026-07-02,mock_app_id,googleadwords_int,262368493,mock_campaign_c13d8f45,Installs without cost,true,0,0,12,0,0,0,0,0,0,0,0,0.0,0.0,0.0,0.0,0.0,,0.0,0.0,,,0.0,,
2026-07-02,mock_app_id,googleadwords_int,280939212,mock_campaign_45884f7b,Matched paid campaign,true,598,10,5,4,0,19,0,0,0,0,0,0.39216678350000006,0.25502204100000003,0.0,0.25502204100000003,-0.13714474250000003,0.650289753568586,0.078433356700000012,0.051004408200000004,0.016722408026755852,0.5,0.0,,
2026-07-02,mock_app_id,googleadwords_int,351751429,mock_campaign_b7e37028,Matched paid campaign,true,5352,83,33,31,0,530,1,0,0,0,0,17.475690540689651,11.1067086174,0.0,11.1067086174,-6.3689819232896507,0.63555191662038268,0.52956638002089851,0.3365669278,0.015508221225710016,0.39759036144578314,0.0,0.0,
2026-07-02,mock_app_id,googleadwords_int,369626124,mock_campaign_617ec63b,Matched paid campaign,true,1070,26,12,10,0,351,0,0,0,0,0,0.83559097110000013,0.90670979009999986,0.0,0.90670979009999986,0.071118818999999722,1.0851120003204158,0.069632580925,0.075559149174999993,0.024299065420560748,0.46153846153846156,0.0,,
2026-07-02,mock_app_id,googleadwords_int,369804654,mock_campaign_92e554bf,Matched paid campaign,true,1148,18,6,5,0,21,1,0,0,0,0,0.2932224909,0.4316635628,0.0,0.4316635628,0.1384410719,1.4721366068307962,0.048870415150000006,0.071943927133333335,0.0156794425087108,0.33333333333333331,0.0,0.0,
2026-07-02,mock_app_id,googleadwords_int,432166127,mock_campaign_f8b84857,Matched paid campaign,true,3261,102,53,49,0,201,0,0,0,0,0,3.503401623999999,4.823647828,0.0,4.823647828,1.3202462040000014,1.3768469463950908,0.066101917433962251,0.091012223169811321,0.031278748850046,0.51960784313725494,0.0,,
2026-07-02,mock_app_id,googleadwords_int,434877610,mock_campaign_0dfbbe6f,Matched paid campaign,true,1658,46,11,8,0,97,0,0,0,0,0,0.55603050319999991,0.3441861237,0.0,0.3441861237,-0.2118443794999999,0.61900583100959639,0.050548227563636354,0.031289647609090913,0.027744270205066344,0.2391304347826087,0.0,,
2026-07-02,mock_app_id,googleadwords_int,464541057,mock_campaign_d8ff83e7,Matched paid campaign,true,2259,49,12,11,0,94,1,0,0,0,0,2.502280475600001,1.5169894197,0.0,1.5169894197,-0.985291055900001,0.60624275915203063,0.20852337296666676,0.126415784975,0.021691013722886232,0.24489795918367346,0.0,0.0,
2026-07-02,mock_app_id,googleadwords_int,502057685,mock_campaign_befecb98,Matched paid campaign,true,6652,153,73,52,0,389,0,0,0,0,0,2.2535169252999996,1.4081524992999999,0.0,1.4081524992999999,-0.84536442599999972,0.62486883656866232,0.030870094867123284,0.01928976026438356,0.023000601322910402,0.477124183006536,0.0,,
2026-07-02,mock_app_id,googleadwords_int,510225620,mock_campaign_10287894,Matched paid campaign,true,144738,5254,1754,738,0,4908,12,0,0,0,0,15.979626937300051,5.0082474031000022,0.0,5.0082474031000022,-10.971379534200048,0.3134145385715873,0.009110391640421921,0.0028553291921892829,0.036300073235777747,0.33384088313665777,0.0,0.0,
2026-07-02,mock_app_id,googleadwords_int,514288304,mock_campaign_c95b5395,Installs without cost,true,0,0,5,0,0,0,0,0,0,0,0,0.0,0.0,0.0,0.0,0.0,,0.0,0.0,,,0.0,,
2026-07-02,mock_app_id,googleadwords_int,525989111,mock_campaign_c82cc8f4,Matched paid campaign,true,1881,74,35,29,0,168,0,0,0,0,0,1.0353234005,0.4140022132,0.0,0.4140022132,-0.6213211873,0.39987719103041758,0.029580668585714287,0.011828634662857144,0.039340776182881447,0.47297297297297297,0.0,,
2026-07-02,mock_app_id,googleadwords_int,529859974,mock_campaign_d2ea5396,Matched paid campaign,true,9262,311,107,86,0,701,0,0,0,0,0,2.6554415992000004,2.1944902045,0.0,2.1944902045,-0.46095139470000035,0.82641252783007157,0.024817211207476639,0.020509254247663554,0.033578060893975387,0.34405144694533762,0.0,,
2026-07-02,mock_app_id,googleadwords_int,557162896,mock_campaign_b0c8a1e0,Installs without cost,true,0,0,5,0,0,0,0,0,0,0,0,0.0,0.0,0.0,0.0,0.0,,0.0,0.0,,,0.0,,
2026-07-02,mock_app_id,googleadwords_int,571438578,mock_campaign_756e1c81,Matched paid campaign,true,576,30,8,3,0,20,0,0,0,0,0,0.12530329040000002,0.057131867200000006,0.0,0.057131867200000006,-0.068171423200000011,0.45594865879116608,0.015662911300000002,0.0071414834000000007,0.052083333333333336,0.26666666666666666,0.0,,
2026-07-02,mock_app_id,googleadwords_int,585166272,mock_campaign_60587c25,Matched paid campaign,true,380,7,2,2,0,14,0,0,0,0,0,0.29350896422828382,0.2982696721,0.0,0.2982696721,0.0047607078717161744,1.0162199743514935,0.14675448211414191,0.14913483605,0.018421052631578946,0.2857142857142857,0.0,,
2026-07-02,mock_app_id,googleadwords_int,590094865,mock_campaign_23f341fc,Matched paid campaign,true,147,5,1,1,0,4,0,0,0,0,0,0.0253532646,0.0054879612000000005,0.0,0.0054879612000000005,-0.0198653034,0.21645974538521562,0.0253532646,0.0054879612000000005,0.034013605442176874,0.2,0.0,,
2026-07-02,mock_app_id,googleadwords_int,611748075,mock_campaign_628993e1,Matched paid campaign,true,345,8,2,2,0,5,0,0,0,0,0,0.69124547330000008,0.2345899589,0.0,0.2345899589,-0.45665551440000007,0.33937286819408669,0.34562273665000004,0.11729497945,0.02318840579710145,0.25,0.0,,
2026-07-02,mock_app_id,googleadwords_int,611892113,mock_campaign_9bfd19ea,Matched paid campaign,true,4149,167,78,61,0,662,0,0,0,0,0,2.1819959500999988,2.4639429847000005,0.0,2.4639429847000005,0.2819470346000017,1.1292151961084438,0.027974307052564089,0.031589012624358981,0.040250662810315738,0.46706586826347307,0.0,,
2026-07-02,mock_app_id,googleadwords_int,654635500,mock_campaign_67ff1f36,Matched paid campaign,true,2106,117,58,45,0,345,2,0,0,0,0,1.3302986011999995,0.5510560186000002,0.0,0.5510560186000002,-0.77924258259999934,0.41423483276831125,0.022936182779310338,0.0095009658379310372,0.055555555555555552,0.49572649572649574,0.0,0.0,
2026-07-02,mock_app_id,googleadwords_int,660741874,mock_campaign_7e7497dd,Cost without installs,true,30,1,0,0,0,0,0,0,0,0,0,0.0082484769,0.0,0.0,0.0,-0.0082484769,0.0,,,0.033333333333333333,0.0,,,
2026-07-02,mock_app_id,googleadwords_int,739276167,mock_campaign_1fbdf2e3,Matched paid campaign,true,7481,161,54,51,0,1214,1,0,0,0,0,48.201119495373725,45.8914984468,0.0,45.8914984468,-2.3096210485737245,0.95208366376645259,0.89261332398840232,0.84984256382962964,0.021521187007084615,0.33540372670807456,0.0,0.0,
2026-07-02,mock_app_id,googleadwords_int,742036733,mock_campaign_e0586969,Cost without installs,true,68,1,0,0,0,0,0,0,0,0,0,0.51256421413596776,0.0,0.0,0.0,-0.51256421413596776,0.0,,,0.014705882352941176,0.0,,,
2026-07-02,mock_app_id,googleadwords_int,788967442,mock_campaign_475f8981,Matched paid campaign,true,113,3,1,1,0,36,0,0,0,0,0,0.1182664128,0.17104400519999996,0.0,0.17104400519999996,0.052777592399999962,1.4462601946780276,0.1182664128,0.17104400519999996,0.026548672566371681,0.33333333333333331,0.0,,
2026-07-02,mock_app_id,googleadwords_int,792104306,mock_campaign_6fcee95d,Matched paid campaign,true,30209,1416,740,540,1,7060,7,1,0,0,1,41.2904277891,20.484397351299997,0.0,20.484397351299997,-20.806030437800004,0.4961052342670943,0.055797875390675676,0.027681618042297292,0.046873448310106258,0.52259887005649719,0.0013513513513513514,0.14285714285714285,0.0
2026-07-02,mock_app_id,googleadwords_int,810543724,mock_campaign_c492b014,Matched paid campaign,true,279,7,4,3,1,24,1,1,0,0,0,0.83719558749999989,1.8786916684000001,38.0703371669,39.949028835300005,39.111833247800007,47.717677245044023,0.20929889687499997,9.9872572088250013,0.025089605734767026,0.5714285714285714,0.25,1.0,38.0703371669
2026-07-02,mock_app_id,googleadwords_int,834117318,mock_campaign_ae804aae,Installs without cost,true,0,0,4,0,0,0,0,0,0,0,0,0.0,0.0,0.0,0.0,0.0,,0.0,0.0,,,0.0,,
2026-07-02,mock_app_id,googleadwords_int,900383572,mock_campaign_45368c6d,Matched paid campaign,true,12408,333,157,128,0,2386,0,0,0,0,0,3.5347559261000008,7.2616720432999973,0.0,7.2616720432999973,3.7269161171999965,2.0543630720529018,0.022514368956050961,0.04625268817388533,0.026837524177949709,0.47147147147147145,0.0,,
2026-07-02,mock_app_id,googleadwords_int,972671114,mock_campaign_9911559c,Other,true,30,0,0,0,0,0,0,0,0,0,0,0.0,0.0,0.0,0.0,0.0,,,,0.0,,,,
2026-07-02,mock_app_id,googleadwords_int,974591165,mock_campaign_674dbd59,Matched paid campaign,true,2475,105,51,37,0,388,0,0,0,0,0,1.0399907836999998,0.7359868077,0.0,0.7359868077,-0.30400397599999973,0.7076858941783718,0.020391976150980387,0.014431113876470589,0.042424242424242427,0.48571428571428571,0.0,,
2026-07-02,mock_app_id,googleadwords_int,989105150,mock_campaign_58ab9c06,Other,true,1,0,0,0,0,0,0,0,0,0,0,0.0,0.0,0.0,0.0,0.0,,,,0.0,,,,
2026-07-02,mock_app_id,googleadwords_int,998337322,mock_campaign_fe944d1c,Matched paid campaign,true,28407,1056,498,391,0,4291,5,0,0,0,0,23.976606255000007,24.815247155499964,0.0,24.815247155499964,0.8386409004999571,1.0349774647663104,0.048145795692771096,0.049829813565260971,0.037173936001689722,0.47159090909090912,0.0,0.0,
2026-07-03,mock_app_id,unknown,,,Unattributed,false,0,0,5038,9,0,75,0,0,0,0,0,0.0,0.0896303301,0.0,0.0896303301,0.0896303301,,0.0,1.7790855518062724e-05,,,0.0,,
2026-07-03,mock_app_id,googleadwords_int,,,Unattributed,false,0,0,1075,26,0,577,2,0,0,0,0,0.0,2.6457769229000005,0.0,2.6457769229000005,2.6457769229000005,,0.0,0.0024611878352558143,,,0.0,0.0,
2026-07-03,mock_app_id,other,,,Unattributed,false,0,0,1237,197,1,4167,3,1,0,0,0,0.0,21.72034659640001,21.643561,43.363907596400011,43.363907596400011,,0.0,0.035055705413419576,,,0.00080840743734842356,0.33333333333333331,21.643561
2026-07-03,mock_app_id,googleadwords_int,140410898,mock_campaign_a2e93e84,Matched paid campaign,true,9634,268,106,91,3,1913,8,3,0,0,0,56.06206906809998,44.294474985700013,81.491383,125.7858579857,69.723788917600018,2.243689183731425,0.528887444038679,1.1866590376009434,0.027818144073074529,0.39552238805970147,0.028301886792452831,0.375,27.163794333333332
2026-07-03,mock_app_id,googleadwords_int,148918961,mock_campaign_993fe179,Matched paid campaign,true,29850,851,266,228,0,2405,2,0,0,0,0,23.4108373902,4.4503085027999978,0.0,4.4503085027999978,-18.960528887400002,0.19009608364812014,0.08801066688045113,0.016730483093233075,0.028509212730318256,0.31257344300822559,0.0,0.0,
2026-07-03,mock_app_id,googleadwords_int,161332031,mock_campaign_12520749,Matched paid campaign,true,1115,73,21,13,0,72,0,0,0,0,0,0.20422242600000004,0.064784184500000008,0.0,0.064784184500000008,-0.13943824150000003,0.31722365544712505,0.00972487742857143,0.0030849611666666672,0.065470852017937217,0.28767123287671231,0.0,,
2026-07-03,mock_app_id,googleadwords_int,161694703,mock_campaign_2c0c0430,Matched paid campaign,true,64093,3227,1094,833,0,13725,48,0,0,0,0,45.349703685900039,22.15658982970001,0.0,22.15658982970001,-23.193113856200029,0.488571876525598,0.041453111230255975,0.0202528243415905,0.050348712027834551,0.33901456461109392,0.0,0.0,
2026-07-03,mock_app_id,googleadwords_int,180761354,mock_campaign_07fb7039,Matched paid campaign,true,1889,69,36,28,0,296,1,0,0,0,0,0.67545969329999977,0.59931389840000016,0.0,0.59931389840000016,-0.076145794899999619,0.8872681883829594,0.018762769258333326,0.016647608288888893,0.036527263102170464,0.52173913043478259,0.0,0.0,
2026-07-03,mock_app_id,googleadwords_int,232552584,mock_campaign_a5da28b5,Matched paid campaign,true,3252,56,25,19,0,473,0,0,0,0,0,19.56399916830043,9.7173818123000011,0.0,9.7173818123000011,-9.84661735600043,0.49669710822954266,0.78255996673201722,0.38869527249200003,0.017220172201722016,0.44642857142857145,0.0,,
2026-07-03,mock_app_id,googleadwords_int,243641668,mock_campaign_1e8723bd,Matched paid campaign,true,20867,588,237,178,0,1896,4,0,0,0,0,9.0348636044988986,10.1050499647,0.0,10.1050499647,1.0701863602011006,1.1184507489043003,0.038121787360754847,0.042637341623206745,0.028178463602817845,0.40306122448979592,0.0,0.0,
2026-07-03,mock_app_id,googleadwords_int,258346999,mock_campaign_8ba2a925,Matched paid campaign,true,98,3,1,1,0,3,0,0,0,0,0,0.11215633950000001,0.1292358811,0.0,0.1292358811,0.017079541599999998,1.1522833366008705,0.11215633950000001,0.1292358811,0.030612244897959183,0.33333333333333331,0.0,,
2026-07-03,mock_app_id,googleadwords_int,262368493,mock_campaign_c13d8f45,Installs without cost,true,0,0,18,0,0,0,0,0,0,0,0,0.0,0.0,0.0,0.0,0.0,,0.0,0.0,,,0.0,,
2026-07-03,mock_app_id,googleadwords_int,280939212,mock_campaign_45884f7b,Matched paid campaign,true,767,11,2,1,0,3,0,0,0,0,0,0.63224652740000009,0.0025146786,0.0,0.0025146786,-0.6297318488000001,0.0039773703626988077,0.31612326370000005,0.0012573393,0.014341590612777053,0.18181818181818182,0.0,,
2026-07-03,mock_app_id,googleadwords_int,351751429,mock_campaign_b7e37028,Matched paid campaign,true,5158,104,49,41,0,461,0,0,0,0,0,19.724423880618463,15.188547914700004,0.0,15.188547914700004,-4.5358759659184589,0.77003759433625418,0.40253926286976455,0.30997036560612257,0.020162853819309809,0.47115384615384615,0.0,,
2026-07-03,mock_app_id,googleadwords_int,369626124,mock_campaign_617ec63b,Matched paid campaign,true,1302,25,11,10,0,297,0,0,0,0,0,0.5446387032,1.0253430015,0.0,1.0253430015,0.48070429830000005,1.8826113448707258,0.04951260938181818,0.093213000136363633,0.019201228878648235,0.44,0.0,,
2026-07-03,mock_app_id,googleadwords_int,369804654,mock_campaign_92e554bf,Matched paid campaign,true,1364,22,10,7,0,74,0,0,0,0,0,0.3095461266,0.8569843775,0.0,0.8569843775,0.5474382509,2.7685191441836636,0.030954612660000002,0.08569843775,0.016129032258064516,0.45454545454545453,0.0,,
2026-07-03,mock_app_id,googleadwords_int,432166127,mock_campaign_f8b84857,Matched paid campaign,true,3727,105,54,47,0,546,0,0,0,0,0,4.1170306953999996,5.5659047715,0.0,5.5659047715,1.4488740761,1.3519220970877972,0.076241309174074068,0.10307231058333333,0.028172793131204722,0.51428571428571423,0.0,,
2026-07-03,mock_app_id,googleadwords_int,434877610,mock_campaign_0dfbbe6f,Matched paid campaign,true,1524,38,14,9,0,77,0,0,0,0,0,0.48755276600000008,0.2871255949,0.0,0.2871255949,-0.20042717110000008,0.588911836672874,0.03482519757142858,0.020508971064285713,0.024934383202099737,0.36842105263157893,0.0,,
2026-07-03,mock_app_id,googleadwords_int,464541057,mock_campaign_d8ff83e7,Matched paid campaign,true,2424,55,23,22,0,124,0,0,0,0,0,2.9385408483999997,4.3442639711999993,0.0,4.3442639711999993,1.4057231227999996,1.4783745386984832,0.12776264558260869,0.18888104222608693,0.02268976897689769,0.41818181818181815,0.0,,
2026-07-03,mock_app_id,googleadwords_int,502057685,mock_campaign_befecb98,Matched paid campaign,true,6048,150,53,42,0,334,0,0,0,0,0,1.9749190644999999,0.9202386080999998,0.0,0.9202386080999998,-1.0546804564,0.46596269418918246,0.037262623858490565,0.017362992605660373,0.0248015873015873,0.35333333333333333,0.0,,
2026-07-03,mock_app_id,googleadwords_int,510225620,mock_campaign_10287894,Matched paid campaign,true,144384,5234,1835,808,0,5360,10,0,0,0,0,14.091889318200039,5.2550820888000018,0.0,5.2550820888000018,-8.836807229400037,0.37291536785013829,0.007679503715640348,0.0028638049530245241,0.036250554078014183,0.35059228123805886,0.0,0.0,
2026-07-03,mock_app_id,googleadwords_int,514288304,mock_campaign_c95b5395,Installs without cost,true,0,0,21,1,0,13,0,0,0,0,0,0.0,0.0224091749,0.0,0.0224091749,0.0224091749,,0.0,0.0010671035666666665,,,0.0,,
2026-07-03,mock_app_id,googleadwords_int,525989111,mock_campaign_c82cc8f4,Matched paid campaign,true,1034,43,22,16,0,108,1,0,0,0,0,0.6309739006,0.36166912729999995,0.0,0.36166912729999995,-0.26930477330000008,0.57319189740825227,0.028680631845454548,0.016439505786363634,0.041586073500967116,0.51162790697674421,0.0,0.0,
2026-07-03,mock_app_id,googleadwords_int,529859974,mock_campaign_d2ea5396,Matched paid campaign,true,9596,294,107,80,0,1505,1,0,0,0,0,2.4455989472999984,6.6875839127000045,0.0,6.6875839127000045,4.2419849654000057,2.7345382692788864,0.022856064928037368,0.062500784230841169,0.030637765735723219,0.36394557823129253,0.0,0.0,
2026-07-03,mock_app_id,googleadwords_int,571438578,mock_campaign_756e1c81,Matched paid campaign,true,182,10,3,0,0,0,0,0,0,0,0,0.049598269799999956,0.0,0.0,0.0,-0.049598269799999956,0.0,0.016532756599999986,0.0,0.054945054945054944,0.3,0.0,,
2026-07-03,mock_app_id,googleadwords_int,585166272,mock_campaign_60587c25,Matched paid campaign,true,426,12,4,4,0,34,0,0,0,0,0,1.3655210013233126,0.77630701659999979,0.0,0.77630701659999979,-0.58921398472331277,0.56850609829339027,0.34138025033082814,0.19407675414999995,0.028169014084507043,0.33333333333333331,0.0,,
2026-07-03,mock_app_id,googleadwords_int,590094865,mock_campaign_23f341fc,Matched paid campaign,true,66,5,3,1,0,2,0,0,0,0,0,0.11356892269999999,0.0121326236,0.0,0.0121326236,-0.10143629909999999,0.10683048946452674,0.037856307566666664,0.0040442078666666666,0.07575757575757576,0.6,0.0,,
2026-07-03,mock_app_id,googleadwords_int,611748075,mock_campaign_628993e1,Matched paid campaign,true,232,4,1,1,0,1,0,0,0,0,0,0.3297201907,0.38299803499999996,0.0,0.38299803499999996,0.053277844299999932,1.1615850220967372,0.3297201907,0.38299803499999996,0.017241379310344827,0.25,0.0,,
2026-07-03,mock_app_id,googleadwords_int,611892113,mock_campaign_9bfd19ea,Matched paid campaign,true,3982,163,83,73,0,684,2,0,0,0,0,2.1537060422000009,2.1929971936999992,0.0,2.1929971936999992,0.039291151499998289,1.0182435071129126,0.02594826556867471,0.026421652936144568,0.040934203917629329,0.50920245398773,0.0,0.0,
2026-07-03,mock_app_id,googleadwords_int,654635500,mock_campaign_67ff1f36,Matched paid campaign,true,3236,181,95,69,0,752,2,0,0,0,0,2.4992754814999989,1.4351910268,0.0,1.4351910268,-1.0640844546999988,0.57424283054168823,0.026308162963157883,0.01510727396631579,0.055933250927070459,0.52486187845303867,0.0,0.0,
2026-07-03,mock_app_id,googleadwords_int,660741874,mock_campaign_7e7497dd,Cost without installs,true,40,2,0,0,0,0,0,0,0,0,0,0.0133666499,0.0,0.0,0.0,-0.0133666499,0.0,,,0.05,0.0,,,
2026-07-03,mock_app_id,googleadwords_int,739276167,mock_campaign_1fbdf2e3,Matched paid campaign,true,7300,159,62,60,1,1700,2,0,1,0,1,47.575069260151466,45.9961697142,0.0,45.9961697142,-1.5788995459514652,0.96681245932995541,0.76733982677663659,0.741873705067742,0.021780821917808221,0.389937106918239,0.016129032258064516,0.0,0.0
2026-07-03,mock_app_id,googleadwords_int,742036733,mock_campaign_e0586969,Matched paid campaign,true,56,4,2,2,0,2,0,0,0,0,0,2.2240834790678576,0.727371422,0.0,0.727371422,-1.4967120570678576,0.32704321975578493,1.1120417395339288,0.363685711,0.071428571428571425,0.5,0.0,,
2026-07-03,mock_app_id,googleadwords_int,788967442,mock_campaign_475f8981,Matched paid campaign,true,153,2,1,1,0,14,0,0,0,0,0,0.1126868719,0.186065834,0.0,0.186065834,0.073378962100000014,1.651175783503136,0.1126868719,0.186065834,0.013071895424836602,0.5,0.0,,
2026-07-03,mock_app_id,googleadwords_int,792104306,mock_campaign_6fcee95d,Matched paid campaign,true,28544,1521,733,545,0,7939,8,0,0,0,0,43.169637832199939,21.556915417599992,0.0,21.556915417599992,-21.612722414599947,0.49935363139694527,0.058894458161255034,0.029409161551978161,0.053286154708520182,0.4819197896120973,0.0,0.0,
2026-07-03,mock_app_id,googleadwords_int,810543724,mock_campaign_c492b014,Matched paid campaign,true,307,3,3,3,0,58,0,0,0,0,0,0.4605761699,1.1586362541,0.0,1.1586362541,0.6980600842,2.5156235381252188,0.15352538996666668,0.38621208469999996,0.0097719869706840382,1.0,0.0,,
2026-07-03,mock_app_id,googleadwords_int,834117318,mock_campaign_ae804aae,Installs without cost,true,0,0,2,0,0,0,0,0,0,0,0,0.0,0.0,0.0,0.0,0.0,,0.0,0.0,,,0.0,,
2026-07-03,mock_app_id,googleadwords_int,900383572,mock_campaign_45368c6d,Matched paid campaign,true,13168,404,146,129,0,2594,0,0,0,0,0,4.4226010838000036,9.4628349360000019,0.0,9.4628349360000019,5.0402338521999983,2.1396537369518551,0.030291788245205505,0.064813937917808234,0.030680437424058325,0.36138613861386137,0.0,,
2026-07-03,mock_app_id,googleadwords_int,972671114,mock_campaign_9911559c,Matched paid campaign,true,60,5,2,1,0,2,1,0,0,0,0,0.0807816949,0.021921271200000002,0.0,0.021921271200000002,-0.058860423700000004,0.27136433850684161,0.04039084745,0.010960635600000001,0.083333333333333329,0.4,0.0,0.0,
2026-07-03,mock_app_id,googleadwords_int,974591165,mock_campaign_674dbd59,Matched paid campaign,true,1462,56,26,20,0,182,0,0,0,0,0,0.3816887686,0.2753114463000001,0.0,0.2753114463000001,-0.10637732229999991,0.72129826431576083,0.014680337253846154,0.010588901780769235,0.038303693570451436,0.4642857142857143,0.0,,
2026-07-03,mock_app_id,googleadwords_int,989105150,mock_campaign_58ab9c06,Other,true,1,0,0,0,0,0,0,0,0,0,0,0.0,0.0,0.0,0.0,0.0,,,,0.0,,,,
2026-07-03,mock_app_id,googleadwords_int,998337322,mock_campaign_fe944d1c,Matched paid campaign,true,28440,1093,458,377,0,4201,6,0,0,0,0,26.067418983100019,23.397113649700003,0.0,23.397113649700003,-2.670305333400016,0.897561575423665,0.0569157619718341,0.051085400981877735,0.038431786216596341,0.41903019213174747,0.0,0.0,
2026-07-04,mock_app_id,other,,,Unattributed,false,0,0,1140,188,0,2291,1,0,0,0,0,0.0,15.742137720400006,0.0,15.742137720400006,15.742137720400006,,0.0,0.013808892737192987,,,0.0,0.0,
2026-07-04,mock_app_id,googleadwords_int,,,Unattributed,false,0,0,930,18,0,276,0,0,0,0,0,0.0,1.0520261109,0.0,1.0520261109,1.0520261109,,0.0,0.0011312108719354838,,,0.0,,
2026-07-04,mock_app_id,unknown,,,Unattributed,false,0,0,4465,9,0,37,0,0,0,0,0,0.0,0.12339759740000003,0.0,0.12339759740000003,0.12339759740000003,,0.0,2.7636639955207175e-05,,,0.0,,
2026-07-04,mock_app_id,googleadwords_int,140410898,mock_campaign_a2e93e84,Matched paid campaign,true,9122,238,77,64,2,1502,6,2,0,0,0,47.2332979446,28.4949799178,76.408522,104.9035019178,57.6702039732,2.2209650073734313,0.613419453825974,1.3623831417896104,0.026090769568077175,0.3235294117647059,0.025974025974025976,0.33333333333333331,38.204261
2026-07-04,mock_app_id,googleadwords_int,148918961,mock_campaign_993fe179,Matched paid campaign,true,34474,987,326,261,0,2995,5,0,0,0,0,25.556950797700011,4.5458904937000018,0.0,4.5458904937000018,-21.011060304000011,0.17787296026367541,0.078395554594171815,0.013944449367177919,0.028630272089110634,0.33029381965552179,0.0,0.0,
2026-07-04,mock_app_id,googleadwords_int,161332031,mock_campaign_12520749,Matched paid campaign,true,1114,85,25,10,0,97,0,0,0,0,0,0.14800145189999997,0.0397252976,0.0,0.0397252976,-0.10827615429999997,0.26841153981949556,0.0059200580759999986,0.001589011904,0.0763016157989228,0.29411764705882354,0.0,,
2026-07-04,mock_app_id,googleadwords_int,161694703,mock_campaign_2c0c0430,Matched paid campaign,true,63884,3380,1225,968,0,11109,68,0,0,0,0,51.190604212200022,25.131543786500007,0.0,25.131543786500007,-26.059060425700014,0.49094055780866369,0.041788248336489815,0.02051554594816327,0.052908396468599336,0.3624260355029586,0.0,0.0,
2026-07-04,mock_app_id,googleadwords_int,180761354,mock_campaign_07fb7039,Matched paid campaign,true,1868,66,29,24,0,225,0,0,0,0,0,0.42754645950000009,0.36109587229999995,0.0,0.36109587229999995,-0.066450587200000133,0.84457692088548308,0.014742981362068969,0.012451581803448275,0.035331905781584586,0.43939393939393939,0.0,,
2026-07-04,mock_app_id,googleadwords_int,232552584,mock_campaign_a5da28b5,Matched paid campaign,true,3018,59,22,18,1,129,1,1,0,0,0,17.932545800112628,8.3704733294,45.164083712200004,53.5345570416,35.602011241487375,2.985329447270324,0.81511571818693762,2.4333889564363638,0.019549370444002651,0.3728813559322034,0.045454545454545456,1.0,45.164083712200004
2026-07-04,mock_app_id,googleadwords_int,243641668,mock_campaign_1e8723bd,Matched paid campaign,true,22389,614,296,234,1,1853,4,1,0,0,0,10.032213864434807,11.365696309099997,39.6933290795,51.0590253886,41.02681152416519,5.0895072691391983,0.033892614406874348,0.17249670739391892,0.027424181517709589,0.48208469055374592,0.0033783783783783786,0.25,39.6933290795
2026-07-04,mock_app_id,googleadwords_int,258346999,mock_campaign_8ba2a925,Other,true,127,0,0,0,0,0,0,0,0,0,0,0.0,0.0,0.0,0.0,0.0,,,,0.0,,,,
2026-07-04,mock_app_id,googleadwords_int,262368493,mock_campaign_c13d8f45,Installs without cost,true,0,0,14,0,0,0,0,0,0,0,0,0.0,0.0,0.0,0.0,0.0,,0.0,0.0,,,0.0,,
2026-07-04,mock_app_id,googleadwords_int,280939212,mock_campaign_45884f7b,Matched paid campaign,true,762,19,5,5,0,29,0,0,0,0,0,0.96840308510000006,0.1917792755,0.0,0.1917792755,-0.7766238096,0.19803662178564449,0.19368061702,0.0383558551,0.024934383202099737,0.26315789473684209,0.0,,
2026-07-04,mock_app_id,googleadwords_int,351751429,mock_campaign_b7e37028,Matched paid campaign,true,4953,104,49,46,0,657,0,0,0,0,0,13.068006240890885,15.4374055536,0.0,15.4374055536,2.3693993127091151,1.1813129921299752,0.26669400491614048,0.31504909293061223,0.020997375328083989,0.47115384615384615,0.0,,
2026-07-04,mock_app_id,googleadwords_int,369626124,mock_campaign_617ec63b,Matched paid campaign,true,1067,35,11,7,0,101,0,0,0,0,0,0.77540076840000016,0.5171893871,0.0,0.5171893871,-0.25821138130000021,0.66699622721188911,0.070490978945454558,0.0470172170090909,0.03280224929709466,0.31428571428571428,0.0,,
2026-07-04,mock_app_id,googleadwords_int,369804654,mock_campaign_92e554bf,Matched paid campaign,true,1585,36,12,9,0,113,0,0,0,0,0,0.52512129499999993,1.0297850908,0.0,1.0297850908,0.5046637958,1.9610423355617297,0.043760107916666659,0.085815424233333326,0.022712933753943218,0.33333333333333331,0.0,,
2026-07-04,mock_app_id,googleadwords_int,432166127,mock_campaign_f8b84857,Matched paid campaign,true,4301,131,65,59,0,493,0,0,0,0,0,4.3574725357999995,5.1164206216000006,0.0,5.1164206216000006,0.75894808580000106,1.1741716280629784,0.06703803901230769,0.078714163409230778,0.030458033015577774,0.49618320610687022,0.0,,
2026-07-04,mock_app_id,googleadwords_int,434877610,mock_campaign_0dfbbe6f,Matched paid campaign,true,1453,36,18,14,0,138,1,0,0,0,0,0.39813771409999993,0.49012538159999997,0.0,0.49012538159999997,0.091987667500000037,1.2310448476551397,0.022118761894444439,0.027229187866666664,0.024776324845147971,0.5,0.0,0.0,
2026-07-04,mock_app_id,googleadwords_int,464541057,mock_campaign_d8ff83e7,Matched paid campaign,true,2697,59,18,16,0,85,0,0,0,0,0,2.6807362774000008,2.7007660903,0.0,2.7007660903,0.020029812899999389,1.0074717580647008,0.14892979318888894,0.15004256057222223,0.021876158694846125,0.30508474576271188,0.0,,
2026-07-04,mock_app_id,googleadwords_int,502057685,mock_campaign_befecb98,Matched paid campaign,true,5071,106,46,38,0,345,0,0,0,0,0,1.2005313526000003,1.1695408380999999,0.0,1.1695408380999999,-0.030990514500000454,0.9741860015293361,0.0260985076652174,0.025424800828260867,0.0209031749161901,0.43396226415094341,0.0,,
2026-07-04,mock_app_id,googleadwords_int,510225620,mock_campaign_10287894,Matched paid campaign,true,139903,5092,1839,873,1,6391,23,1,0,0,0,15.977307892300056,5.167954972199996,44.158469600000004,49.3264245722,33.349116679899943,3.0872800915335605,0.0086880412682436414,0.026822416841870582,0.036396646247757375,0.36115475255302437,0.000543773790103317,0.043478260869565216,44.158469600000004
2026-07-04,mock_app_id,googleadwords_int,514288304,mock_campaign_c95b5395,Installs without cost,true,0,0,17,1,0,2,0,0,0,0,0,0.0,0.0014458765000000002,0.0,0.0014458765000000002,0.0014458765000000002,,0.0,8.5051558823529425e-05,,,0.0,,
2026-07-04,mock_app_id,googleadwords_int,525989111,mock_campaign_c82cc8f4,Matched paid campaign,true,805,39,21,17,0,260,0,0,0,0,0,0.39353949540000011,0.7352084548,0.0,0.7352084548,0.34166895939999986,1.8681948404002546,0.018739975971428575,0.03500992641904762,0.0484472049689441,0.53846153846153844,0.0,,
2026-07-04,mock_app_id,googleadwords_int,529859974,mock_campaign_d2ea5396,Matched paid campaign,true,9852,318,115,91,0,902,0,0,0,0,0,2.4928806131999997,2.5747620935000004,0.0,2.5747620935000004,0.081881480300000753,1.0328461298412897,0.021677222723478259,0.022389235595652177,0.032277710109622409,0.36163522012578614,0.0,,
2026-07-04,mock_app_id,googleadwords_int,571438578,mock_campaign_756e1c81,Matched paid campaign,true,97,8,4,1,0,14,0,0,0,0,0,0.044393030899999977,0.0068892512,0.0,0.0068892512,-0.037503779699999976,0.15518767383823759,0.011098257724999994,0.0017223128,0.08247422680412371,0.5,0.0,,
2026-07-04,mock_app_id,googleadwords_int,585166272,mock_campaign_60587c25,Matched paid campaign,true,427,11,5,4,0,83,0,0,0,0,0,0.57665718993865867,0.9303661131,0.0,0.9303661131,0.35370892316134128,1.613378154877366,0.11533143798773174,0.18607322261999998,0.02576112412177986,0.45454545454545453,0.0,,
2026-07-04,mock_app_id,googleadwords_int,590094865,mock_campaign_23f341fc,Matched paid campaign,true,42,6,2,2,0,18,0,0,0,0,0,0.0689895545,0.025707301999999998,0.0,0.025707301999999998,-0.043282252499999993,0.37262600383946531,0.03449477725,0.012853650999999999,0.14285714285714285,0.33333333333333331,0.0,,
2026-07-04,mock_app_id,googleadwords_int,611748075,mock_campaign_628993e1,Matched paid campaign,true,217,5,2,2,0,63,0,0,0,0,0,0.19929547250000001,0.11407137549999999,0.0,0.11407137549999999,-0.085224097000000026,0.57237314058903155,0.099647736250000007,0.057035687749999994,0.023041474654377881,0.4,0.0,,
2026-07-04,mock_app_id,googleadwords_int,611892113,mock_campaign_9bfd19ea,Matched paid campaign,true,3879,181,90,67,0,583,0,0,0,0,0,2.3534449812,1.8782203254,0.0,1.8782203254,-0.47522465579999995,0.79807275734243543,0.02614938868,0.020869114726666669,0.046661510698633668,0.49723756906077349,0.0,,
2026-07-04,mock_app_id,googleadwords_int,654635500,mock_campaign_67ff1f36,Matched paid campaign,true,3532,194,102,82,0,854,0,0,0,0,0,2.7402625008999979,1.2492245569999996,0.0,1.2492245569999996,-1.4910379438999983,0.45587769660377814,0.026865318636274491,0.012247299578431368,0.054926387315968293,0.52577319587628868,0.0,,
2026-07-04,mock_app_id,googleadwords_int,660741874,mock_campaign_7e7497dd,Matched paid campaign,true,54,3,2,1,0,2,0,0,0,0,0,0.0466290785,0.0678644747,0.0,0.0678644747,0.0212353962,1.4554110199711539,0.02331453925,0.03393223735,0.055555555555555552,0.66666666666666663,0.0,,
2026-07-04,mock_app_id,googleadwords_int,739276167,mock_campaign_1fbdf2e3,Matched paid campaign,true,6018,155,64,58,0,457,2,0,0,0,0,47.184984571515677,35.170114005799988,0.0,35.170114005799988,-12.01487056571569,0.74536665265821134,0.73726538392993246,0.54953303134062481,0.025756065137919573,0.41290322580645161,0.0,0.0,
2026-07-04,mock_app_id,googleadwords_int,742036733,mock_campaign_e0586969,Matched paid campaign,true,37,3,1,1,0,5,0,0,0,0,0,1.7902478396688952,0.3915611908,0.0,0.3915611908,-1.3986866488688952,0.21871898522855859,1.7902478396688952,0.3915611908,0.081081081081081086,0.33333333333333331,0.0,,
2026-07-04,mock_app_id,googleadwords_int,788967442,mock_campaign_475f8981,Matched paid campaign,true,110,2,1,1,0,7,0,0,0,0,0,0.0135090474,0.0121045978,0.0,0.0121045978,-0.0014044495999999997,0.89603637041054429,0.0135090474,0.0121045978,0.018181818181818181,0.5,0.0,,
2026-07-04,mock_app_id,googleadwords_int,792104306,mock_campaign_6fcee95d,Matched paid campaign,true,30577,1657,819,584,2,7377,10,2,0,0,0,43.088602262899919,16.592143673699997,86.6120074916,103.20415116529999,60.115548902400072,2.3951612664437869,0.052611235974236774,0.12601239458522587,0.054191058638846192,0.49426674713337354,0.002442002442002442,0.2,43.3060037458
2026-07-04,mock_app_id,googleadwords_int,810543724,mock_campaign_c492b014,Matched paid campaign,true,295,3,2,2,0,2,0,0,0,0,0,0.3937713999,0.5718881053,0.0,0.5718881053,0.17811670540000002,1.4523353027803279,0.19688569995,0.28594405265,0.010169491525423728,0.66666666666666663,0.0,,
2026-07-04,mock_app_id,googleadwords_int,834117318,mock_campaign_ae804aae,Installs without cost,true,0,0,3,0,0,0,0,0,0,0,0,0.0,0.0,0.0,0.0,0.0,,0.0,0.0,,,0.0,,
2026-07-04,mock_app_id,googleadwords_int,900383572,mock_campaign_45368c6d,Matched paid campaign,true,14365,426,182,154,0,2438,2,0,0,0,0,4.2401931410999989,6.4252433162,0.0,6.4252433162,2.1850501751000015,1.5153185485633685,0.023297764511538456,0.035303534704395609,0.029655412460842325,0.42723004694835681,0.0,0.0,
2026-07-04,mock_app_id,googleadwords_int,972671114,mock_campaign_9911559c,Matched paid campaign,true,125,4,1,1,0,2,0,0,0,0,0,0.0755260066,0.0003707049,0.0,0.0003707049,-0.0751553017,0.0049083079681853589,0.0755260066,0.0003707049,0.032,0.25,0.0,,
2026-07-04,mock_app_id,googleadwords_int,974591165,mock_campaign_674dbd59,Matched paid campaign,true,1260,71,38,27,0,175,0,0,0,0,0,0.49232186169999992,0.3229387456,0.0,0.3229387456,-0.1693831160999999,0.65595044771094324,0.012955838465789472,0.0084983880421052645,0.05634920634920635,0.53521126760563376,0.0,,
2026-07-04,mock_app_id,googleadwords_int,989105150,mock_campaign_58ab9c06,Matched paid campaign,true,3,2,1,1,0,16,0,0,0,0,0,0.0201179188,0.0378564863,0.0,0.0378564863,0.0177385675,1.881729749301901,0.0201179188,0.0378564863,0.66666666666666663,0.5,0.0,,
2026-07-04,mock_app_id,googleadwords_int,998337322,mock_campaign_fe944d1c,Matched paid campaign,true,27781,1036,489,392,1,4261,4,1,0,0,0,21.783191652799992,22.304152036200009,42.1897272145,64.493879250700019,42.710687597900026,2.9607176156121287,0.044546404197955,0.13188932362106343,0.037291674165796769,0.472007722007722,0.0020449897750511249,0.25,42.1897272145
2026-07-05,mock_app_id,other,,,Unattributed,false,0,0,1843,173,0,2783,3,0,0,0,0,0.0,13.917200810299999,0.0,13.917200810299999,13.917200810299999,,0.0,0.00755138405333695,,,0.0,0.0,
2026-07-05,mock_app_id,googleadwords_int,,,Unattributed,false,0,0,1095,20,0,153,2,0,0,0,0,0.0,0.2821663022,0.0,0.2821663022,0.2821663022,,0.0,0.00025768612073059363,,,0.0,0.0,
2026-07-05,mock_app_id,unknown,,,Unattributed,false,0,0,4568,8,0,98,0,0,0,0,0,0.0,0.1351378598,0.0,0.1351378598,0.1351378598,,0.0,2.958359452714536e-05,,,0.0,,
2026-07-05,mock_app_id,googleadwords_int,140410898,mock_campaign_a2e93e84,Matched paid campaign,true,7040,179,80,66,0,1521,8,0,0,0,0,38.124253551999963,25.693610122799996,0.0,25.693610122799996,-12.430643429199968,0.67394395244368355,0.47655316939999953,0.32117012653499993,0.025426136363636363,0.44692737430167595,0.0,0.0,
2026-07-05,mock_app_id,googleadwords_int,148918961,mock_campaign_993fe179,Matched paid campaign,true,36490,993,297,233,0,2478,3,0,0,0,0,23.444725554099993,2.8286223376999988,0.0,2.8286223376999988,-20.616103216399992,0.12065069096982164,0.078938469879124548,0.0095239809350168309,0.027212935050698821,0.29909365558912387,0.0,0.0,
2026-07-05,mock_app_id,googleadwords_int,161332031,mock_campaign_12520749,Matched paid campaign,true,1220,69,20,10,0,66,0,0,0,0,0,0.13065092680000009,0.034791482900000004,0.0,0.034791482900000004,-0.095859443900000091,0.26629342594146815,0.0065325463400000049,0.001739574145,0.056557377049180325,0.28985507246376813,0.0,,
2026-07-05,mock_app_id,googleadwords_int,161694703,mock_campaign_2c0c0430,Matched paid campaign,true,63948,3354,1187,932,2,12121,61,2,0,0,0,47.849501562800029,23.588773178600007,70.558403769,94.1471769476,46.297675384799973,1.9675686030717925,0.040311290280370705,0.079315229104970519,0.05244886470257084,0.35390578413834228,0.0016849199663016006,0.032786885245901641,35.2792018845
2026-07-05,mock_app_id,googleadwords_int,180761354,mock_campaign_07fb7039,Matched paid campaign,true,1611,60,26,21,0,188,0,0,0,0,0,0.555488579,0.2651928586,0.0,0.2651928586,-0.2902957204,0.47740470034038268,0.021364945346153848,0.010199725330769231,0.037243947858473,0.43333333333333335,0.0,,
2026-07-05,mock_app_id,googleadwords_int,232552584,mock_campaign_a5da28b5,Matched paid campaign,true,3647,76,31,25,0,169,1,0,0,0,0,16.941985519424097,12.5420601556,0.0,12.5420601556,-4.3999253638240976,0.74029458596930364,0.54651566191690637,0.4045825856645161,0.020839045791061148,0.40789473684210525,0.0,0.0,
2026-07-05,mock_app_id,googleadwords_int,243641668,mock_campaign_1e8723bd,Matched paid campaign,true,22515,645,247,192,1,1703,2,1,0,0,0,10.317926312677832,8.9127458075,26.3004323878,35.2131781953,24.895251882622169,3.4128154367639651,0.041772981022987175,0.14256347447489881,0.028647568287808126,0.38294573643410851,0.004048582995951417,0.5,26.3004323878
2026-07-05,mock_app_id,googleadwords_int,258346999,mock_campaign_8ba2a925,Other,true,92,0,0,0,0,0,0,0,0,0,0,0.0,0.0,0.0,0.0,0.0,,,,0.0,,,,
2026-07-05,mock_app_id,googleadwords_int,262368493,mock_campaign_c13d8f45,Installs without cost,true,0,0,10,0,0,0,0,0,0,0,0,0.0,0.0,0.0,0.0,0.0,,0.0,0.0,,,0.0,,
2026-07-05,mock_app_id,googleadwords_int,280939212,mock_campaign_45884f7b,Matched paid campaign,true,992,20,5,5,0,62,0,0,0,0,0,0.9328452088000001,0.5219435819,0.0,0.5219435819,-0.41090162690000009,0.55951788890186982,0.18656904176000003,0.10438871638,0.020161290322580645,0.25,0.0,,
2026-07-05,mock_app_id,googleadwords_int,351751429,mock_campaign_b7e37028,Matched paid campaign,true,5398,102,59,56,0,534,0,0,0,0,0,17.772441300539967,13.971202705200001,0.0,13.971202705200001,-3.8012385953399654,0.78611612602572079,0.30122781865321979,0.23680004585084749,0.018895887365690995,0.57843137254901966,0.0,,
2026-07-05,mock_app_id,googleadwords_int,369626124,mock_campaign_617ec63b,Matched paid campaign,true,836,16,8,7,0,30,0,0,0,0,0,0.32254579780000003,0.19799590749999998,0.0,0.19799590749999998,-0.12454989030000005,0.61385362590515191,0.040318224725000004,0.024749488437499998,0.019138755980861243,0.5,0.0,,
2026-07-05,mock_app_id,googleadwords_int,369804654,mock_campaign_92e554bf,Matched paid campaign,true,1224,28,14,9,0,73,1,0,0,0,0,0.3924133346,0.81568708730000006,0.0,0.81568708730000006,0.42327375270000006,2.0786426336185979,0.0280295239,0.05826336337857143,0.022875816993464051,0.5,0.0,0.0,
2026-07-05,mock_app_id,googleadwords_int,432166127,mock_campaign_f8b84857,Matched paid campaign,true,3692,113,52,46,0,276,0,0,0,0,0,4.0971731606000006,4.7154911702,0.0,4.7154911702,0.61831800959999939,1.1509133212982023,0.078791791550000018,0.090682522503846147,0.030606717226435536,0.46017699115044247,0.0,,
2026-07-05,mock_app_id,googleadwords_int,434877610,mock_campaign_0dfbbe6f,Matched paid campaign,true,1498,33,19,12,0,89,0,0,0,0,0,0.3355828992,0.4021969819,0.0,0.4021969819,0.066614082699999966,1.1985026139854029,0.017662257852631581,0.021168262205263157,0.022029372496662217,0.5757575757575758,0.0,,
2026-07-05,mock_app_id,googleadwords_int,464541057,mock_campaign_d8ff83e7,Matched paid campaign,true,2901,56,13,13,0,105,2,0,0,0,0,3.1210675913000014,2.0617638374,0.0,2.0617638374,-1.0593037539000014,0.66059570229980979,0.24008212240769242,0.15859721826153847,0.019303688383316097,0.23214285714285715,0.0,0.0,
2026-07-05,mock_app_id,googleadwords_int,502057685,mock_campaign_befecb98,Matched paid campaign,true,6243,142,58,44,0,367,0,0,0,0,0,1.9859129652000005,1.1119338062000002,0.0,1.1119338062000002,-0.87397915900000034,0.55991064345965325,0.034239878710344833,0.019171272520689658,0.022745474931923755,0.40845070422535212,0.0,,
2026-07-05,mock_app_id,googleadwords_int,510225620,mock_campaign_10287894,Matched paid campaign,true,158011,6467,2331,1005,1,6741,17,1,0,0,0,18.805326310800055,5.0257533369000056,42.024777546900005,47.050530883800008,28.245204572999953,2.5019789662877852,0.00806749305482628,0.020184697933848136,0.040927530361810252,0.360445337869182,0.000429000429000429,0.058823529411764705,42.024777546900005
2026-07-05,mock_app_id,googleadwords_int,514288304,mock_campaign_c95b5395,Installs without cost,true,0,0,12,1,0,37,0,0,0,0,0,0.0,0.082668466600000032,0.0,0.082668466600000032,0.082668466600000032,,0.0,0.0068890388833333363,,,0.0,,
2026-07-05,mock_app_id,googleadwords_int,516932962,mock_campaign_60e17b09,Other,true,1,0,0,0,0,0,0,0,0,0,0,0.0,0.0,0.0,0.0,0.0,,,,0.0,,,,
2026-07-05,mock_app_id,googleadwords_int,525989111,mock_campaign_c82cc8f4,Matched paid campaign,true,738,29,13,9,0,110,0,0,0,0,0,0.34404700660000015,0.1624388107,0.0,0.1624388107,-0.18160819590000016,0.47214132831812849,0.026465154353846165,0.01249529313076923,0.039295392953929538,0.44827586206896552,0.0,,
2026-07-05,mock_app_id,googleadwords_int,529859974,mock_campaign_d2ea5396,Matched paid campaign,true,10369,322,115,94,0,1154,0,0,0,0,0,2.9428290474000005,3.1540834053,0.0,3.1540834053,0.21125435789999969,1.0717861467646732,0.025589817803478264,0.027426812220000003,0.031054103577972805,0.35714285714285715,0.0,,
2026-07-05,mock_app_id,googleadwords_int,571438578,mock_campaign_756e1c81,Matched paid campaign,true,88,2,1,1,0,11,0,0,0,0,0,0.017868852000000005,0.0062739575000000007,0.0,0.0062739575000000007,-0.011594894500000005,0.35111139204689812,0.017868852000000005,0.0062739575000000007,0.022727272727272728,0.5,0.0,,
2026-07-05,mock_app_id,googleadwords_int,585166272,mock_campaign_60587c25,Matched paid campaign,true,411,6,3,3,0,4,0,0,0,0,0,0.32086415520185285,0.1923270525,0.0,0.1923270525,-0.12853710270185284,0.59940335927834865,0.10695471840061761,0.0641090175,0.014598540145985401,0.5,0.0,,
2026-07-05,mock_app_id,googleadwords_int,590094865,mock_campaign_23f341fc,Matched paid campaign,true,24,1,1,1,0,1,0,0,0,0,0,0.016322822,0.0062484795,0.0,0.0062484795,-0.0100743425,0.38280632478869153,0.016322822,0.0062484795,0.041666666666666664,1.0,0.0,,
2026-07-05,mock_app_id,googleadwords_int,611748075,mock_campaign_628993e1,Matched paid campaign,true,118,2,1,1,0,6,0,0,0,0,0,0.023135118399999998,0.24184991500000003,0.0,0.24184991500000003,0.21871479660000004,10.453800616814654,0.023135118399999998,0.24184991500000003,0.016949152542372881,0.5,0.0,,
2026-07-05,mock_app_id,googleadwords_int,611892113,mock_campaign_9bfd19ea,Matched paid campaign,true,4538,221,97,79,0,765,1,0,0,0,0,3.0784313387000015,2.0442808338000007,0.0,2.0442808338000007,-1.0341505049000008,0.664065755860998,0.031736405553608266,0.021075060142268048,0.048699867783164388,0.43891402714932126,0.0,0.0,
2026-07-05,mock_app_id,googleadwords_int,654635500,mock_campaign_67ff1f36,Matched paid campaign,true,3658,223,131,101,1,931,3,1,0,0,1,3.1393473617999987,1.4177729921000002,0.0,1.4177729921000002,-1.7215743696999986,0.4516139275798699,0.023964483677862587,0.010822694596183208,0.060962274466921818,0.58744394618834084,0.0076335877862595417,0.33333333333333331,0.0
2026-07-05,mock_app_id,googleadwords_int,660741874,mock_campaign_7e7497dd,Matched paid campaign,true,297,7,3,3,0,57,0,0,0,0,0,0.1813314176,0.2242331519,0.0,0.2242331519,0.042901734300000022,1.2365929460422418,0.060443805866666665,0.074744383966666675,0.023569023569023569,0.42857142857142855,0.0,,
2026-07-05,mock_app_id,googleadwords_int,739276167,mock_campaign_1fbdf2e3,Matched paid campaign,true,5582,139,68,62,0,2004,2,0,0,0,0,46.867794677775038,38.5377960458,0.0,38.5377960458,-8.3299986319750374,0.82226604240192325,0.68923227467316228,0.56673229479117648,0.024901469007524185,0.48920863309352519,0.0,0.0,
2026-07-05,mock_app_id,googleadwords_int,742036733,mock_campaign_e0586969,Matched paid campaign,true,56,2,3,3,0,7,0,0,0,0,0,0.815751073976522,0.91020154999999991,0.0,0.91020154999999991,0.094450476023477892,1.1157834528651767,0.27191702465884066,0.30340051666666662,0.035714285714285712,1.5,0.0,,
2026-07-05,mock_app_id,googleadwords_int,788967442,mock_campaign_475f8981,Matched paid campaign,true,157,7,4,2,0,14,0,0,0,0,0,0.2804042748,0.21116293790000001,0.0,0.21116293790000001,-0.0692413369,0.7530660438419251,0.0701010687,0.052790734475000003,0.044585987261146494,0.5714285714285714,0.0,,
2026-07-05,mock_app_id,googleadwords_int,792104306,mock_campaign_6fcee95d,Matched paid campaign,true,32614,1576,751,546,0,7100,5,0,0,0,0,43.740061060999921,15.319345597199989,0.0,15.319345597199989,-28.42071546379993,0.3502360359267816,0.058242424848202294,0.020398596001597855,0.048322806156865149,0.47652284263959394,0.0,0.0,
2026-07-05,mock_app_id,googleadwords_int,810543724,mock_campaign_c492b014,Matched paid campaign,true,284,12,6,5,0,38,0,0,0,0,0,1.1541097676,2.0017746125,0.0,2.0017746125,0.84766484490000016,1.7344750635485395,0.19235162793333335,0.33362910208333335,0.042253521126760563,0.5,0.0,,
2026-07-05,mock_app_id,googleadwords_int,834117318,mock_campaign_ae804aae,Installs without cost,true,0,0,2,0,0,0,0,0,0,0,0,0.0,0.0,0.0,0.0,0.0,,0.0,0.0,,,0.0,,
2026-07-05,mock_app_id,googleadwords_int,900383572,mock_campaign_45368c6d,Matched paid campaign,true,14144,368,159,133,0,2531,0,0,0,0,0,3.9640388214000022,4.7574738186000012,0.0,4.7574738186000012,0.793434997199999,1.2001582307712559,0.024931061769811334,0.029921218984905667,0.026018099547511313,0.43206521739130432,0.0,,
2026-07-05,mock_app_id,googleadwords_int,972671114,mock_campaign_9911559c,Cost without installs,true,69,1,0,0,0,0,0,0,0,0,0,0.0036762966,0.0,0.0,0.0,-0.0036762966,0.0,,,0.014492753623188406,0.0,,,
2026-07-05,mock_app_id,googleadwords_int,974591165,mock_campaign_674dbd59,Matched paid campaign,true,1415,65,27,20,0,250,0,0,0,0,0,0.5376457654,0.2775879056,0.0,0.2775879056,-0.26005785979999996,0.51630259822371893,0.019912806125925924,0.010281033540740741,0.045936395759717315,0.41538461538461541,0.0,,
2026-07-05,mock_app_id,googleadwords_int,989105150,mock_campaign_58ab9c06,Other,true,2,0,0,0,0,0,0,0,0,0,0,0.0,0.0,0.0,0.0,0.0,,,,0.0,,,,
2026-07-05,mock_app_id,googleadwords_int,998337322,mock_campaign_fe944d1c,Matched paid campaign,true,28701,1163,476,378,0,3929,11,0,0,0,0,25.398848887700012,18.0123498148,0.0,18.0123498148,-7.386499072900012,0.709179770092766,0.053358926234663893,0.0378410710394958,0.040521236193860839,0.40928632846087704,0.0,0.0,
2026-07-06,mock_app_id,googleadwords_int,,,Unattributed,false,0,0,1308,21,0,241,2,0,0,0,0,0.0,0.69527551150000011,0.0,0.69527551150000011,0.69527551150000011,,0.0,0.00053155620145259948,,,0.0,0.0,
2026-07-06,mock_app_id,unknown,,,Unattributed,false,0,0,4706,10,0,96,0,0,0,0,0,0.0,0.1073948656,0.0,0.1073948656,0.1073948656,,0.0,2.2820838419039522e-05,,,0.0,,
2026-07-06,mock_app_id,other,,,Unattributed,false,0,0,1205,156,0,2211,3,0,0,0,0,0.0,11.070764255000002,0.0,11.070764255000002,11.070764255000002,,0.0,0.00918735622821577,,,0.0,0.0,
2026-07-06,mock_app_id,googleadwords_int,140410898,mock_campaign_a2e93e84,Matched paid campaign,true,7823,184,78,65,1,4238,5,1,0,0,1,31.161504835700004,19.553785375499977,0.0,19.553785375499977,-11.607719460200027,0.62749810956171448,0.39950647225256414,0.25068955609615357,0.023520388597724658,0.42391304347826086,0.01282051282051282,0.2,0.0
2026-07-06,mock_app_id,googleadwords_int,148918961,mock_campaign_993fe179,Matched paid campaign,true,24281,657,234,183,0,1952,3,0,0,0,0,16.58333049609999,2.5215181691000006,0.0,2.5215181691000006,-14.06181232699999,0.15205137289478748,0.070868933744017051,0.010775718671367524,0.027058193649355463,0.35616438356164382,0.0,0.0,
2026-07-06,mock_app_id,googleadwords_int,161332031,mock_campaign_12520749,Matched paid campaign,true,1210,65,21,9,0,59,0,0,0,0,0,0.15545982610000009,0.0788951748,0.0,0.0788951748,-0.076564651300000092,0.50749558120083316,0.0074028488619047664,0.0037569130857142857,0.053719008264462811,0.32307692307692309,0.0,,
2026-07-06,mock_app_id,googleadwords_int,161694703,mock_campaign_2c0c0430,Matched paid campaign,true,62302,3170,1100,839,1,8538,68,2,0,0,0,44.316867766300014,17.8844680894,59.847822,77.7322900894,33.415422323099982,1.7540113732611347,0.040288061605727288,0.0706657182630909,0.050881191615036438,0.3470031545741325,0.00090909090909090909,0.029411764705882353,59.847822
2026-07-06,mock_app_id,googleadwords_int,180761354,mock_campaign_07fb7039,Matched paid campaign,true,1676,72,38,25,0,263,0,0,0,0,0,0.6306354014,0.46013140610000008,0.0,0.46013140610000008,-0.17050399529999988,0.72963142424056138,0.016595668457894737,0.012108721213157897,0.042959427207637228,0.52777777777777779,0.0,,
2026-07-06,mock_app_id,googleadwords_int,232552584,mock_campaign_a5da28b5,Matched paid campaign,true,2870,72,33,26,0,255,0,0,0,0,0,20.485810539906886,13.2477931122,0.0,13.2477931122,-7.2380174277068861,0.64668142304611076,0.620782137572936,0.40144827612727274,0.025087108013937282,0.45833333333333331,0.0,,
2026-07-06,mock_app_id,googleadwords_int,243641668,mock_campaign_1e8723bd,Matched paid campaign,true,17480,495,236,198,0,1660,3,0,0,0,0,7.6759176910720166,7.9413359102999994,0.0,7.9413359102999994,0.26541821922798281,1.0345780439434225,0.03252507496216956,0.033649728433474572,0.02831807780320366,0.47676767676767678,0.0,0.0,
2026-07-06,mock_app_id,googleadwords_int,258346999,mock_campaign_8ba2a925,Matched paid campaign,true,57,2,1,0,0,0,0,0,0,0,0,0.1613965813,0.0,0.0,0.0,-0.1613965813,0.0,0.1613965813,0.0,0.035087719298245612,0.5,0.0,,
2026-07-06,mock_app_id,googleadwords_int,262368493,mock_campaign_c13d8f45,Installs without cost,true,0,0,21,0,0,0,0,0,0,0,0,0.0,0.0,0.0,0.0,0.0,,0.0,0.0,,,0.0,,
2026-07-06,mock_app_id,googleadwords_int,280939212,mock_campaign_45884f7b,Matched paid campaign,true,845,19,6,4,0,22,0,0,0,0,0,1.0949350625,0.5897048707,0.0,0.5897048707,-0.50523019180000006,0.538575200390023,0.18248917708333334,0.098284145116666666,0.022485207100591716,0.31578947368421051,0.0,,
2026-07-06,mock_app_id,googleadwords_int,351751429,mock_campaign_b7e37028,Matched paid campaign,true,5004,111,45,41,0,478,0,0,0,0,0,17.672218394637142,11.997280642299998,0.0,11.997280642299998,-5.6749377523371436,0.67887802053989577,0.39271596432526984,0.26660623649555554,0.022182254196642687,0.40540540540540543,0.0,,
2026-07-06,mock_app_id,googleadwords_int,369626124,mock_campaign_617ec63b,Matched paid campaign,true,886,18,9,8,0,112,0,0,0,0,0,0.4216487619,0.49419421819999992,0.0,0.49419421819999992,0.072545456299999922,1.1720518660439114,0.046849862433333334,0.05491046868888888,0.020316027088036117,0.5,0.0,,
2026-07-06,mock_app_id,googleadwords_int,369804654,mock_campaign_92e554bf,Matched paid campaign,true,1362,24,11,11,0,22,1,0,0,0,0,0.3067095684,0.585089531,0.0,0.585089531,0.27837996260000003,1.9076337724062997,0.027882688036363637,0.053189957363636367,0.017621145374449341,0.45833333333333331,0.0,0.0,
2026-07-06,mock_app_id,googleadwords_int,432166127,mock_campaign_f8b84857,Matched paid campaign,true,3355,88,51,44,1,714,1,1,0,0,0,3.3047912869000005,6.2363978324,45.153742191999996,51.3901400244,48.0853487375,15.550192300526666,0.064799829154901969,1.0076498044,0.026229508196721311,0.57954545454545459,0.0196078431372549,1.0,45.153742191999996
2026-07-06,mock_app_id,googleadwords_int,434877610,mock_campaign_0dfbbe6f,Matched paid campaign,true,1506,30,15,14,0,114,0,0,0,0,0,0.30816283659999993,0.4715570152,0.0,0.4715570152,0.16339417860000005,1.5302202575844284,0.020544189106666663,0.031437134346666666,0.0199203187250996,0.5,0.0,,
2026-07-06,mock_app_id,googleadwords_int,464541057,mock_campaign_d8ff83e7,Matched paid campaign,true,2406,43,13,9,0,54,0,0,0,0,0,2.2869738282,2.1507342872999997,0.0,2.1507342872999997,-0.13623954090000012,0.94042802798175018,0.17592106370769228,0.16544109902307691,0.017871986699916874,0.30232558139534882,0.0,,
2026-07-06,mock_app_id,googleadwords_int,502057685,mock_campaign_befecb98,Matched paid campaign,true,5426,125,58,50,0,510,0,0,0,0,0,1.6316784345999995,0.98957953290000022,0.0,0.98957953290000022,-0.64209890169999928,0.60647950718463239,0.028132386803448269,0.017061716084482762,0.023037228160707704,0.464,0.0,,
2026-07-06,mock_app_id,googleadwords_int,510225620,mock_campaign_10287894,Matched paid campaign,true,143827,5245,1944,825,1,5338,10,1,0,0,0,17.080017044600027,4.7502495316999989,42.024777546900005,46.775027078600004,29.695010033999978,2.7385819906654176,0.0087860169982510433,0.024061227921090538,0.036467422667510276,0.37063870352716871,0.00051440329218107,0.1,42.024777546900005
2026-07-06,mock_app_id,googleadwords_int,514288304,mock_campaign_c95b5395,Installs without cost,true,0,0,12,0,0,0,0,0,0,0,0,0.0,0.0,0.0,0.0,0.0,,0.0,0.0,,,0.0,,
2026-07-06,mock_app_id,googleadwords_int,525989111,mock_campaign_c82cc8f4,Matched paid campaign,true,739,34,16,13,0,128,0,0,0,0,0,0.3405993597,0.16314709910000005,0.0,0.16314709910000005,-0.17745226059999994,0.47900001703966816,0.02128745998125,0.010196693693750003,0.046008119079837616,0.47058823529411764,0.0,,
2026-07-06,mock_app_id,googleadwords_int,529859974,mock_campaign_d2ea5396,Matched paid campaign,true,8966,266,97,78,0,1283,0,0,0,0,0,2.0013846569999991,2.4607072787000015,0.0,2.4607072787000015,0.45932262170000238,1.2295024197839659,0.020632831515463908,0.025368116275257747,0.029667633281284855,0.36466165413533835,0.0,,
2026-07-06,mock_app_id,googleadwords_int,571438578,mock_campaign_756e1c81,Matched paid campaign,true,71,4,2,2,0,8,0,0,0,0,0,0.015605138599999999,0.0084281224,0.0,0.0084281224,-0.0071770161999999988,0.54008635335029964,0.0078025692999999993,0.0042140612,0.056338028169014086,0.5,0.0,,
2026-07-06,mock_app_id,googleadwords_int,585166272,mock_campaign_60587c25,Matched paid campaign,true,395,10,3,3,0,7,0,0,0,0,0,0.44112466998196553,0.3629761487,0.0,0.3629761487,-0.078148521281965533,0.82284255087079927,0.14704155666065519,0.12099204956666666,0.025316455696202531,0.3,0.0,,
2026-07-06,mock_app_id,googleadwords_int,590094865,mock_campaign_23f341fc,Matched paid campaign,true,31,5,2,2,0,19,0,0,0,0,0,0.058152697899999994,0.028397778800000002,0.0,0.028397778800000002,-0.029754919099999992,0.48833123527360894,0.029076348949999997,0.014198889400000001,0.16129032258064516,0.4,0.0,,
2026-07-06,mock_app_id,googleadwords_int,611748075,mock_campaign_628993e1,Matched paid campaign,true,59,3,1,1,0,4,0,0,0,0,0,0.1598562472,0.3506932049,0.0,0.3506932049,0.1908369577,2.1938035644064589,0.1598562472,0.3506932049,0.050847457627118647,0.33333333333333331,0.0,,
2026-07-06,mock_app_id,googleadwords_int,611892113,mock_campaign_9bfd19ea,Matched paid campaign,true,4150,197,80,67,0,621,2,0,0,0,0,2.3052828919000006,1.4275922133000005,0.0,1.4275922133000005,-0.8776906786,0.61926985981463967,0.028816036148750009,0.017844902666250006,0.047469879518072286,0.40609137055837563,0.0,0.0,
2026-07-06,mock_app_id,googleadwords_int,654635500,mock_campaign_67ff1f36,Matched paid campaign,true,3043,165,96,69,0,763,3,0,0,0,0,2.5622631847999995,0.94665547240000014,0.0,0.94665547240000014,-1.6156077123999992,0.36946066977654851,0.026690241508333327,0.0098609945041666681,0.054222806441012156,0.58181818181818179,0.0,0.0,
2026-07-06,mock_app_id,googleadwords_int,660741874,mock_campaign_7e7497dd,Matched paid campaign,true,104,2,1,1,0,39,0,0,0,0,0,0.0202001025,0.10594389350000002,0.0,0.10594389350000002,0.085743791000000028,5.2447205899078986,0.0202001025,0.10594389350000002,0.019230769230769232,0.5,0.0,,
2026-07-06,mock_app_id,googleadwords_int,739276167,mock_campaign_1fbdf2e3,Matched paid campaign,true,6123,155,66,59,0,1246,4,0,0,0,0,46.9333916932708,35.174573929699996,0.0,35.174573929699996,-11.758817763570804,0.74945731941941129,0.71111199535258784,0.53294808984393938,0.025314388371713212,0.4258064516129032,0.0,0.0,
2026-07-06,mock_app_id,googleadwords_int,742036733,mock_campaign_e0586969,Cost without installs,true,50,3,0,0,0,0,0,0,0,0,0,1.8728787729071505,0.0,0.0,0.0,-1.8728787729071505,0.0,,,0.06,0.0,,,
2026-07-06,mock_app_id,googleadwords_int,788967442,mock_campaign_475f8981,Matched paid campaign,true,93,2,1,1,0,2,0,0,0,0,0,0.1659231944,0.0013172126,0.0,0.0013172126,-0.1646059818,0.00793868876960339,0.1659231944,0.0013172126,0.021505376344086023,0.5,0.0,,
2026-07-06,mock_app_id,googleadwords_int,792104306,mock_campaign_6fcee95d,Matched paid campaign,true,27261,1390,696,517,2,6928,9,2,0,0,0,39.746039835699975,13.247316673599993,65.5344211531,78.7817378267,39.035697991000021,1.9821279843819328,0.057106379074281573,0.11319215204985632,0.050988591761123948,0.50071942446043161,0.0028735632183908046,0.22222222222222221,32.76721057655
2026-07-06,mock_app_id,googleadwords_int,810543724,mock_campaign_c492b014,Matched paid campaign,true,251,6,1,1,0,1,0,0,0,0,0,1.510723557,0.5388163874,0.0,0.5388163874,-0.9719071695999999,0.35666114088403011,1.510723557,0.5388163874,0.023904382470119521,0.16666666666666666,0.0,,
2026-07-06,mock_app_id,googleadwords_int,834117318,mock_campaign_ae804aae,Installs without cost,true,0,0,2,0,0,0,0,0,0,0,0,0.0,0.0,0.0,0.0,0.0,,0.0,0.0,,,0.0,,
2026-07-06,mock_app_id,googleadwords_int,848321939,mock_campaign_c41abc99,Cost without installs,true,4,0,0,0,0,0,0,0,0,0,0,9.35755e-05,0.0,0.0,0.0,-9.35755e-05,0.0,,,0.0,,,,
2026-07-06,mock_app_id,googleadwords_int,900383572,mock_campaign_45368c6d,Matched paid campaign,true,12037,341,140,122,0,2227,2,0,0,0,0,3.2903123090999995,5.5138519435999971,0.0,5.5138519435999971,2.2235396344999976,1.675783763246536,0.023502230779285711,0.039384656739999982,0.028329317936362883,0.41055718475073316,0.0,0.0,
2026-07-06,mock_app_id,googleadwords_int,972671114,mock_campaign_9911559c,Matched paid campaign,true,95,1,1,0,0,0,0,0,0,0,0,0.0095137804,0.0,0.0,0.0,-0.0095137804,0.0,0.0095137804,0.0,0.010526315789473684,1.0,0.0,,
2026-07-06,mock_app_id,googleadwords_int,974591165,mock_campaign_674dbd59,Matched paid campaign,true,1480,55,34,25,0,286,0,0,0,0,0,0.43677056270000009,0.3753075007,0.0,0.3753075007,-0.061463062000000068,0.85927837805723062,0.012846193020588238,0.011038455902941178,0.037162162162162164,0.61818181818181817,0.0,,
2026-07-06,mock_app_id,googleadwords_int,989105150,mock_campaign_58ab9c06,Other,true,2,0,0,0,0,0,0,0,0,0,0,0.0,0.0,0.0,0.0,0.0,,,,0.0,,,,
2026-07-06,mock_app_id,googleadwords_int,998337322,mock_campaign_fe944d1c,Matched paid campaign,true,26476,1040,473,389,0,4335,4,0,0,0,0,23.107062024000008,22.799690218900015,0.0,22.799690218900015,-0.30737180509999362,0.986697927898374,0.0488521395856237,0.048202304902537026,0.03928085813567004,0.4548076923076923,0.0,0.0,
2026-07-07,mock_app_id,other,,,Unattributed,false,0,0,2315,192,0,2730,0,0,0,0,0,0.0,18.871892183499991,0.0,18.871892183499991,18.871892183499991,,0.0,0.0081520052628509688,,,0.0,,
2026-07-07,mock_app_id,googleadwords_int,,,Unattributed,false,0,0,971,22,0,165,0,0,0,0,0,0.0,1.0530146573,0.0,1.0530146573,1.0530146573,,0.0,0.0010844641166838313,,,0.0,,
2026-07-07,mock_app_id,unknown,,,Unattributed,false,0,0,4757,11,0,172,0,0,0,0,0,0.0,0.2749483848,0.0,0.2749483848,0.2749483848,,0.0,5.7798693462266137e-05,,,0.0,,
2026-07-07,mock_app_id,googleadwords_int,140410898,mock_campaign_a2e93e84,Matched paid campaign,true,8403,228,103,84,2,2189,10,3,0,0,0,38.836836680399948,34.3373477412,98.05208300000001,132.38943074120002,93.552594060800061,3.4088623599978702,0.3770566667999995,1.2853342790407769,0.027133166726169226,0.4517543859649123,0.019417475728155338,0.3,49.026041500000005
2026-07-07,mock_app_id,googleadwords_int,148918961,mock_campaign_993fe179,Matched paid campaign,true,24897,611,199,161,1,2090,1,1,0,0,0,16.182337508699991,2.2569507953999994,18.6954786898,20.9524294852,4.7700919765000087,1.294771504668933,0.081318278938190908,0.10528859037788944,0.0245411093706069,0.32569558101472995,0.0050251256281407036,1.0,18.6954786898
2026-07-07,mock_app_id,googleadwords_int,161332031,mock_campaign_12520749,Matched paid campaign,true,1551,78,30,15,0,85,0,0,0,0,0,0.21474844920000008,0.093460947400000008,0.0,0.093460947400000008,-0.12128750180000007,0.43521127974692714,0.0071582816400000025,0.0031153649133333337,0.050290135396518373,0.38461538461538464,0.0,,
2026-07-07,mock_app_id,googleadwords_int,161694703,mock_campaign_2c0c0430,Matched paid campaign,true,59574,2933,957,723,0,10355,47,0,0,0,0,38.088679401700013,18.480314431999989,0.0,18.480314431999989,-19.608364969700023,0.48519178722628953,0.039800082969383505,0.019310673387669789,0.049232886829825094,0.3262870780770542,0.0,0.0,
2026-07-07,mock_app_id,googleadwords_int,180761354,mock_campaign_07fb7039,Matched paid campaign,true,1536,73,29,23,0,167,1,0,0,0,0,0.7597752873,0.25101944719999991,0.0,0.25101944719999991,-0.50875584010000008,0.33038643319400829,0.026199147837931033,0.00865584300689655,0.047526041666666664,0.39726027397260272,0.0,0.0,
2026-07-07,mock_app_id,googleadwords_int,232552584,mock_campaign_a5da28b5,Matched paid campaign,true,3036,56,28,24,0,92,3,0,0,0,0,18.835879543175675,9.0183941561999976,0.0,9.0183941561999976,-9.8174853869756777,0.47878805635425731,0.67270998368484558,0.32208550557857135,0.01844532279314888,0.5,0.0,0.0,
2026-07-07,mock_app_id,googleadwords_int,243641668,mock_campaign_1e8723bd,Matched paid campaign,true,20351,626,283,229,0,2776,1,0,0,0,0,10.256700622550033,9.5038061077999973,0.0,9.5038061077999973,-0.75289451475003588,0.926594862962584,0.036242758383569024,0.033582353737809177,0.030760159205935826,0.45207667731629392,0.0,0.0,
2026-07-07,mock_app_id,googleadwords_int,258346999,mock_campaign_8ba2a925,Other,true,81,0,0,0,0,0,0,0,0,0,0,0.0,0.0,0.0,0.0,0.0,,,,0.0,,,,
2026-07-07,mock_app_id,googleadwords_int,262368493,mock_campaign_c13d8f45,Installs without cost,true,0,0,11,0,0,0,0,0,0,0,0,0.0,0.0,0.0,0.0,0.0,,0.0,0.0,,,0.0,,
2026-07-07,mock_app_id,googleadwords_int,280939212,mock_campaign_45884f7b,Matched paid campaign,true,829,19,5,4,0,60,0,0,0,0,0,0.7899554203,1.1059821454,0.0,1.1059821454,0.31602672510000007,1.4000564044234081,0.15799108406,0.22119642908,0.022919179734620022,0.26315789473684209,0.0,,
2026-07-07,mock_app_id,googleadwords_int,351751429,mock_campaign_b7e37028,Matched paid campaign,true,5400,129,62,51,0,390,0,0,0,0,0,24.185709925086829,17.4620530406,0.0,17.4620530406,-6.7236568844868287,0.7219987792248902,0.39009209556591662,0.28164601678387097,0.02388888888888889,0.48062015503875971,0.0,,
2026-07-07,mock_app_id,googleadwords_int,369626124,mock_campaign_617ec63b,Matched paid campaign,true,874,21,8,6,0,137,2,0,0,0,0,0.48219780630000009,0.3328879046,0.0,0.3328879046,-0.14930990170000008,0.69035549363925,0.060274725787500011,0.041610988075,0.024027459954233409,0.38095238095238093,0.0,0.0,
2026-07-07,mock_app_id,googleadwords_int,369804654,mock_campaign_92e554bf,Matched paid campaign,true,1252,20,9,9,0,66,0,0,0,0,0,0.26496268990000005,0.43553749270000003,0.0,0.43553749270000003,0.17057480279999998,1.6437691392111728,0.029440298877777785,0.048393054744444448,0.015974440894568689,0.45,0.0,,
2026-07-07,mock_app_id,googleadwords_int,432166127,mock_campaign_f8b84857,Matched paid campaign,true,3444,114,57,48,0,467,0,0,0,0,0,4.1832577384,3.7506635143000007,0.0,3.7506635143000007,-0.43259422409999937,0.89658915344158141,0.073390486638596486,0.065801114285964926,0.033101045296167246,0.5,0.0,,
2026-07-07,mock_app_id,googleadwords_int,434877610,mock_campaign_0dfbbe6f,Matched paid campaign,true,1506,44,19,12,0,48,0,0,0,0,0,0.54269802870000006,0.2586539299,0.0,0.2586539299,-0.28404409880000003,0.47660746164785173,0.028563054142105266,0.013613364731578948,0.029216467463479414,0.43181818181818182,0.0,,
2026-07-07,mock_app_id,googleadwords_int,464541057,mock_campaign_d8ff83e7,Matched paid campaign,true,2472,59,23,20,0,152,1,0,0,0,0,3.3808746779999987,2.0957107246000004,0.0,2.0957107246000004,-1.2851639533999983,0.61987234789777712,0.14699455121739124,0.091117857591304363,0.023867313915857606,0.38983050847457629,0.0,0.0,
2026-07-07,mock_app_id,googleadwords_int,502057685,mock_campaign_befecb98,Matched paid campaign,true,5405,124,45,38,0,403,0,0,0,0,0,1.8202200479,0.88366366520000006,0.0,0.88366366520000006,-0.93655638269999986,0.48547079031432971,0.040449334397777773,0.019636970337777778,0.022941720629047178,0.36290322580645162,0.0,,
2026-07-07,mock_app_id,googleadwords_int,510225620,mock_campaign_10287894,Matched paid campaign,true,138700,5336,1915,794,0,5172,11,0,0,0,0,15.182751812200012,4.2524081377999989,0.0,4.2524081377999989,-10.930343674400014,0.28008151555128508,0.0079283299280417819,0.0022205786620365531,0.038471521268925737,0.35888305847076463,0.0,0.0,
2026-07-07,mock_app_id,googleadwords_int,514288304,mock_campaign_c95b5395,Installs without cost,true,0,0,17,0,0,0,0,0,0,0,0,0.0,0.0,0.0,0.0,0.0,,0.0,0.0,,,0.0,,
2026-07-07,mock_app_id,googleadwords_int,525989111,mock_campaign_c82cc8f4,Matched paid campaign,true,1069,44,17,12,0,211,0,0,0,0,0,0.7677226952,0.1723930653,0.0,0.1723930653,-0.5953296299,0.22455121670603961,0.045160158541176471,0.010140768547058823,0.0411599625818522,0.38636363636363635,0.0,,
2026-07-07,mock_app_id,googleadwords_int,529859974,mock_campaign_d2ea5396,Matched paid campaign,true,8968,254,83,59,0,843,2,0,0,0,0,2.2054012169000012,1.6142784366000003,0.0,1.6142784366000003,-0.591122780300001,0.731965877333238,0.026571098998795197,0.019449137790361448,0.028322925958965208,0.32677165354330706,0.0,0.0,
2026-07-07,mock_app_id,googleadwords_int,557162896,mock_campaign_b0c8a1e0,Installs without cost,true,0,0,1,0,0,0,0,0,0,0,0,0.0,0.0,0.0,0.0,0.0,,0.0,0.0,,,0.0,,
2026-07-07,mock_app_id,googleadwords_int,571438578,mock_campaign_756e1c81,Matched paid campaign,true,52,4,2,2,0,31,0,0,0,0,0,0.032550441099999994,0.0223735057,0.0,0.0223735057,-0.010176935399999993,0.687348771442609,0.016275220549999997,0.01118675285,0.076923076923076927,0.5,0.0,,
2026-07-07,mock_app_id,googleadwords_int,585166272,mock_campaign_60587c25,Matched paid campaign,true,374,9,2,2,0,36,0,0,0,0,0,0.75302684029906386,0.2135604177,0.0,0.2135604177,-0.53946642259906386,0.28360266363837006,0.37651342014953193,0.10678020885,0.024064171122994651,0.22222222222222221,0.0,,
2026-07-07,mock_app_id,googleadwords_int,590094865,mock_campaign_23f341fc,Matched paid campaign,true,28,3,1,1,0,11,0,0,0,0,0,0.0303680977,0.0216983387,0.0,0.0216983387,-0.0086697589999999991,0.71451096194280228,0.0303680977,0.0216983387,0.10714285714285714,0.33333333333333331,0.0,,
2026-07-07,mock_app_id,googleadwords_int,611748075,mock_campaign_628993e1,Cost without installs,true,76,1,0,0,0,0,0,0,0,0,0,0.031346978799999994,0.0,0.0,0.0,-0.031346978799999994,0.0,,,0.013157894736842105,0.0,,,
2026-07-07,mock_app_id,googleadwords_int,611892113,mock_campaign_9bfd19ea,Matched paid campaign,true,3868,166,63,45,0,459,0,0,0,0,0,2.7607661135000017,1.1113159646999997,0.0,1.1113159646999997,-1.649450148800002,0.40253897614351425,0.043821684341269866,0.017639935947619045,0.042916235780765255,0.37951807228915663,0.0,,
2026-07-07,mock_app_id,googleadwords_int,654635500,mock_campaign_67ff1f36,Matched paid campaign,true,2566,147,82,65,0,556,1,0,0,0,0,1.9824197510999997,0.7823058117,0.0,0.7823058117,-1.2001139393999996,0.39462167952368127,0.024175850623170729,0.0095403147768292687,0.057287607170693686,0.55782312925170063,0.0,0.0,
2026-07-07,mock_app_id,googleadwords_int,660741874,mock_campaign_7e7497dd,Other,true,29,0,0,0,0,0,0,0,0,0,0,0.0,0.0,0.0,0.0,0.0,,,,0.0,,,,
2026-07-07,mock_app_id,googleadwords_int,739276167,mock_campaign_1fbdf2e3,Matched paid campaign,true,7252,171,67,60,0,623,3,0,0,0,0,47.641080817120482,36.9983082782,0.0,36.9983082782,-10.642772538920482,0.77660514084945242,0.71106090771821617,0.55221355639104475,0.023579702151130724,0.391812865497076,0.0,0.0,
2026-07-07,mock_app_id,googleadwords_int,742036733,mock_campaign_e0586969,Cost without installs,true,33,0,0,0,0,0,0,0,0,0,0,0.0011395574733855994,0.0,0.0,0.0,-0.0011395574733855994,0.0,,,0.0,,,,
2026-07-07,mock_app_id,googleadwords_int,788967442,mock_campaign_475f8981,Matched paid campaign,true,112,5,1,1,0,1,0,0,0,0,0,0.1811515899,0.037009342800000004,0.0,0.037009342800000004,-0.14414224709999998,0.20430040288594786,0.1811515899,0.037009342800000004,0.044642857142857144,0.2,0.0,,
2026-07-07,mock_app_id,googleadwords_int,792104306,mock_campaign_6fcee95d,Matched paid campaign,true,29923,1558,765,566,0,8756,10,0,0,0,0,42.59789478199999,16.281619083600003,0.0,16.281619083600003,-26.316275698399988,0.38221651954687452,0.05568352259084966,0.021283162200784318,0.052066971894529294,0.49101412066752248,0.0,0.0,
2026-07-07,mock_app_id,googleadwords_int,810543724,mock_campaign_c492b014,Matched paid campaign,true,276,4,3,2,0,2,0,0,0,0,0,0.75570271880000006,0.47374939709999997,0.0,0.47374939709999997,-0.28195332170000009,0.62689915665816176,0.25190090626666667,0.15791646569999998,0.014492753623188406,0.75,0.0,,
2026-07-07,mock_app_id,googleadwords_int,834117318,mock_campaign_ae804aae,Installs without cost,true,0,0,1,0,0,0,0,0,0,0,0,0.0,0.0,0.0,0.0,0.0,,0.0,0.0,,,0.0,,
2026-07-07,mock_app_id,googleadwords_int,900383572,mock_campaign_45368c6d,Matched paid campaign,true,12574,356,144,124,0,2070,0,0,0,0,0,4.4279495339,6.0297852652999984,0.0,6.0297852652999984,1.6018357313999987,1.3617556431337987,0.030749649540972219,0.041873508786805541,0.028312390647367583,0.4044943820224719,0.0,,
2026-07-07,mock_app_id,googleadwords_int,972671114,mock_campaign_9911559c,Cost without installs,true,95,2,0,0,0,0,0,0,0,0,0,0.011993937999999999,0.0,0.0,0.0,-0.011993937999999999,0.0,,,0.021052631578947368,0.0,,,
2026-07-07,mock_app_id,googleadwords_int,974591165,mock_campaign_674dbd59,Matched paid campaign,true,1573,76,42,29,0,305,0,0,0,0,0,0.66961244510000018,0.4699442578,0.0,0.4699442578,-0.19966818730000019,0.70181529814580779,0.01594315345476191,0.011189148995238095,0.04831532104259377,0.55263157894736847,0.0,,
2026-07-07,mock_app_id,googleadwords_int,989105150,mock_campaign_58ab9c06,Other,true,5,0,0,0,0,0,0,0,0,0,0,0.0,0.0,0.0,0.0,0.0,,,,0.0,,,,
2026-07-07,mock_app_id,googleadwords_int,998337322,mock_campaign_fe944d1c,Matched paid campaign,true,26377,1023,487,413,0,4741,8,0,0,0,0,23.720810709300004,22.0407872241,0.0,22.0407872241,-1.6800234852000031,0.92917512365876553,0.048708030203901444,0.04525828998788501,0.038783788907002313,0.47605083088954059,0.0,0.0,
2026-07-08,mock_app_id,unknown,,,Unattributed,false,0,0,4740,10,0,126,0,0,0,0,0,0.0,0.17327715190000004,0.0,0.17327715190000004,0.17327715190000004,,0.0,3.6556361160337558e-05,,,0.0,,
2026-07-08,mock_app_id,other,,,Unattributed,false,0,0,1653,198,0,2596,1,0,0,0,0,0.0,16.553990368700003,0.0,16.553990368700003,16.553990368700003,,0.0,0.010014513229703571,,,0.0,0.0,
2026-07-08,mock_app_id,googleadwords_int,,,Unattributed,false,0,0,1052,27,1,264,1,1,0,0,0,0.0,1.004024285,43.4714183869,44.4754426719,44.4754426719,,0.0,0.042277036760361215,,,0.00095057034220532319,1.0,43.4714183869
2026-07-08,mock_app_id,googleadwords_int,140410898,mock_campaign_a2e93e84,Matched paid campaign,true,8344,221,90,79,0,4108,8,0,0,0,0,38.091322299299989,43.147566255000008,0.0,43.147566255000008,5.0562439557000189,1.1327400481393353,0.42323691443666656,0.47941740283333345,0.026486097794822628,0.40723981900452488,0.0,0.0,
2026-07-08,mock_app_id,googleadwords_int,148918961,mock_campaign_993fe179,Matched paid campaign,true,29262,692,211,174,0,1715,2,0,0,0,0,15.900530415100006,2.5634358485999988,0.0,2.5634358485999988,-13.337094566500006,0.16121700230613825,0.075357964052606669,0.01214898506445497,0.02364841774314811,0.30491329479768786,0.0,0.0,
2026-07-08,mock_app_id,googleadwords_int,161332031,mock_campaign_12520749,Matched paid campaign,true,1327,81,34,21,0,96,0,0,0,0,0,0.25636106719999996,0.081795845099999986,0.0,0.081795845099999986,-0.17456522209999997,0.31906500465683818,0.0075400313882352929,0.0024057601499999997,0.061039939713639788,0.41975308641975306,0.0,,
2026-07-08,mock_app_id,googleadwords_int,161694703,mock_campaign_2c0c0430,Matched paid campaign,true,66465,3200,1194,946,2,23184,49,2,0,0,0,52.418143081500006,26.01291825340002,58.891877248800007,84.904795502200031,32.486652420700025,1.6197596959928475,0.043901292363065329,0.071109543971691822,0.048145640562702173,0.373125,0.0016750418760469012,0.040816326530612242,29.445938624400004
2026-07-08,mock_app_id,googleadwords_int,180761354,mock_campaign_07fb7039,Matched paid campaign,true,1030,28,17,9,0,107,0,0,0,0,0,0.19087123640000006,0.1972315675,0.0,0.1972315675,0.00636033109999995,1.0333226274422558,0.011227719788235297,0.011601856911764706,0.027184466019417475,0.6071428571428571,0.0,,
2026-07-08,mock_app_id,googleadwords_int,232552584,mock_campaign_a5da28b5,Matched paid campaign,true,3015,64,30,25,0,260,2,0,0,0,0,18.431736778506963,8.3734096689,0.0,8.3734096689,-10.058327109606962,0.45429303649041569,0.6143912259502321,0.27911365563,0.021227197346600332,0.46875,0.0,0.0,
2026-07-08,mock_app_id,googleadwords_int,243641668,mock_campaign_1e8723bd,Matched paid campaign,true,20563,563,238,170,0,1644,4,0,0,0,0,9.5735248724938469,6.7451756577999964,0.0,6.7451756577999964,-2.8283492146938505,0.70456553334706262,0.040224894422243057,0.02834107419243696,0.02737927345231727,0.42273534635879217,0.0,0.0,
2026-07-08,mock_app_id,googleadwords_int,258346999,mock_campaign_8ba2a925,Other,true,60,0,0,0,0,0,0,0,0,0,0,0.0,0.0,0.0,0.0,0.0,,,,0.0,,,,
2026-07-08,mock_app_id,googleadwords_int,262368493,mock_campaign_c13d8f45,Installs without cost,true,0,0,10,0,0,0,0,0,0,0,0,0.0,0.0,0.0,0.0,0.0,,0.0,0.0,,,0.0,,
2026-07-08,mock_app_id,googleadwords_int,280939212,mock_campaign_45884f7b,Matched paid campaign,true,958,17,3,2,0,25,0,0,0,0,0,0.46932751339999995,0.028537907800000005,0.0,0.028537907800000005,-0.44078960559999997,0.060805955298166431,0.15644250446666666,0.0095126359333333344,0.017745302713987474,0.17647058823529413,0.0,,
2026-07-08,mock_app_id,googleadwords_int,351751429,mock_campaign_b7e37028,Matched paid campaign,true,5692,134,49,41,0,567,1,0,0,0,0,28.570066050090482,15.079726281100001,0.0,15.079726281100001,-13.490339768990481,0.52781559043865922,0.58306257245082616,0.30774951594081634,0.023541813070976809,0.36567164179104478,0.0,0.0,
2026-07-08,mock_app_id,googleadwords_int,369626124,mock_campaign_617ec63b,Matched paid campaign,true,812,22,9,7,0,184,0,0,0,0,0,0.59282520350000023,1.0437330218999998,0.0,1.0437330218999998,0.4509078183999996,1.7606083812528046,0.065869467055555575,0.11597033576666665,0.027093596059113302,0.40909090909090912,0.0,,
2026-07-08,mock_app_id,googleadwords_int,369804654,mock_campaign_92e554bf,Matched paid campaign,true,1250,26,11,10,0,169,0,0,0,0,0,0.36829119809999994,1.1781524021000003,0.0,1.1781524021000003,0.80986120400000039,3.1989697505073242,0.0334810180090909,0.10710476382727276,0.0208,0.42307692307692307,0.0,,
2026-07-08,mock_app_id,googleadwords_int,432166127,mock_campaign_f8b84857,Matched paid campaign,true,3383,111,58,51,0,343,1,0,0,0,0,4.0378511757999993,5.7846983704000019,0.0,5.7846983704000019,1.7468471946000026,1.4326180234351773,0.069618123720689637,0.099736178800000033,0.032811114395506949,0.52252252252252251,0.0,0.0,
2026-07-08,mock_app_id,googleadwords_int,434877610,mock_campaign_0dfbbe6f,Matched paid campaign,true,1586,29,13,10,0,62,1,0,0,0,0,0.3777179126,0.31247238320000004,0.0,0.31247238320000004,-0.065245529399999946,0.82726387279097779,0.029055224046153846,0.024036337169230773,0.018284993694829759,0.44827586206896552,0.0,0.0,
2026-07-08,mock_app_id,googleadwords_int,464541057,mock_campaign_d8ff83e7,Matched paid campaign,true,2733,64,15,14,0,55,0,0,0,0,0,3.0656912377999994,2.1486501869000003,0.0,2.1486501869000003,-0.9170410508999991,0.70086972895610788,0.2043794158533333,0.14324334579333337,0.023417489937797291,0.234375,0.0,,
2026-07-08,mock_app_id,googleadwords_int,502057685,mock_campaign_befecb98,Matched paid campaign,true,4978,117,47,36,0,414,0,0,0,0,0,1.3871070666999996,0.9124716398,0.0,0.9124716398,-0.4746354268999996,0.65782351031547825,0.029512916312765949,0.01941429020851064,0.023503415026114905,0.40170940170940173,0.0,,
2026-07-08,mock_app_id,googleadwords_int,510225620,mock_campaign_10287894,Matched paid campaign,true,151661,6081,2206,919,1,6314,22,1,0,0,0,21.149384448800028,5.3434767358999951,42.0049824148,47.348459150699995,26.199074701899967,2.2387629893117977,0.0095872096322756253,0.021463490095512235,0.040096003586947204,0.36276928136819603,0.00045330915684496827,0.045454545454545456,42.0049824148
2026-07-08,mock_app_id,googleadwords_int,514288304,mock_campaign_c95b5395,Installs without cost,true,0,0,6,0,0,0,0,0,0,0,0,0.0,0.0,0.0,0.0,0.0,,0.0,0.0,,,0.0,,
2026-07-08,mock_app_id,googleadwords_int,525989111,mock_campaign_c82cc8f4,Matched paid campaign,true,854,38,17,15,0,223,0,0,0,0,0,0.3334363586000002,0.3191157717,0.0,0.3191157717,-0.01432058690000021,0.95705151363778063,0.019613903447058836,0.018771515982352941,0.04449648711943794,0.44736842105263158,0.0,,
2026-07-08,mock_app_id,googleadwords_int,529859974,mock_campaign_d2ea5396,Matched paid campaign,true,8696,264,105,93,0,1150,0,0,0,0,0,2.0110245609000006,1.9420197852,0.0,1.9420197852,-0.06900477570000052,0.96568675637202628,0.01915261486571429,0.018495426525714287,0.030358785648574058,0.39772727272727271,0.0,,
2026-07-08,mock_app_id,googleadwords_int,571438578,mock_campaign_756e1c81,Matched paid campaign,true,35,5,2,0,0,0,0,0,0,0,0,0.040685,0.0,0.0,0.0,-0.040685,0.0,0.0203425,0.0,0.14285714285714285,0.4,0.0,,
2026-07-08,mock_app_id,googleadwords_int,585166272,mock_campaign_60587c25,Matched paid campaign,true,443,4,1,1,0,34,0,0,0,0,0,0.1842699085825813,0.0833079644,0.0,0.0833079644,-0.1009619441825813,0.45209749676879668,0.1842699085825813,0.0833079644,0.0090293453724604959,0.25,0.0,,
2026-07-08,mock_app_id,googleadwords_int,590094865,mock_campaign_23f341fc,Other,true,18,0,0,0,0,0,0,0,0,0,0,0.0,0.0,0.0,0.0,0.0,,,,0.0,,,,
2026-07-08,mock_app_id,googleadwords_int,611748075,mock_campaign_628993e1,Cost without installs,true,61,0,0,0,0,0,0,0,0,0,0,0.0006843217,0.0,0.0,0.0,-0.0006843217,0.0,,,0.0,,,,
2026-07-08,mock_app_id,googleadwords_int,611892113,mock_campaign_9bfd19ea,Matched paid campaign,true,3369,119,60,45,0,406,2,0,0,0,0,1.4400244187999991,1.0620784557999998,0.0,1.0620784557999998,-0.37794596299999927,0.73754197632638119,0.024000406979999986,0.017701307596666663,0.035322054021964977,0.50420168067226889,0.0,0.0,
2026-07-08,mock_app_id,googleadwords_int,654635500,mock_campaign_67ff1f36,Matched paid campaign,true,2868,174,90,65,0,683,1,0,0,0,0,2.2050391204,0.9465153434000001,0.0,0.9465153434000001,-1.2585237769999997,0.42925104350452509,0.024500434671111109,0.01051683714888889,0.060669456066945605,0.51724137931034486,0.0,0.0,
2026-07-08,mock_app_id,googleadwords_int,660741874,mock_campaign_7e7497dd,Other,true,30,0,0,0,0,0,0,0,0,0,0,0.0,0.0,0.0,0.0,0.0,,,,0.0,,,,
2026-07-08,mock_app_id,googleadwords_int,739276167,mock_campaign_1fbdf2e3,Matched paid campaign,true,7086,154,72,62,1,1230,3,1,0,0,0,47.47928173851119,42.411524669600006,21.643561,64.0550856696,16.575803931088814,1.3491165688305669,0.6594344685904332,0.88965396763333338,0.02173299463731301,0.46753246753246752,0.013888888888888888,0.33333333333333331,21.643561
2026-07-08,mock_app_id,googleadwords_int,742036733,mock_campaign_e0586969,Matched paid campaign,true,22,1,1,1,0,7,0,0,0,0,0,0.31909820037427139,0.4008530174,0.0,0.4008530174,0.081754817025728621,1.2562058229405184,0.31909820037427139,0.4008530174,0.045454545454545456,1.0,0.0,,
2026-07-08,mock_app_id,googleadwords_int,788967442,mock_campaign_475f8981,Matched paid campaign,true,110,3,1,0,0,0,0,0,0,0,0,0.0765089562,0.0,0.0,0.0,-0.0765089562,0.0,0.0765089562,0.0,0.027272727272727271,0.33333333333333331,0.0,,
2026-07-08,mock_app_id,googleadwords_int,792104306,mock_campaign_6fcee95d,Matched paid campaign,true,30811,1475,677,505,1,5972,10,1,0,0,0,41.593788982000007,13.680423565099991,27.2791506493,40.959574214399993,-0.63421476760001383,0.98475217615124044,0.0614383884519941,0.060501586727326431,0.047872513063516274,0.45898305084745761,0.0014771048744460858,0.1,27.2791506493
2026-07-08,mock_app_id,googleadwords_int,810543724,mock_campaign_c492b014,Cost without installs,true,275,3,0,0,0,0,0,0,0,0,0,0.5121118594,0.0,0.0,0.0,-0.5121118594,0.0,,,0.01090909090909091,0.0,,,
2026-07-08,mock_app_id,googleadwords_int,834117318,mock_campaign_ae804aae,Installs without cost,true,0,0,5,0,0,0,0,0,0,0,0,0.0,0.0,0.0,0.0,0.0,,0.0,0.0,,,0.0,,
2026-07-08,mock_app_id,googleadwords_int,900383572,mock_campaign_45368c6d,Matched paid campaign,true,12196,379,169,146,0,2460,0,0,0,0,0,4.1123836547000039,6.3521826034,0.0,6.3521826034,2.2397989486999963,1.5446473716381377,0.024333631092899433,0.037586879310059169,0.031075762545096752,0.44591029023746703,0.0,,
2026-07-08,mock_app_id,googleadwords_int,972671114,mock_campaign_9911559c,Cost without installs,true,115,1,0,0,0,0,0,0,0,0,0,0.026119769999999997,0.0,0.0,0.0,-0.026119769999999997,0.0,,,0.0086956521739130436,0.0,,,
2026-07-08,mock_app_id,googleadwords_int,974591165,mock_campaign_674dbd59,Matched paid campaign,true,1720,70,44,40,0,410,0,0,0,0,0,0.5886606869,0.4441031963,0.0,0.4441031963,-0.14455749059999995,0.7544298543847604,0.013378651975,0.010093254461363636,0.040697674418604654,0.62857142857142856,0.0,,
2026-07-08,mock_app_id,googleadwords_int,998337322,mock_campaign_fe944d1c,Matched paid campaign,true,24924,958,440,350,0,4173,9,0,0,0,0,21.349147798800018,19.036406177300009,0.0,19.036406177300009,-2.3127416215000096,0.89167054145224467,0.048520790451818223,0.043264559493863659,0.038436848017974645,0.45929018789144049,0.0,0.0,
2026-07-09,mock_app_id,unknown,,,Unattributed,false,0,0,4996,8,0,184,0,0,0,0,0,0.0,0.21159479000000009,0.0,0.21159479000000009,0.21159479000000009,,0.0,4.235284027221779e-05,,,0.0,,
2026-07-09,mock_app_id,googleadwords_int,,,Unattributed,false,0,0,2758,31,0,444,1,0,0,0,0,0.0,3.2725662965000009,0.0,3.2725662965000009,3.2725662965000009,,0.0,0.0011865722612400293,,,0.0,0.0,
2026-07-09,mock_app_id,other,,,Unattributed,false,0,0,1397,176,0,3250,1,0,0,0,0,0.0,13.320568471400001,0.0,13.320568471400001,13.320568471400001,,0.0,0.0095351241742304953,,,0.0,0.0,
2026-07-09,mock_app_id,googleadwords_int,140410898,mock_campaign_a2e93e84,Matched paid campaign,true,8622,239,100,83,1,4407,4,1,0,0,0,48.675832627900036,39.429184640600006,38.204261,77.6334456406,28.957613012699966,1.5949073996137875,0.48675832627900034,0.776334456406,0.027719786592437949,0.41841004184100417,0.01,0.25,38.204261
2026-07-09,mock_app_id,googleadwords_int,148918961,mock_campaign_993fe179,Matched paid campaign,true,35340,762,253,193,0,1812,2,0,0,0,0,17.476258837700016,2.1675816147999991,0.0,2.1675816147999991,-15.308677222900016,0.12403007044757562,0.069076121888142356,0.0085675162640316167,0.021561969439728355,0.33202099737532809,0.0,0.0,
2026-07-09,mock_app_id,googleadwords_int,161332031,mock_campaign_12520749,Matched paid campaign,true,1604,90,24,8,0,33,0,0,0,0,0,0.1946671469,0.025702206400000004,0.0,0.025702206400000004,-0.1689649405,0.1320315564762613,0.0081111311208333335,0.0010709252666666667,0.056109725685785539,0.26666666666666666,0.0,,
2026-07-09,mock_app_id,googleadwords_int,161694703,mock_campaign_2c0c0430,Matched paid campaign,true,70533,3296,1050,811,1,22057,44,1,0,0,0,46.083772562800036,25.264865064899997,18.946536354,44.211401418899996,-1.8723711439000397,0.9593702720117262,0.0438893072026667,0.042106096589428571,0.046729899479676179,0.31856796116504854,0.00095238095238095238,0.022727272727272728,18.946536354
2026-07-09,mock_app_id,googleadwords_int,180761354,mock_campaign_07fb7039,Matched paid campaign,true,993,37,16,12,0,83,0,0,0,0,0,0.2703176496000001,0.0900430737,0.0,0.0900430737,-0.18027457590000009,0.33310097891588047,0.016894853100000006,0.00562769210625,0.03726082578046324,0.43243243243243246,0.0,,
2026-07-09,mock_app_id,googleadwords_int,232552584,mock_campaign_a5da28b5,Matched paid campaign,true,2972,63,29,22,1,393,2,1,0,0,0,18.258230792191338,9.2656428594,45.164083712200004,54.4297265716,36.171495779408659,2.9811062852200583,0.62959416524797718,1.8768871231586206,0.0211978465679677,0.46031746031746029,0.034482758620689655,0.5,45.164083712200004
2026-07-09,mock_app_id,googleadwords_int,243641668,mock_campaign_1e8723bd,Matched paid campaign,true,20331,561,233,160,1,1306,4,1,0,0,1,9.3526365555412116,6.2086420991999978,0.0,6.2086420991999978,-3.1439944563412139,0.6638387007053671,0.040140071053824944,0.026646532614592267,0.027593330382175003,0.41532976827094475,0.0042918454935622317,0.25,0.0
2026-07-09,mock_app_id,googleadwords_int,258346999,mock_campaign_8ba2a925,Matched paid campaign,true,27,1,1,1,0,1,0,0,0,0,0,0.1008849671,0.0233824345,0.0,0.0233824345,-0.077502532600000007,0.23177322818396398,0.1008849671,0.0233824345,0.037037037037037035,1.0,0.0,,
2026-07-09,mock_app_id,googleadwords_int,262368493,mock_campaign_c13d8f45,Installs without cost,true,0,0,19,2,0,27,0,0,0,0,0,0.0,0.13611111939999998,0.0,0.13611111939999998,0.13611111939999998,,0.0,0.0071637431263157888,,,0.0,,
2026-07-09,mock_app_id,googleadwords_int,280939212,mock_campaign_45884f7b,Matched paid campaign,true,848,18,6,5,0,115,0,0,0,0,0,0.5120907032,0.60511906070000032,0.0,0.60511906070000032,0.093028357500000269,1.1816638281434833,0.085348450533333342,0.10085317678333339,0.021226415094339621,0.33333333333333331,0.0,,
2026-07-09,mock_app_id,googleadwords_int,351751429,mock_campaign_b7e37028,Matched paid campaign,true,4940,100,51,43,0,180,0,0,0,0,0,22.8859158926052,12.392849522499999,0.0,12.392849522499999,-10.493066370105202,0.541505508481936,0.44874344887461176,0.24299704946078429,0.020242914979757085,0.51,0.0,,
2026-07-09,mock_app_id,googleadwords_int,369626124,mock_campaign_617ec63b,Matched paid campaign,true,747,21,7,7,0,83,0,0,0,0,0,0.3367285888,0.2598208223,0.0,0.2598208223,-0.07690776650000003,0.77160309799035387,0.048104084114285718,0.037117260328571426,0.028112449799196786,0.33333333333333331,0.0,,
2026-07-09,mock_app_id,googleadwords_int,369804654,mock_campaign_92e554bf,Matched paid campaign,true,1322,32,16,16,0,135,0,0,0,0,0,0.4961560161,1.1272562754000002,0.0,1.1272562754000002,0.63110025930000013,2.2719794556976658,0.03100975100625,0.070453517212500011,0.024205748865355523,0.5,0.0,,
2026-07-09,mock_app_id,googleadwords_int,432166127,mock_campaign_f8b84857,Matched paid campaign,true,3569,135,60,52,0,622,0,0,0,0,0,5.359876075399999,6.1129722092,0.0,6.1129722092,0.75309613380000062,1.1405062585787114,0.089331267923333318,0.10188287015333333,0.037825721490613619,0.44444444444444442,0.0,,
2026-07-09,mock_app_id,googleadwords_int,434877610,mock_campaign_0dfbbe6f,Matched paid campaign,true,1500,32,12,11,0,172,1,0,0,0,0,0.60401195109999994,0.42331951780000004,0.0,0.42331951780000004,-0.1806924332999999,0.70084626145073647,0.050334329258333331,0.035276626483333337,0.021333333333333333,0.375,0.0,0.0,
2026-07-09,mock_app_id,googleadwords_int,464541057,mock_campaign_d8ff83e7,Matched paid campaign,true,2634,55,12,12,0,29,0,0,0,0,0,2.9843562269,3.7170847842,0.0,3.7170847842,0.73272855729999975,1.2455231552773181,0.24869635224166667,0.30975706534999997,0.020880789673500381,0.21818181818181817,0.0,,
2026-07-09,mock_app_id,googleadwords_int,502057685,mock_campaign_befecb98,Matched paid campaign,true,6290,140,72,57,0,421,0,0,0,0,0,2.6984887703000004,1.5233092376,0.0,1.5233092376,-1.1751795327000005,0.56450456802555016,0.03747901069861112,0.021157072744444443,0.022257551669316374,0.51428571428571423,0.0,,
2026-07-09,mock_app_id,googleadwords_int,510225620,mock_campaign_10287894,Matched paid campaign,true,162954,6692,2409,1039,1,7114,25,1,0,0,0,25.451012753600022,5.9662813502999983,44.158469600000004,50.124750950300005,24.673738196699983,1.9694599753485216,0.010564970009796604,0.02080728557505189,0.04106680412877254,0.359982068141064,0.00041511000415110004,0.04,44.158469600000004
2026-07-09,mock_app_id,googleadwords_int,514288304,mock_campaign_c95b5395,Installs without cost,true,0,0,46,0,0,0,0,0,0,0,0,0.0,0.0,0.0,0.0,0.0,,0.0,0.0,,,0.0,,
2026-07-09,mock_app_id,googleadwords_int,516932962,mock_campaign_60e17b09,Other,true,1,0,0,0,0,0,0,0,0,0,0,0.0,0.0,0.0,0.0,0.0,,,,0.0,,,,
2026-07-09,mock_app_id,googleadwords_int,525989111,mock_campaign_c82cc8f4,Matched paid campaign,true,801,34,12,10,0,59,0,0,0,0,0,0.34538066090000019,0.1037400465,0.0,0.1037400465,-0.24164061440000018,0.30036437543918065,0.028781721741666683,0.008645003875,0.042446941323345817,0.35294117647058826,0.0,,
2026-07-09,mock_app_id,googleadwords_int,529859974,mock_campaign_d2ea5396,Matched paid campaign,true,9182,277,87,64,0,689,0,0,0,0,0,2.3262999492000023,1.5277143838000005,0.0,1.5277143838000005,-0.79858556540000181,0.6567142746683936,0.026739079875862094,0.017559935445977018,0.030167719451099979,0.3140794223826715,0.0,,
2026-07-09,mock_app_id,googleadwords_int,571438578,mock_campaign_756e1c81,Matched paid campaign,true,48,4,3,1,0,4,0,0,0,0,0,0.032548,0.0010344068000000001,0.0,0.0010344068000000001,-0.0315135932,0.031780963500061453,0.010849333333333334,0.00034480226666666673,0.083333333333333329,0.75,0.0,,
2026-07-09,mock_app_id,googleadwords_int,585166272,mock_campaign_60587c25,Matched paid campaign,true,370,10,4,4,0,7,0,0,0,0,0,0.70874927053894832,0.38513181750000003,0.0,0.38513181750000003,-0.32361745303894829,0.54339642170938307,0.17718731763473708,0.096282954375000007,0.027027027027027029,0.4,0.0,,
2026-07-09,mock_app_id,googleadwords_int,590094865,mock_campaign_23f341fc,Matched paid campaign,true,14,1,1,1,0,2,0,0,0,0,0,0.008137,0.0017439691,0.0,0.0017439691,-0.0063930309,0.2143258080373602,0.008137,0.0017439691,0.071428571428571425,1.0,0.0,,
2026-07-09,mock_app_id,googleadwords_int,611748075,mock_campaign_628993e1,Matched paid campaign,true,146,1,1,0,0,0,0,0,0,0,0,0.027249999299999994,0.0,0.0,0.0,-0.027249999299999994,0.0,0.027249999299999994,0.0,0.00684931506849315,1.0,0.0,,
2026-07-09,mock_app_id,googleadwords_int,611892113,mock_campaign_9bfd19ea,Matched paid campaign,true,3446,129,58,45,0,402,0,0,0,0,0,1.7679658612999978,1.1252460612000001,0.0,1.1252460612000001,-0.64271980009999763,0.63646368169835521,0.030482170022413754,0.019400794158620692,0.037434706906558327,0.44961240310077522,0.0,,
2026-07-09,mock_app_id,googleadwords_int,654635500,mock_campaign_67ff1f36,Matched paid campaign,true,3214,154,102,76,0,760,1,0,0,0,0,2.1708905725,1.1636592418,0.0,1.1636592418,-1.0072313306999998,0.53602851131272311,0.021283240906862743,0.011408423939215687,0.047915370255133788,0.66233766233766234,0.0,0.0,
2026-07-09,mock_app_id,googleadwords_int,660741874,mock_campaign_7e7497dd,Other,true,41,0,0,0,0,0,0,0,0,0,0,0.0,0.0,0.0,0.0,0.0,,,,0.0,,,,
2026-07-09,mock_app_id,googleadwords_int,739276167,mock_campaign_1fbdf2e3,Matched paid campaign,true,6521,155,60,53,1,336,1,1,0,0,0,47.347973326158957,35.2547850432,38.204261,73.4590460432,26.111072717041047,1.5514718135277634,0.789132888769316,1.2243174340533334,0.023769360527526453,0.38709677419354838,0.016666666666666666,1.0,38.204261
2026-07-09,mock_app_id,googleadwords_int,742036733,mock_campaign_e0586969,Matched paid campaign,true,44,2,1,1,0,2,0,0,0,0,0,0.92939997815196174,0.34405109030000003,0.0,0.34405109030000003,-0.58534888785196171,0.37018624745840684,0.92939997815196174,0.34405109030000003,0.045454545454545456,0.5,0.0,,
2026-07-09,mock_app_id,googleadwords_int,788967442,mock_campaign_475f8981,Cost without installs,true,134,1,0,0,0,0,0,0,0,0,0,0.0013963092,0.0,0.0,0.0,-0.0013963092,0.0,,,0.007462686567164179,0.0,,,
2026-07-09,mock_app_id,googleadwords_int,792104306,mock_campaign_6fcee95d,Matched paid campaign,true,32892,1452,645,438,2,5019,9,2,0,0,0,32.934317907899995,9.8164160722000009,53.7095450412,63.5259611134,30.591643205500006,1.9288682793142635,0.051060957996744177,0.098489862191317834,0.044144472820138635,0.44421487603305787,0.0031007751937984496,0.22222222222222221,26.8547725206
2026-07-09,mock_app_id,googleadwords_int,810543724,mock_campaign_c492b014,Cost without installs,true,235,5,0,0,0,0,0,0,0,0,0,0.54683243840000006,0.0,0.0,0.0,-0.54683243840000006,0.0,,,0.021276595744680851,0.0,,,
2026-07-09,mock_app_id,googleadwords_int,834117318,mock_campaign_ae804aae,Installs without cost,true,0,0,4,0,0,0,0,0,0,0,0,0.0,0.0,0.0,0.0,0.0,,0.0,0.0,,,0.0,,
2026-07-09,mock_app_id,googleadwords_int,900383572,mock_campaign_45368c6d,Matched paid campaign,true,12934,357,156,132,0,2540,0,0,0,0,0,3.6079303397000015,5.4987460374,0.0,5.4987460374,1.8908156976999986,1.5240721188251156,0.023127758587820523,0.035248372034615387,0.027601670017009434,0.43697478991596639,0.0,,
2026-07-09,mock_app_id,googleadwords_int,972671114,mock_campaign_9911559c,Matched paid campaign,true,212,4,1,1,0,21,0,0,0,0,0,0.0220309275,0.013363211,0.0,0.013363211,-0.0086677164999999987,0.60656597412886959,0.0220309275,0.013363211,0.018867924528301886,0.25,0.0,,
2026-07-09,mock_app_id,googleadwords_int,974591165,mock_campaign_674dbd59,Matched paid campaign,true,1963,88,46,37,0,303,1,0,0,0,0,0.74372261369999992,0.3725788069,0.0,0.3725788069,-0.37114380679999992,0.50096474147320935,0.016167882906521738,0.0080995392804347824,0.044829342842587876,0.52272727272727271,0.0,0.0,
2026-07-09,mock_app_id,googleadwords_int,989105150,mock_campaign_58ab9c06,Other,true,6,0,0,0,0,0,0,0,0,0,0,0.0,0.0,0.0,0.0,0.0,,,,0.0,,,,
2026-07-09,mock_app_id,googleadwords_int,998337322,mock_campaign_fe944d1c,Matched paid campaign,true,27058,1016,453,356,0,4355,7,0,0,0,0,23.018968420900013,16.209043726700006,0.0,16.209043726700006,-6.8099246942000065,0.70416030077103919,0.050814499825386342,0.035781553480573963,0.037548968881661614,0.44586614173228345,0.0,0.0,
2026-07-10,mock_app_id,unknown,,,Unattributed,false,0,0,4723,10,0,99,0,0,0,0,0,0.0,0.24368942659999998,0.0,0.24368942659999998,0.24368942659999998,,0.0,5.1596321532923982e-05,,,0.0,,
2026-07-10,mock_app_id,googleadwords_int,,,Unattributed,false,0,0,1118,30,0,334,1,0,0,0,0,0.0,0.772161746,0.0,0.772161746,0.772161746,,0.0,0.000690663457960644,,,0.0,0.0,
2026-07-10,mock_app_id,other,,,Unattributed,false,0,0,2115,184,0,2950,1,0,0,0,0,0.0,12.928698996800003,0.0,12.928698996800003,12.928698996800003,,0.0,0.0061128600457683226,,,0.0,0.0,
2026-07-10,mock_app_id,googleadwords_int,140410898,mock_campaign_a2e93e84,Matched paid campaign,true,8317,194,76,70,0,2615,4,0,0,0,0,40.673673296000018,31.316297712899996,0.0,31.316297712899996,-9.3573755831000227,0.76994023836985837,0.53517991178947388,0.41205654885394732,0.023325718408079836,0.39175257731958762,0.0,0.0,
2026-07-10,mock_app_id,googleadwords_int,148918961,mock_campaign_993fe179,Matched paid campaign,true,38689,896,250,199,1,2084,4,1,0,0,0,21.880448331600004,2.7776854461999991,34.9083390209,37.6860244671,15.805576135499994,1.7223607074208527,0.087521793326400019,0.15074409786839998,0.02315903745250588,0.27901785714285715,0.004,0.25,34.9083390209
2026-07-10,mock_app_id,googleadwords_int,161332031,mock_campaign_12520749,Matched paid campaign,true,4564,233,83,45,0,274,1,0,0,0,0,0.46748285550000035,0.24008046789999998,0.0,0.24008046789999998,-0.22740238760000037,0.51355994145115724,0.005632323560240968,0.0028925357578313249,0.05105170902716915,0.35622317596566522,0.0,0.0,
2026-07-10,mock_app_id,googleadwords_int,161694703,mock_campaign_2c0c0430,Matched paid campaign,true,69390,3134,1008,818,1,45524,52,0,1,0,0,40.163180699600019,20.563400807599969,0.7747643237,21.33816513129997,-18.825015568300049,0.53128673475585753,0.039844425297222243,0.021168814614384891,0.045165009367343995,0.32163369495851946,0.000992063492063492,0.0,0.7747643237
2026-07-10,mock_app_id,googleadwords_int,180761354,mock_campaign_07fb7039,Matched paid campaign,true,829,33,17,13,0,186,0,0,0,0,0,0.28546711620000004,0.1478118909,0.0,0.1478118909,-0.13765522530000004,0.51778955442434238,0.016792183305882356,0.0086948171117647056,0.039806996381182146,0.51515151515151514,0.0,,
2026-07-10,mock_app_id,googleadwords_int,232552584,mock_campaign_a5da28b5,Matched paid campaign,true,2515,52,22,19,0,273,3,0,0,0,0,13.976137984089862,9.0432950794999982,0.0,9.0432950794999982,-4.9328429045898634,0.64705250404616022,0.63527899927681186,0.4110588672499999,0.020675944333996023,0.42307692307692307,0.0,0.0,
2026-07-10,mock_app_id,googleadwords_int,243641668,mock_campaign_1e8723bd,Matched paid campaign,true,22398,655,268,212,0,1697,2,0,0,0,0,9.3309596997125546,7.28887363,0.0,7.28887363,-2.0420860697125542,0.78114940633861463,0.034817013804897594,0.027197289664179107,0.029243682471649254,0.40916030534351144,0.0,0.0,
2026-07-10,mock_app_id,googleadwords_int,258346999,mock_campaign_8ba2a925,Cost without installs,true,11,1,0,0,0,0,0,0,0,0,0,0.0221855305,0.0,0.0,0.0,-0.0221855305,0.0,,,0.090909090909090912,0.0,,,
2026-07-10,mock_app_id,googleadwords_int,262368493,mock_campaign_c13d8f45,Installs without cost,true,0,0,17,0,0,0,0,0,0,0,0,0.0,0.0,0.0,0.0,0.0,,0.0,0.0,,,0.0,,
2026-07-10,mock_app_id,googleadwords_int,280939212,mock_campaign_45884f7b,Matched paid campaign,true,839,17,5,3,0,27,0,0,0,0,0,0.78675432449999994,0.1511304004,0.0,0.1511304004,-0.6356239240999999,0.19209351088860779,0.1573508649,0.030226080080000002,0.020262216924910609,0.29411764705882354,0.0,,
2026-07-10,mock_app_id,googleadwords_int,351751429,mock_campaign_b7e37028,Matched paid campaign,true,4369,97,42,37,0,336,0,0,0,0,0,20.27571849666284,11.445917613800004,0.0,11.445917613800004,-8.8298008828628358,0.56451353946760885,0.48275520230149621,0.27252184794761913,0.022201876859693295,0.4329896907216495,0.0,,
2026-07-10,mock_app_id,googleadwords_int,369626124,mock_campaign_617ec63b,Matched paid campaign,true,883,22,14,10,1,155,1,1,0,0,1,0.49655228799999995,0.40907731579999995,0.0,0.40907731579999995,-0.0874749722,0.82383532547533034,0.035468020571428567,0.029219808271428567,0.02491506228765572,0.63636363636363635,0.071428571428571425,1.0,0.0
2026-07-10,mock_app_id,googleadwords_int,369804654,mock_campaign_92e554bf,Matched paid campaign,true,1460,41,13,12,0,71,0,0,0,0,0,0.63420103480000012,1.2697254297,0.0,1.2697254297,0.6355243948999999,2.0020866571124678,0.048784694984615393,0.0976711869,0.028082191780821917,0.31707317073170732,0.0,,
2026-07-10,mock_app_id,googleadwords_int,432166127,mock_campaign_f8b84857,Matched paid campaign,true,3869,128,59,50,0,336,0,0,0,0,0,5.4106265444000012,4.775787405,0.0,4.775787405,-0.63483913940000125,0.88266809135865054,0.091705534650847478,0.080945549237288139,0.033083484104419747,0.4609375,0.0,,
2026-07-10,mock_app_id,googleadwords_int,434877610,mock_campaign_0dfbbe6f,Matched paid campaign,true,1707,60,22,19,0,92,1,0,0,0,0,1.2425011849,0.7198120994,0.0,0.7198120994,-0.5226890855,0.579325080851277,0.05647732658636364,0.032718731790909089,0.0351493848857645,0.36666666666666664,0.0,0.0,
2026-07-10,mock_app_id,googleadwords_int,464541057,mock_campaign_d8ff83e7,Matched paid campaign,true,2247,44,11,8,0,37,0,0,0,0,0,2.4297667863999997,2.2365722171,0.0,2.2365722171,-0.19319456929999967,0.92048843107850642,0.22088788967272724,0.20332474700909089,0.019581664441477527,0.25,0.0,,
2026-07-10,mock_app_id,googleadwords_int,502057685,mock_campaign_befecb98,Matched paid campaign,true,6541,163,67,56,0,566,0,0,0,0,0,2.1878065817999985,1.5350800736000005,0.0,1.5350800736000005,-0.652726508199998,0.70165255300449225,0.032653829579104454,0.022911642889552247,0.024919737043265555,0.41104294478527609,0.0,,
2026-07-10,mock_app_id,googleadwords_int,510225620,mock_campaign_10287894,Matched paid campaign,true,149487,5586,1844,757,0,4548,6,0,0,0,0,13.01871584850004,3.6172696235999982,0.0,3.6172696235999982,-9.4014462249000417,0.27785149208988719,0.0070600411325922128,0.0019616429629067235,0.037367797868710993,0.33011099176512709,0.0,0.0,
2026-07-10,mock_app_id,googleadwords_int,514288304,mock_campaign_c95b5395,Installs without cost,true,0,0,11,0,0,0,0,0,0,0,0,0.0,0.0,0.0,0.0,0.0,,0.0,0.0,,,0.0,,
2026-07-10,mock_app_id,googleadwords_int,525989111,mock_campaign_c82cc8f4,Matched paid campaign,true,767,25,15,11,0,112,0,0,0,0,0,0.41206418960000019,0.15521452380000003,0.0,0.15521452380000003,-0.25684966580000013,0.37667559501025849,0.027470945973333345,0.010347634920000003,0.03259452411994785,0.6,0.0,,
2026-07-10,mock_app_id,googleadwords_int,529859974,mock_campaign_d2ea5396,Matched paid campaign,true,8779,258,76,59,0,480,1,0,0,0,0,1.9718660620999997,1.5746958157999995,0.0,1.5746958157999995,-0.3971702463000002,0.79858152947922767,0.025945606080263153,0.0207196817868421,0.029388313019706118,0.29457364341085274,0.0,0.0,
2026-07-10,mock_app_id,googleadwords_int,542533692,mock_campaign_796ef0d2,Installs without cost,true,0,0,1,1,0,5,0,0,0,0,0,0.0,6.3695e-06,0.0,6.3695e-06,6.3695e-06,,0.0,6.3695e-06,,,0.0,,
2026-07-10,mock_app_id,googleadwords_int,571438578,mock_campaign_756e1c81,Matched paid campaign,true,50,4,2,2,0,4,0,0,0,0,0,0.032548,0.0024344229,0.0,0.0024344229,-0.0301135771,0.074794853754454965,0.016274,0.00121721145,0.08,0.5,0.0,,
2026-07-10,mock_app_id,googleadwords_int,585166272,mock_campaign_60587c25,Matched paid campaign,true,361,9,3,3,0,13,0,0,0,0,0,0.64688157317823658,0.24929586050000002,0.0,0.24929586050000002,-0.39758571267823656,0.38538098909691931,0.21562719105941219,0.083098620166666678,0.024930747922437674,0.33333333333333331,0.0,,
2026-07-10,mock_app_id,googleadwords_int,590094865,mock_campaign_23f341fc,Matched paid campaign,true,16,3,1,0,0,0,0,0,0,0,0,0.0244118137,0.0,0.0,0.0,-0.0244118137,0.0,0.0244118137,0.0,0.1875,0.33333333333333331,0.0,,
2026-07-10,mock_app_id,googleadwords_int,611748075,mock_campaign_628993e1,Matched paid campaign,true,224,6,1,1,0,1,0,0,0,0,0,0.3375317107,0.020219340800000003,0.0,0.020219340800000003,-0.3173123699,0.059903529532284637,0.3375317107,0.020219340800000003,0.026785714285714284,0.16666666666666666,0.0,,
2026-07-10,mock_app_id,googleadwords_int,611892113,mock_campaign_9bfd19ea,Matched paid campaign,true,3382,139,50,46,0,357,2,0,0,0,0,1.4541526918999979,1.0983705928999998,0.0,1.0983705928999998,-0.355782098999998,0.75533374109761975,0.029083053837999959,0.021967411857999997,0.041099940863394441,0.35971223021582732,0.0,0.0,
2026-07-10,mock_app_id,googleadwords_int,654635500,mock_campaign_67ff1f36,Matched paid campaign,true,3257,201,111,86,0,1169,0,0,0,0,0,2.6363627753,1.5398049686999997,0.0,1.5398049686999997,-1.0965578066000001,0.58406414440621912,0.023751015993693694,0.013872116835135133,0.06171323303653669,0.55223880597014929,0.0,,
2026-07-10,mock_app_id,googleadwords_int,660741874,mock_campaign_7e7497dd,Other,true,43,0,0,0,0,0,0,0,0,0,0,0.0,0.0,0.0,0.0,0.0,,,,0.0,,,,
2026-07-10,mock_app_id,googleadwords_int,739276167,mock_campaign_1fbdf2e3,Matched paid campaign,true,7150,162,70,65,1,678,1,0,1,0,1,46.714283583171849,38.815590323200006,0.0,38.815590323200006,-7.8986932599718429,0.83091481546733525,0.66734690833102639,0.55450843318857146,0.022657342657342656,0.43209876543209874,0.014285714285714285,0.0,0.0
2026-07-10,mock_app_id,googleadwords_int,742036733,mock_campaign_e0586969,Matched paid campaign,true,48,3,2,2,0,2,0,0,0,0,0,0.34092638548675142,0.33704591419999996,0.0,0.33704591419999996,-0.0038804712867514524,0.98861786165007093,0.17046319274337571,0.16852295709999998,0.0625,0.66666666666666663,0.0,,
2026-07-10,mock_app_id,googleadwords_int,788967442,mock_campaign_475f8981,Matched paid campaign,true,120,4,1,0,0,0,0,0,0,0,0,0.07954649829999999,0.0,0.0,0.0,-0.07954649829999999,0.0,0.07954649829999999,0.0,0.033333333333333333,0.25,0.0,,
2026-07-10,mock_app_id,googleadwords_int,791756498,mock_campaign_e4c6a03b,Installs without cost,true,0,0,1,0,0,0,0,0,0,0,0,0.0,0.0,0.0,0.0,0.0,,0.0,0.0,,,0.0,,
2026-07-10,mock_app_id,googleadwords_int,792104306,mock_campaign_6fcee95d,Matched paid campaign,true,33789,1424,640,448,1,5182,6,1,0,0,1,32.362168007699992,9.9008437946999983,0.0,9.9008437946999983,-22.461324212999994,0.30593882932516364,0.050565887512031241,0.015470068429218747,0.042143892982923439,0.449438202247191,0.0015625,0.16666666666666666,0.0
2026-07-10,mock_app_id,googleadwords_int,810543724,mock_campaign_c492b014,Matched paid campaign,true,279,9,2,2,0,4,0,0,0,0,0,0.9546605058,1.0028421058,0.0,1.0028421058,0.048181600000000158,1.0504698787760411,0.4773302529,0.5014210529,0.032258064516129031,0.22222222222222221,0.0,,
2026-07-10,mock_app_id,googleadwords_int,834117318,mock_campaign_ae804aae,Installs without cost,true,0,0,7,0,0,0,0,0,0,0,0,0.0,0.0,0.0,0.0,0.0,,0.0,0.0,,,0.0,,
2026-07-10,mock_app_id,googleadwords_int,848321939,mock_campaign_c41abc99,Cost without installs,true,2,0,0,0,0,0,0,0,0,0,0,0.0002270223,0.0,0.0,0.0,-0.0002270223,0.0,,,0.0,,,,
2026-07-10,mock_app_id,googleadwords_int,900383572,mock_campaign_45368c6d,Matched paid campaign,true,13825,400,167,139,0,1571,0,0,0,0,0,4.3096058196000042,5.4325121547,0.0,5.4325121547,1.1229063350999962,1.2605589425355423,0.025806022871856314,0.032530012902395211,0.028933092224231464,0.4175,0.0,,
2026-07-10,mock_app_id,googleadwords_int,972671114,mock_campaign_9911559c,Matched paid campaign,true,355,7,4,3,0,78,0,0,0,0,0,0.18338763749999998,0.17084145509999996,0.0,0.17084145509999996,-0.012546182400000022,0.93158654219535364,0.045846909374999995,0.042710363774999989,0.019718309859154931,0.5714285714285714,0.0,,
2026-07-10,mock_app_id,googleadwords_int,974591165,mock_campaign_674dbd59,Matched paid campaign,true,2101,102,53,46,0,437,0,0,0,0,0,0.95580456800000013,0.56988680839999983,0.0,0.56988680839999983,-0.3859177596000003,0.59623779533976839,0.01803404845283019,0.010752581290566035,0.048548310328415042,0.51960784313725494,0.0,,
2026-07-10,mock_app_id,googleadwords_int,989105150,mock_campaign_58ab9c06,Other,true,2,0,0,0,0,0,0,0,0,0,0,0.0,0.0,0.0,0.0,0.0,,,,0.0,,,,
2026-07-10,mock_app_id,googleadwords_int,998337322,mock_campaign_fe944d1c,Matched paid campaign,true,26824,1041,392,331,0,4324,8,0,0,0,0,20.858144944800003,20.922410031699982,0.0,20.922410031699982,0.064265086899979451,1.003081054766378,0.053209553430612254,0.053373494978826486,0.038808529674917984,0.37656099903938522,0.0,0.0,
2026-07-11,mock_app_id,other,,,Unattributed,false,0,0,1383,171,1,2580,3,1,0,0,0,0.0,12.968518563,44.3524947612,57.321013324199996,57.321013324199996,,0.0,0.041446864298047718,,,0.00072306579898770787,0.33333333333333331,44.3524947612
2026-07-11,mock_app_id,googleadwords_int,,,Unattributed,false,0,0,2577,23,0,465,0,0,0,0,0,0.0,0.82871016699999978,0.0,0.82871016699999978,0.82871016699999978,,0.0,0.00032157942064415981,,,0.0,,
2026-07-11,mock_app_id,unknown,,,Unattributed,false,0,0,4651,11,0,42,0,0,0,0,0,0.0,0.099528533100000011,0.0,0.099528533100000011,0.099528533100000011,,0.0,2.1399383594925826e-05,,,0.0,,
2026-07-11,mock_app_id,googleadwords_int,140410898,mock_campaign_a2e93e84,Matched paid campaign,true,7731,215,92,81,1,2267,10,1,0,0,0,40.34418582350002,28.544324434300005,38.204261,66.748585434300011,26.404399610799992,1.6544784352896702,0.43852375895108719,0.72552810254673927,0.027810115120941663,0.42790697674418604,0.010869565217391304,0.1,38.204261
2026-07-11,mock_app_id,googleadwords_int,148918961,mock_campaign_993fe179,Matched paid campaign,true,43072,1123,336,262,0,2888,4,0,0,0,0,28.547540780299979,3.6259372392000033,0.0,3.6259372392000033,-24.921603541099977,0.12701399630549548,0.084962918988988029,0.010791479878571439,0.026072622585438337,0.29919857524487981,0.0,0.0,
2026-07-11,mock_app_id,googleadwords_int,161332031,mock_campaign_12520749,Matched paid campaign,true,7985,378,120,52,0,387,1,0,0,0,0,0.76618968440000057,0.45996452519999992,0.0,0.45996452519999992,-0.30622515920000065,0.60032722257308369,0.0063849140366666716,0.0038330377099999994,0.047338760175328738,0.31746031746031744,0.0,0.0,
2026-07-11,mock_app_id,googleadwords_int,161694703,mock_campaign_2c0c0430,Matched paid campaign,true,64928,2967,922,709,3,54433,61,3,0,0,2,32.807340022900021,18.007464408300013,35.4302966157,53.437761024000011,20.63042100109999,1.6288355284731906,0.035582798289479418,0.057958526056399146,0.045696771808772796,0.31075160094371418,0.0032537960954446853,0.049180327868852458,11.810098871900001
2026-07-11,mock_app_id,googleadwords_int,180761354,mock_campaign_07fb7039,Matched paid campaign,true,1099,42,23,16,0,111,0,0,0,0,0,0.2774082314,0.17493959139999998,0.0,0.17493959139999998,-0.10246864,0.6306214870306116,0.012061227452173912,0.0076060691913043474,0.038216560509554139,0.54761904761904767,0.0,,
2026-07-11,mock_app_id,googleadwords_int,232552584,mock_campaign_a5da28b5,Matched paid campaign,true,2876,63,28,22,0,371,1,0,0,0,0,21.77362146227982,11.622464867,0.0,11.622464867,-10.15115659527982,0.53378648504267068,0.777629337938565,0.4150880309642857,0.021905424200278165,0.44444444444444442,0.0,0.0,
2026-07-11,mock_app_id,googleadwords_int,243641668,mock_campaign_1e8723bd,Matched paid campaign,true,25314,699,256,199,0,1600,1,0,0,0,0,10.144512551282507,7.3502208323000007,0.0,7.3502208323000007,-2.7942917189825058,0.72455140600824219,0.039627002153447291,0.028711800126171878,0.027613178478312395,0.36623748211731044,0.0,0.0,
2026-07-11,mock_app_id,googleadwords_int,258346999,mock_campaign_8ba2a925,Other,true,16,0,0,0,0,0,0,0,0,0,0,0.0,0.0,0.0,0.0,0.0,,,,0.0,,,,
2026-07-11,mock_app_id,googleadwords_int,262368493,mock_campaign_c13d8f45,Installs without cost,true,0,0,14,0,0,0,0,0,0,0,0,0.0,0.0,0.0,0.0,0.0,,0.0,0.0,,,0.0,,
2026-07-11,mock_app_id,googleadwords_int,280939212,mock_campaign_45884f7b,Matched paid campaign,true,1000,18,7,5,0,25,0,0,0,0,0,1.6507930613000004,0.44530321009999996,0.0,0.44530321009999996,-1.2054898512000003,0.26975107936867837,0.23582758018571434,0.0636147443,0.018,0.3888888888888889,0.0,,
2026-07-11,mock_app_id,googleadwords_int,351751429,mock_campaign_b7e37028,Matched paid campaign,true,4804,99,40,36,0,543,0,0,0,0,0,18.854945769643081,9.8586840741999975,0.0,9.8586840741999975,-8.9962616954430832,0.52286992466839743,0.47137364424107703,0.24646710185499993,0.02060782681099084,0.40404040404040403,0.0,,
2026-07-11,mock_app_id,googleadwords_int,369626124,mock_campaign_617ec63b,Cost without installs,true,613,10,0,0,0,0,0,0,0,0,0,0.2847274629,0.0,0.0,0.0,-0.2847274629,0.0,,,0.016313213703099509,0.0,,,
2026-07-11,mock_app_id,googleadwords_int,369804654,mock_campaign_92e554bf,Matched paid campaign,true,1522,20,11,10,0,66,0,0,0,0,0,0.28630359980000003,1.1770237266999999,0.0,1.1770237266999999,0.8907201268999998,4.1111034842810934,0.026027599981818184,0.10700215697272726,0.013140604467805518,0.55,0.0,,
2026-07-11,mock_app_id,googleadwords_int,432166127,mock_campaign_f8b84857,Matched paid campaign,true,4054,104,56,48,0,450,0,0,0,0,0,3.7359448785,3.6999368162999984,0.0,3.6999368162999984,-0.036008062200001412,0.99036172551494961,0.0667133014017857,0.0660703002910714,0.025653675382338433,0.53846153846153844,0.0,,
2026-07-11,mock_app_id,googleadwords_int,434877610,mock_campaign_0dfbbe6f,Matched paid campaign,true,1633,53,22,17,0,162,0,0,0,0,0,1.0206955156000002,0.7712292512,0.0,0.7712292512,-0.24946626440000019,0.75559188750490858,0.046395250709090917,0.035055875054545452,0.032455603184323334,0.41509433962264153,0.0,,
2026-07-11,mock_app_id,googleadwords_int,464541057,mock_campaign_d8ff83e7,Matched paid campaign,true,2570,51,11,6,0,66,0,0,0,0,0,2.1665690118000005,0.72959182969999992,0.0,0.72959182969999992,-1.4369771821000006,0.33674986844469357,0.1969608192545455,0.066326529972727269,0.019844357976653695,0.21568627450980393,0.0,,
2026-07-11,mock_app_id,googleadwords_int,502057685,mock_campaign_befecb98,Matched paid campaign,true,6560,166,60,52,0,479,1,0,0,0,0,1.8134110062999993,1.3173782069999997,0.0,1.3173782069999997,-0.49603279929999955,0.72646421711530129,0.030223516771666657,0.021956303449999996,0.025304878048780489,0.36144578313253012,0.0,0.0,
2026-07-11,mock_app_id,googleadwords_int,510225620,mock_campaign_10287894,Matched paid campaign,true,157298,5767,2054,859,1,5965,7,1,0,1,0,13.675668749000028,4.7018133059000036,12.9825505715,17.684363877400003,4.0086951283999745,1.2931260768284616,0.0066580665769230907,0.0086097195118792613,0.036662894633116762,0.35616438356164382,0.00048685491723466409,0.14285714285714285,12.9825505715
2026-07-11,mock_app_id,googleadwords_int,514288304,mock_campaign_c95b5395,Installs without cost,true,0,0,5,0,0,0,0,0,0,0,0,0.0,0.0,0.0,0.0,0.0,,0.0,0.0,,,0.0,,
2026-07-11,mock_app_id,googleadwords_int,525989111,mock_campaign_c82cc8f4,Matched paid campaign,true,494,29,15,13,0,93,0,0,0,0,0,0.41248324510000028,0.141199076,0.0,0.141199076,-0.27128416910000031,0.34231469442054169,0.027498883006666686,0.0094132717333333341,0.058704453441295545,0.51724137931034486,0.0,,
2026-07-11,mock_app_id,googleadwords_int,529859974,mock_campaign_d2ea5396,Matched paid campaign,true,8809,274,92,72,0,1714,1,0,0,0,0,2.0432356891000008,2.2761420989,0.0,2.2761420989,0.2329064097999991,1.11398900823947,0.022209083577173921,0.024740674988043478,0.031104552162561017,0.33576642335766421,0.0,0.0,
2026-07-11,mock_app_id,googleadwords_int,542533692,mock_campaign_796ef0d2,Installs without cost,true,0,0,1,0,0,0,0,0,0,0,0,0.0,0.0,0.0,0.0,0.0,,0.0,0.0,,,0.0,,
2026-07-11,mock_app_id,googleadwords_int,571438578,mock_campaign_756e1c81,Matched paid campaign,true,58,3,1,1,0,3,0,0,0,0,0,0.024638836,0.0026306034999999998,0.0,0.0026306034999999998,-0.022008232500000002,0.10676654936134157,0.024638836,0.0026306034999999998,0.051724137931034482,0.33333333333333331,0.0,,
2026-07-11,mock_app_id,googleadwords_int,585166272,mock_campaign_60587c25,Matched paid campaign,true,352,6,3,3,0,5,0,0,0,0,0,0.57844939733734413,0.6458673,0.0,0.6458673,0.0674179026626559,1.1165493524117869,0.19281646577911471,0.2152891,0.017045454545454544,0.5,0.0,,
2026-07-11,mock_app_id,googleadwords_int,590094865,mock_campaign_23f341fc,Matched paid campaign,true,14,1,1,0,0,0,0,0,0,0,0,0.008137,0.0,0.0,0.0,-0.008137,0.0,0.008137,0.0,0.071428571428571425,1.0,0.0,,
2026-07-11,mock_app_id,googleadwords_int,611748075,mock_campaign_628993e1,Cost without installs,true,141,3,0,0,0,0,0,0,0,0,0,0.305780323,0.0,0.0,0.0,-0.305780323,0.0,,,0.021276595744680851,0.0,,,
2026-07-11,mock_app_id,googleadwords_int,611892113,mock_campaign_9bfd19ea,Matched paid campaign,true,3542,145,51,35,0,267,0,0,0,0,0,1.1780903202999995,0.69123087899999969,0.0,0.69123087899999969,-0.48685944129999981,0.586738441942192,0.023099810201960773,0.013553546647058818,0.0409373235460192,0.35172413793103446,0.0,,
2026-07-11,mock_app_id,googleadwords_int,654635500,mock_campaign_67ff1f36,Matched paid campaign,true,3793,193,101,79,0,881,1,0,0,0,0,2.4380128221999997,1.6041967919999995,0.0,1.6041967919999995,-0.83381603020000017,0.65799358288543119,0.024138740813861383,0.015883136554455442,0.050883205905615611,0.52331606217616577,0.0,0.0,
2026-07-11,mock_app_id,googleadwords_int,660741874,mock_campaign_7e7497dd,Cost without installs,true,50,1,0,0,0,0,0,0,0,0,0,0.015202357100000001,0.0,0.0,0.0,-0.015202357100000001,0.0,,,0.02,0.0,,,
2026-07-11,mock_app_id,googleadwords_int,739276167,mock_campaign_1fbdf2e3,Matched paid campaign,true,7783,155,66,61,0,731,3,0,0,0,0,46.533328209351922,44.2556707178,0.0,44.2556707178,-2.2776574915519205,0.95105320037920316,0.705050427414423,0.67054046542121215,0.019915199794423744,0.4258064516129032,0.0,0.0,
2026-07-11,mock_app_id,googleadwords_int,742036733,mock_campaign_e0586969,Matched paid campaign,true,47,3,2,2,0,3,0,0,0,0,0,0.99719165794244724,0.7069100402,0.0,0.7069100402,-0.29028161774244721,0.70890087634567756,0.49859582897122362,0.3534550201,0.063829787234042548,0.66666666666666663,0.0,,
2026-07-11,mock_app_id,googleadwords_int,788967442,mock_campaign_475f8981,Cost without installs,true,108,0,0,0,0,0,0,0,0,0,0,0.0087106585,0.0,0.0,0.0,-0.0087106585,0.0,,,0.0,,,,
2026-07-11,mock_app_id,googleadwords_int,792104306,mock_campaign_6fcee95d,Matched paid campaign,true,37151,1545,637,436,1,5592,13,1,0,0,0,31.558910219800008,10.067464819100003,43.3344957932,53.4019606123,21.843050392499993,1.6921357626219837,0.0495430301723705,0.0838335331433281,0.04158703668811068,0.4122977346278317,0.0015698587127158557,0.076923076923076927,43.3344957932
2026-07-11,mock_app_id,googleadwords_int,810543724,mock_campaign_c492b014,Matched paid campaign,true,235,6,1,1,0,7,0,0,0,0,0,1.2013784143,0.6932003284,0.0,0.6932003284,-0.50817808589999991,0.57700414802600142,1.2013784143,0.6932003284,0.02553191489361702,0.16666666666666666,0.0,,
2026-07-11,mock_app_id,googleadwords_int,834117318,mock_campaign_ae804aae,Installs without cost,true,0,0,2,0,0,0,0,0,0,0,0,0.0,0.0,0.0,0.0,0.0,,0.0,0.0,,,0.0,,
2026-07-11,mock_app_id,googleadwords_int,848321939,mock_campaign_c41abc99,Other,true,2,0,0,0,0,0,0,0,0,0,0,0.0,0.0,0.0,0.0,0.0,,,,0.0,,,,
2026-07-11,mock_app_id,googleadwords_int,900383572,mock_campaign_45368c6d,Matched paid campaign,true,14647,420,142,117,0,1623,1,0,0,0,0,3.6721931108999977,4.7592509091000013,0.0,4.7592509091000013,1.0870577982000036,1.2960241374489105,0.025860514865492942,0.033515851472535219,0.028674813955076126,0.33809523809523812,0.0,0.0,
2026-07-11,mock_app_id,googleadwords_int,972671114,mock_campaign_9911559c,Matched paid campaign,true,702,20,10,10,0,186,0,0,0,0,0,0.52244829050000008,0.5938934539,0.0,0.5938934539,0.071445163399999956,1.1367506884396628,0.052244829050000011,0.05938934539,0.028490028490028491,0.5,0.0,,
2026-07-11,mock_app_id,googleadwords_int,974591165,mock_campaign_674dbd59,Matched paid campaign,true,1818,90,36,29,0,351,0,0,0,0,0,0.60686641069999969,0.42358194120000003,0.0,0.42358194120000003,-0.18328446949999966,0.69798218146793245,0.016857400297222214,0.011766165033333335,0.049504950495049507,0.4,0.0,,
2026-07-11,mock_app_id,googleadwords_int,989105150,mock_campaign_58ab9c06,Other,true,4,0,0,0,0,0,0,0,0,0,0,0.0,0.0,0.0,0.0,0.0,,,,0.0,,,,
2026-07-11,mock_app_id,googleadwords_int,998337322,mock_campaign_fe944d1c,Matched paid campaign,true,29674,1106,453,385,1,4538,11,1,0,0,1,23.500053899300021,18.1384608192,0.0,18.1384608192,-5.3615930801000218,0.77184762626183923,0.051876498673951478,0.0400407523602649,0.037271685650738018,0.40958408679927666,0.0022075055187637969,0.090909090909090912,0.0
2026-07-12,mock_app_id,unknown,,,Unattributed,false,0,0,4576,19,0,178,0,0,0,0,0,0.0,0.2682056321,0.0,0.2682056321,0.2682056321,,0.0,5.8611370651223769e-05,,,0.0,,
2026-07-12,mock_app_id,googleadwords_int,,,Unattributed,false,0,0,2084,14,0,274,0,0,0,0,0,0.0,0.5754168083,0.0,0.5754168083,0.5754168083,,0.0,0.00027611171223608445,,,0.0,,
2026-07-12,mock_app_id,other,,,Unattributed,false,0,0,3011,190,1,2639,2,1,0,0,0,0.0,12.460335648900001,45.4507124861,57.911048135,57.911048135,,0.0,0.019233161120890071,,,0.00033211557622052476,0.5,45.4507124861
2026-07-12,mock_app_id,googleadwords_int,140410898,mock_campaign_a2e93e84,Matched paid campaign,true,659,14,2,2,0,33,0,0,0,0,0,2.3866008150999991,0.46171231599999996,0.0,0.46171231599999996,-1.9248884990999993,0.19346021885132647,1.1933004075499996,0.23085615799999998,0.021244309559939303,0.14285714285714285,0.0,,
2026-07-12,mock_app_id,googleadwords_int,148918961,mock_campaign_993fe179,Matched paid campaign,true,9921,504,244,200,1,2104,3,1,0,0,1,18.765162078799985,2.5078020878,0.0,2.5078020878,-16.257359990999987,0.13364137635843812,0.076906401962295021,0.010277877409016393,0.05080133051103719,0.48412698412698413,0.0040983606557377051,0.33333333333333331,0.0
2026-07-12,mock_app_id,googleadwords_int,161332031,mock_campaign_12520749,Matched paid campaign,true,1506,74,30,16,0,122,0,0,0,0,0,0.3250983747000003,0.0916252575,0.0,0.0916252575,-0.2334731172000003,0.28183855912706879,0.01083661249000001,0.00305417525,0.049136786188579015,0.40540540540540543,0.0,,
2026-07-12,mock_app_id,googleadwords_int,161694703,mock_campaign_2c0c0430,Matched paid campaign,true,12749,567,211,171,0,19332,11,0,0,0,0,12.900315988900001,4.9447332968999991,0.0,4.9447332968999991,-7.9555826920000019,0.383303269559805,0.061138938336018959,0.023434754961611369,0.044474076398148876,0.37213403880070545,0.0,0.0,
2026-07-12,mock_app_id,googleadwords_int,180761354,mock_campaign_07fb7039,Matched paid campaign,true,155,4,1,1,0,7,0,0,0,0,0,0.0381690396,0.0089937340000000015,0.0,0.0089937340000000015,-0.0291753056,0.23562903584296632,0.0381690396,0.0089937340000000015,0.025806451612903226,0.25,0.0,,
2026-07-12,mock_app_id,googleadwords_int,232552584,mock_campaign_a5da28b5,Matched paid campaign,true,163,9,6,6,0,107,0,0,0,0,0,7.5989919862736812,5.0136041526,0.0,5.0136041526,-2.5853878336736811,0.65977226474988326,1.2664986643789469,0.8356006921,0.055214723926380369,0.66666666666666663,0.0,,
2026-07-12,mock_app_id,googleadwords_int,243641668,mock_campaign_1e8723bd,Matched paid campaign,true,3149,85,33,26,0,291,1,0,0,0,0,1.5784142727269015,1.0952278816,0.0,1.0952278816,-0.48318639112690143,0.69387859735192425,0.047830735537178835,0.033188723684848487,0.026992696093998094,0.38823529411764707,0.0,0.0,
2026-07-12,mock_app_id,googleadwords_int,258346999,mock_campaign_8ba2a925,Cost without installs,true,5,1,0,0,0,0,0,0,0,0,0,0.094133698199999991,0.0,0.0,0.0,-0.094133698199999991,0.0,,,0.2,0.0,,,
2026-07-12,mock_app_id,googleadwords_int,262368493,mock_campaign_c13d8f45,Installs without cost,true,0,0,13,0,0,0,0,0,0,0,0,0.0,0.0,0.0,0.0,0.0,,0.0,0.0,,,0.0,,
2026-07-12,mock_app_id,googleadwords_int,280939212,mock_campaign_45884f7b,Cost without installs,true,108,0,0,0,0,0,0,0,0,0,0,0.0347824202,0.0,0.0,0.0,-0.0347824202,0.0,,,0.0,,,,
2026-07-12,mock_app_id,googleadwords_int,351751429,mock_campaign_b7e37028,Matched paid campaign,true,484,19,11,10,0,63,0,0,0,0,0,8.0529867753897477,3.1476782361,0.0,3.1476782361,-4.9053085392897477,0.39087090590033396,0.73208970685361341,0.28615256691818181,0.039256198347107439,0.57894736842105265,0.0,,
2026-07-12,mock_app_id,googleadwords_int,369626124,mock_campaign_617ec63b,Matched paid campaign,true,59,1,1,1,0,2,0,0,0,0,0,0.0414946315,0.0108549019,0.0,0.0108549019,-0.0306397296,0.26159774186692081,0.0414946315,0.0108549019,0.016949152542372881,1.0,0.0,,
2026-07-12,mock_app_id,googleadwords_int,369804654,mock_campaign_92e554bf,Matched paid campaign,true,118,1,1,1,0,39,0,0,0,0,0,0.0046063556999999993,0.07486710299999999,0.0,0.07486710299999999,0.0702607473,16.25300082666217,0.0046063556999999993,0.07486710299999999,0.00847457627118644,1.0,0.0,,
2026-07-12,mock_app_id,googleadwords_int,432166127,mock_campaign_f8b84857,Matched paid campaign,true,230,14,7,7,0,35,0,0,0,0,0,0.9053169241,0.5207206379,0.0,0.5207206379,-0.38459628619999997,0.575180496506969,0.12933098915714286,0.074388662557142854,0.060869565217391307,0.5,0.0,,
2026-07-12,mock_app_id,googleadwords_int,434877610,mock_campaign_0dfbbe6f,Matched paid campaign,true,135,3,1,0,0,0,0,0,0,0,0,0.0568589149,0.0,0.0,0.0,-0.0568589149,0.0,0.0568589149,0.0,0.022222222222222223,0.33333333333333331,0.0,,
2026-07-12,mock_app_id,googleadwords_int,464541057,mock_campaign_d8ff83e7,Cost without installs,true,230,2,0,0,0,0,0,0,0,0,0,0.20904848069999998,0.0,0.0,0.0,-0.20904848069999998,0.0,,,0.0086956521739130436,0.0,,,
2026-07-12,mock_app_id,googleadwords_int,502057685,mock_campaign_befecb98,Matched paid campaign,true,779,20,6,6,0,559,0,0,0,0,0,0.34539205270000006,0.20491318449999946,0.0,0.20491318449999946,-0.14047886820000061,0.593277068473786,0.057565342116666675,0.034152197416666578,0.025673940949935817,0.3,0.0,,
2026-07-12,mock_app_id,googleadwords_int,510225620,mock_campaign_10287894,Matched paid campaign,true,3986,237,96,65,0,545,5,0,0,0,0,3.0826593238999997,0.5761658615,0.0,0.5761658615,-2.5064934624,0.18690546082499598,0.032111034623958333,0.0060017277239583335,0.059458103361766185,0.4050632911392405,0.0,0.0,
2026-07-12,mock_app_id,googleadwords_int,514288304,mock_campaign_c95b5395,Installs without cost,true,0,0,8,0,0,0,0,0,0,0,0,0.0,0.0,0.0,0.0,0.0,,0.0,0.0,,,0.0,,
2026-07-12,mock_app_id,googleadwords_int,525989111,mock_campaign_c82cc8f4,Matched paid campaign,true,181,9,5,5,0,59,0,0,0,0,0,0.18560578370000011,0.077678600300000011,0.0,0.077678600300000011,-0.1079271834000001,0.41851389946745482,0.037121156740000022,0.015535720060000003,0.049723756906077346,0.55555555555555558,0.0,,
2026-07-12,mock_app_id,googleadwords_int,529859974,mock_campaign_d2ea5396,Matched paid campaign,true,742,25,5,4,0,33,0,0,0,0,0,0.27120946479999997,0.20370807510000002,0.0,0.20370807510000002,-0.067501389699999942,0.75110975662380364,0.054241892959999996,0.040741615020000004,0.033692722371967652,0.2,0.0,,
2026-07-12,mock_app_id,googleadwords_int,571438578,mock_campaign_756e1c81,Matched paid campaign,true,50,4,3,2,0,15,0,0,0,0,0,0.032548,0.014062582100000004,0.0,0.014062582100000004,-0.018485417899999995,0.43205671930686995,0.010849333333333334,0.0046875273666666679,0.08,0.75,0.0,,
2026-07-12,mock_app_id,googleadwords_int,585166272,mock_campaign_60587c25,Matched paid campaign,true,37,2,1,1,0,1,0,0,0,0,0,0.14328636754008833,0.2051959903,0.0,0.2051959903,0.061909622759911659,1.4320691760337265,0.14328636754008833,0.2051959903,0.054054054054054057,0.5,0.0,,
2026-07-12,mock_app_id,googleadwords_int,590094865,mock_campaign_23f341fc,Matched paid campaign,true,11,2,2,1,0,13,0,0,0,0,0,0.024411000000000002,0.0098638077,0.0,0.0098638077,-0.014547192300000003,0.40407225021506693,0.012205500000000001,0.00493190385,0.18181818181818182,1.0,0.0,,
2026-07-12,mock_app_id,googleadwords_int,611748075,mock_campaign_628993e1,Cost without installs,true,10,0,0,0,0,0,0,0,0,0,0,0.0022694092999999997,0.0,0.0,0.0,-0.0022694092999999997,0.0,,,0.0,,,,
2026-07-12,mock_app_id,googleadwords_int,611892113,mock_campaign_9bfd19ea,Matched paid campaign,true,356,13,2,2,0,22,0,0,0,0,0,0.13847872080000015,0.034895942699999995,0.0,0.034895942699999995,-0.10358277810000016,0.25199498160008971,0.069239360400000075,0.017447971349999997,0.036516853932584269,0.15384615384615385,0.0,,
2026-07-12,mock_app_id,googleadwords_int,654635500,mock_campaign_67ff1f36,Matched paid campaign,true,645,88,64,51,0,685,0,0,0,0,0,1.9540037196999998,0.97872845269999975,0.0,0.97872845269999975,-0.975275267,0.50088361799549952,0.030531308120312496,0.015292632073437496,0.13643410852713178,0.72727272727272729,0.0,,
2026-07-12,mock_app_id,googleadwords_int,660741874,mock_campaign_7e7497dd,Matched paid campaign,true,17,1,1,1,0,5,0,0,0,0,0,0.065096,0.1230740268,0.0,0.1230740268,0.0579780268,1.8906542153127688,0.065096,0.1230740268,0.058823529411764705,1.0,0.0,,
2026-07-12,mock_app_id,googleadwords_int,739276167,mock_campaign_1fbdf2e3,Matched paid campaign,true,1135,24,4,4,0,422,0,0,0,0,0,11.350129770699073,4.8182324790999989,0.0,4.8182324790999989,-6.5318972915990745,0.4245090211689479,2.8375324426747683,1.2045581197749997,0.021145374449339206,0.16666666666666666,0.0,,
2026-07-12,mock_app_id,googleadwords_int,742036733,mock_campaign_e0586969,Matched paid campaign,true,39,4,1,1,0,1,0,0,0,0,0,1.3099553759341704,0.1286116701,0.0,0.1286116701,-1.1813437058341705,0.098180191831559877,1.3099553759341704,0.1286116701,0.10256410256410256,0.25,0.0,,
2026-07-12,mock_app_id,googleadwords_int,788967442,mock_campaign_475f8981,Cost without installs,true,11,0,0,0,0,0,0,0,0,0,0,0.0006867628,0.0,0.0,0.0,-0.0006867628,0.0,,,0.0,,,,
2026-07-12,mock_app_id,googleadwords_int,792104306,mock_campaign_6fcee95d,Matched paid campaign,true,4255,577,391,305,0,4693,6,0,0,0,0,28.887384212700027,8.8924347458999957,0.0,8.8924347458999957,-19.99494946680003,0.30783108226152689,0.073880778037595976,0.022742799861636818,0.13560517038777908,0.67764298093587527,0.0,0.0,
2026-07-12,mock_app_id,googleadwords_int,810543724,mock_campaign_c492b014,Matched paid campaign,true,14,4,3,3,0,7,0,0,0,0,0,0.846248,1.1149618665,0.0,1.1149618665,0.26871386650000006,1.3175356000841361,0.28208266666666665,0.3716539555,0.2857142857142857,0.75,0.0,,
2026-07-12,mock_app_id,googleadwords_int,834117318,mock_campaign_ae804aae,Installs without cost,true,0,0,5,0,0,0,0,0,0,0,0,0.0,0.0,0.0,0.0,0.0,,0.0,0.0,,,0.0,,
2026-07-12,mock_app_id,googleadwords_int,900383572,mock_campaign_45368c6d,Matched paid campaign,true,1315,33,7,5,0,75,0,0,0,0,0,0.50269979150000044,0.27463627930000006,0.0,0.27463627930000006,-0.22806351220000037,0.546322644138196,0.071814255928571491,0.039233754185714294,0.025095057034220533,0.21212121212121213,0.0,,
2026-07-12,mock_app_id,googleadwords_int,972671114,mock_campaign_9911559c,Cost without installs,true,15,0,0,0,0,0,0,0,0,0,0,0.0003197841,0.0,0.0,0.0,-0.0003197841,0.0,,,0.0,,,,
2026-07-12,mock_app_id,googleadwords_int,974591165,mock_campaign_674dbd59,Matched paid campaign,true,116,7,6,5,0,67,0,0,0,0,0,0.093302910499999989,0.092706798600000029,0.0,0.092706798600000029,-0.00059611189999995984,0.99361100423550064,0.015550485083333331,0.015451133100000005,0.0603448275862069,0.8571428571428571,0.0,,
2026-07-12,mock_app_id,googleadwords_int,998337322,mock_campaign_fe944d1c,Matched paid campaign,true,2960,176,83,74,0,1113,2,0,0,0,0,6.5678259308999962,2.8488760738,0.0,2.8488760738,-3.7189498570999961,0.433762420589855,0.079130432902409592,0.034323808118072292,0.059459459459459463,0.47159090909090912,0.0,0.0,
2026-07-13,mock_app_id,other,,,Unattributed,false,0,0,1532,157,0,3402,2,0,0,0,0,0.0,13.245379071700002,0.0,13.245379071700002,13.245379071700002,,0.0,0.00864580879353786,,,0.0,0.0,
2026-07-13,mock_app_id,googleadwords_int,,,Unattributed,false,0,0,1272,18,0,1218,0,0,0,0,0,0.0,0.81890495870000035,0.0,0.81890495870000035,0.81890495870000035,,0.0,0.00064379320652515747,,,0.0,,
2026-07-13,mock_app_id,unknown,,,Unattributed,false,0,0,5057,5,0,34,0,0,0,0,0,0.0,0.080811120400000019,0.0,0.080811120400000019,0.080811120400000019,,0.0,1.5980051492980032e-05,,,0.0,,
2026-07-13,mock_app_id,googleadwords_int,140410898,mock_campaign_a2e93e84,Matched paid campaign,true,358,12,6,5,0,32,0,0,0,0,0,3.149141055,2.1029553939000003,0.0,2.1029553939000003,-1.0461856610999996,0.66778697974200474,0.5248568425,0.35049256565000003,0.0335195530726257,0.5,0.0,,
2026-07-13,mock_app_id,googleadwords_int,148918961,mock_campaign_993fe179,Matched paid campaign,true,8559,347,161,139,1,1564,3,1,0,0,1,13.427058174300003,2.2617814242000009,0.0,2.2617814242000009,-11.165276750100002,0.16844951402155633,0.083397876859006223,0.014048331827329199,0.040542119406472718,0.46397694524495675,0.0062111801242236021,0.33333333333333331,0.0
2026-07-13,mock_app_id,googleadwords_int,161332031,mock_campaign_12520749,Matched paid campaign,true,1248,65,30,20,0,153,0,0,0,0,0,0.34955005970000008,0.1638171705,0.0,0.1638171705,-0.18573288920000008,0.46865153060078268,0.011651668656666669,0.00546057235,0.052083333333333336,0.46153846153846156,0.0,,
2026-07-13,mock_app_id,googleadwords_int,161694703,mock_campaign_2c0c0430,Matched paid campaign,true,10468,542,224,170,0,19293,10,0,0,0,0,12.7317621024,4.5197538873999958,0.0,4.5197538873999958,-8.2120082150000044,0.35499829882526629,0.056838223671428566,0.020177472711607126,0.05177684371417654,0.41328413284132842,0.0,0.0,
2026-07-13,mock_app_id,googleadwords_int,180761354,mock_campaign_07fb7039,Matched paid campaign,true,139,7,4,3,0,104,0,0,0,0,0,0.0959775424,0.098085204399999987,0.0,0.098085204399999987,0.0021076619999999824,1.0219599496642247,0.0239943856,0.024521301099999997,0.050359712230215826,0.5714285714285714,0.0,,
2026-07-13,mock_app_id,googleadwords_int,232552584,mock_campaign_a5da28b5,Matched paid campaign,true,111,11,6,5,0,10,1,0,0,0,0,6.6132863241359567,3.7976271117,0.0,3.7976271117,-2.815659212435957,0.57424205237267867,1.1022143873559929,0.63293785195,0.0990990990990991,0.54545454545454541,0.0,0.0,
2026-07-13,mock_app_id,googleadwords_int,243641668,mock_campaign_1e8723bd,Matched paid campaign,true,1875,75,52,46,0,638,0,0,0,0,0,2.4432959113478567,2.6263983561000006,0.0,2.6263983561000006,0.18310244475214388,1.0749407568284002,0.046986459833612632,0.05050766069423078,0.04,0.69333333333333336,0.0,,
2026-07-13,mock_app_id,googleadwords_int,262368493,mock_campaign_c13d8f45,Installs without cost,true,0,0,11,0,0,0,0,0,0,0,0,0.0,0.0,0.0,0.0,0.0,,0.0,0.0,,,0.0,,
2026-07-13,mock_app_id,googleadwords_int,280939212,mock_campaign_45884f7b,Matched paid campaign,true,135,7,4,2,0,46,0,0,0,0,0,0.82600558509999977,0.26689351509999992,0.0,0.26689351509999992,-0.55911206999999985,0.32311345094317812,0.20650139627499994,0.066723378774999981,0.05185185185185185,0.5714285714285714,0.0,,
2026-07-13,mock_app_id,googleadwords_int,351751429,mock_campaign_b7e37028,Matched paid campaign,true,357,19,13,12,0,25,0,0,0,0,0,8.6116836185454524,4.3550233306,0.0,4.3550233306,-4.2566602879454525,0.50571102278088342,0.66243720142657325,0.33500179466153845,0.053221288515406161,0.68421052631578949,0.0,,
2026-07-13,mock_app_id,googleadwords_int,369626124,mock_campaign_617ec63b,Matched paid campaign,true,34,1,1,1,0,1,0,0,0,0,0,0.0579899579,0.021049923600000003,0.0,0.021049923600000003,-0.036940034299999994,0.362992565649026,0.0579899579,0.021049923600000003,0.029411764705882353,1.0,0.0,,
2026-07-13,mock_app_id,googleadwords_int,369804654,mock_campaign_92e554bf,Cost without installs,true,9,0,0,0,0,0,0,0,0,0,0,0.0029024679,0.0,0.0,0.0,-0.0029024679,0.0,,,0.0,,,,
2026-07-13,mock_app_id,googleadwords_int,432166127,mock_campaign_f8b84857,Matched paid campaign,true,104,14,9,8,0,33,0,0,0,0,0,1.2808826002,0.6116299636000001,0.0,0.6116299636000001,-0.66925263659999989,0.47750665322840574,0.14232028891111112,0.067958884844444456,0.13461538461538461,0.6428571428571429,0.0,,
2026-07-13,mock_app_id,googleadwords_int,434877610,mock_campaign_0dfbbe6f,Cost without installs,true,19,0,0,0,0,0,0,0,0,0,0,0.0026070947999999997,0.0,0.0,0.0,-0.0026070947999999997,0.0,,,0.0,,,,
2026-07-13,mock_app_id,googleadwords_int,464541057,mock_campaign_d8ff83e7,Matched paid campaign,true,162,1,1,0,0,0,0,0,0,0,0,0.1769992788,0.0,0.0,0.0,-0.1769992788,0.0,0.1769992788,0.0,0.0061728395061728392,1.0,0.0,,
2026-07-13,mock_app_id,googleadwords_int,502057685,mock_campaign_befecb98,Matched paid campaign,true,535,16,8,8,0,103,0,0,0,0,0,0.560387053,0.262104925,0.0,0.262104925,-0.29828212800000004,0.46772123587944486,0.070048381625,0.032763115625,0.029906542056074768,0.5,0.0,,
2026-07-13,mock_app_id,googleadwords_int,510225620,mock_campaign_10287894,Matched paid campaign,true,3155,215,110,76,0,706,5,0,0,0,0,3.5521829390000024,0.92635842369999988,0.0,0.92635842369999988,-2.6258245153000024,0.26078567450154605,0.032292572172727296,0.0084214402154545436,0.068145800316957217,0.51162790697674421,0.0,0.0,
2026-07-13,mock_app_id,googleadwords_int,514288304,mock_campaign_c95b5395,Installs without cost,true,0,0,4,0,0,0,0,0,0,0,0,0.0,0.0,0.0,0.0,0.0,,0.0,0.0,,,0.0,,
2026-07-13,mock_app_id,googleadwords_int,525989111,mock_campaign_c82cc8f4,Matched paid campaign,true,124,5,2,1,0,5,0,0,0,0,0,0.035853249399999988,0.0045121538,0.0,0.0045121538,-0.031341095599999987,0.12585062373732858,0.017926624699999994,0.0022560769,0.040322580645161289,0.4,0.0,,
2026-07-13,mock_app_id,googleadwords_int,529859974,mock_campaign_d2ea5396,Matched paid campaign,true,501,11,4,4,0,44,0,0,0,0,0,0.1379148267,0.1129554391,0.0,0.1129554391,-0.024959387599999994,0.81902317396016422,0.034478706675,0.028238859775,0.021956087824351298,0.36363636363636365,0.0,,
2026-07-13,mock_app_id,googleadwords_int,542533692,mock_campaign_796ef0d2,Installs without cost,true,0,0,1,1,0,6,0,0,0,0,0,0.0,0.0056026122000000008,0.0,0.0056026122000000008,0.0056026122000000008,,0.0,0.0056026122000000008,,,0.0,,
2026-07-13,mock_app_id,googleadwords_int,571438578,mock_campaign_756e1c81,Matched paid campaign,true,64,2,1,0,0,0,0,0,0,0,0,0.016275627400000003,0.0,0.0,0.0,-0.016275627400000003,0.0,0.016275627400000003,0.0,0.03125,0.5,0.0,,
2026-07-13,mock_app_id,googleadwords_int,585166272,mock_campaign_60587c25,Cost without installs,true,28,3,0,0,0,0,0,0,0,0,0,0.20607447105499233,0.0,0.0,0.0,-0.20607447105499233,0.0,,,0.10714285714285714,0.0,,,
2026-07-13,mock_app_id,googleadwords_int,590094865,mock_campaign_23f341fc,Matched paid campaign,true,14,1,1,1,0,3,0,0,0,0,0,0.016274,0.0048841326,0.0,0.0048841326,-0.0113898674,0.3001187538404817,0.016274,0.0048841326,0.071428571428571425,1.0,0.0,,
2026-07-13,mock_app_id,googleadwords_int,611748075,mock_campaign_628993e1,Cost without installs,true,7,0,0,0,0,0,0,0,0,0,0,0.0018690688999999999,0.0,0.0,0.0,-0.0018690688999999999,0.0,,,0.0,,,,
2026-07-13,mock_app_id,googleadwords_int,611892113,mock_campaign_9bfd19ea,Cost without installs,true,143,3,0,0,0,0,0,0,0,0,0,0.1556486045,0.0,0.0,0.0,-0.1556486045,0.0,,,0.02097902097902098,0.0,,,
2026-07-13,mock_app_id,googleadwords_int,654635500,mock_campaign_67ff1f36,Matched paid campaign,true,554,71,55,49,0,513,1,0,0,0,0,1.4897260284999994,0.79698241360000011,0.0,0.79698241360000011,-0.69274361489999925,0.53498589562973486,0.027085927790909081,0.014490589338181819,0.12815884476534295,0.77464788732394363,0.0,0.0,
2026-07-13,mock_app_id,googleadwords_int,660741874,mock_campaign_7e7497dd,Other,true,1,0,0,0,0,0,0,0,0,0,0,0.0,0.0,0.0,0.0,0.0,,,,0.0,,,,
2026-07-13,mock_app_id,googleadwords_int,739276167,mock_campaign_1fbdf2e3,Matched paid campaign,true,614,25,22,19,0,169,1,0,0,0,0,18.217845406884919,15.1628508039,0.0,15.1628508039,-3.0549946029849195,0.8323075789286053,0.82808388213113271,0.68922049108636363,0.04071661237785016,0.88,0.0,0.0,
2026-07-13,mock_app_id,googleadwords_int,742036733,mock_campaign_e0586969,Matched paid campaign,true,33,1,3,2,0,7,0,0,0,0,0,0.15448092876035149,2.8391893381999997,0.0,2.8391893381999997,2.6847084094396481,18.37889868337389,0.051493642920117162,0.94639644606666662,0.030303030303030304,3.0,0.0,,
2026-07-13,mock_app_id,googleadwords_int,788967442,mock_campaign_475f8981,Matched paid campaign,true,14,1,1,1,0,1,0,0,0,0,0,0.1976469163,0.1322588458,0.0,0.1322588458,-0.0653880705,0.66916726188254727,0.1976469163,0.1322588458,0.071428571428571425,1.0,0.0,,
2026-07-13,mock_app_id,googleadwords_int,792104306,mock_campaign_6fcee95d,Matched paid campaign,true,2595,366,280,211,4,2970,9,3,1,0,1,17.102920258500006,5.4830171941000012,65.3639211032,70.8469382973,53.744018038799993,4.1423883890290414,0.06108185806607145,0.25302477963321429,0.14104046242774568,0.76502732240437155,0.014285714285714285,0.33333333333333331,16.3409802758
2026-07-13,mock_app_id,googleadwords_int,810543724,mock_campaign_c492b014,Cost without installs,true,15,0,0,0,0,0,0,0,0,0,0,0.005728448,0.0,0.0,0.0,-0.005728448,0.0,,,0.0,,,,
2026-07-13,mock_app_id,googleadwords_int,834117318,mock_campaign_ae804aae,Installs without cost,true,0,0,1,0,0,0,0,0,0,0,0,0.0,0.0,0.0,0.0,0.0,,0.0,0.0,,,0.0,,
2026-07-13,mock_app_id,googleadwords_int,900383572,mock_campaign_45368c6d,Matched paid campaign,true,614,21,8,7,0,56,0,0,0,0,0,0.25540090120000003,0.15713556499999998,0.0,0.15713556499999998,-0.098265336200000053,0.61525062856747648,0.031925112650000004,0.019641945624999997,0.034201954397394138,0.38095238095238093,0.0,,
2026-07-13,mock_app_id,googleadwords_int,972671114,mock_campaign_9911559c,Cost without installs,true,3,1,0,0,0,0,0,0,0,0,0,0.0219186369,0.0,0.0,0.0,-0.0219186369,0.0,,,0.33333333333333331,0.0,,,
2026-07-13,mock_app_id,googleadwords_int,974591165,mock_campaign_674dbd59,Matched paid campaign,true,81,10,5,4,0,112,0,0,0,0,0,0.16177169700000002,0.19342642819999997,0.0,0.19342642819999997,0.031654731199999953,1.1956753362116239,0.0323543394,0.03868528564,0.12345679012345678,0.5,0.0,,
2026-07-13,mock_app_id,googleadwords_int,998337322,mock_campaign_fe944d1c,Matched paid campaign,true,1726,136,94,85,0,1029,0,0,0,0,0,5.2964091028,3.0111467297000005,0.0,3.0111467297000005,-2.2852623730999997,0.56852608460855625,0.056344777689361705,0.032033475847872347,0.078794901506373111,0.69117647058823528,0.0,,
2026-07-14,mock_app_id,googleadwords_int,,,Unattributed,false,0,0,1909,27,1,199,1,1,0,1,0,0.0,1.6179905812000002,8.341851344200002,9.9598419254000028,9.9598419254000028,,0.0,0.0052173084994237839,,,0.00052383446830801469,1.0,8.341851344200002
2026-07-14,mock_app_id,other,,,Unattributed,false,0,0,1331,185,0,2753,2,0,0,0,0,0.0,13.449036190799989,0.0,13.449036190799989,13.449036190799989,,0.0,0.010104459948009008,,,0.0,0.0,
2026-07-14,mock_app_id,unknown,,,Unattributed,false,0,0,4659,7,0,72,0,0,0,0,0,0.0,0.2549876457,0.0,0.2549876457,0.2549876457,,0.0,5.4730123567289118e-05,,,0.0,,
2026-07-14,mock_app_id,googleadwords_int,140410898,mock_campaign_a2e93e84,Matched paid campaign,true,3859,111,69,63,0,1969,4,0,0,0,0,23.381427017400004,21.261169341400009,0.0,21.261169341400009,-2.1202576759999943,0.90931872231655753,0.3388612611217392,0.30813288900579722,0.02876392847888054,0.6216216216216216,0.0,0.0,
2026-07-14,mock_app_id,googleadwords_int,148918961,mock_campaign_993fe179,Matched paid campaign,true,29829,753,262,217,0,2464,4,0,0,0,0,18.798338255199994,3.4797419274000019,0.0,3.4797419274000019,-15.318596327799991,0.18510901762486565,0.071749382653435084,0.013281457738167947,0.025243890173991753,0.34794156706507307,0.0,0.0,
2026-07-14,mock_app_id,googleadwords_int,161332031,mock_campaign_12520749,Matched paid campaign,true,26367,957,344,151,0,984,3,0,0,0,0,2.1018619603999977,0.89564596860000034,0.0,0.89564596860000034,-1.2062159917999975,0.42612026168909456,0.0061100638383720868,0.0026036220017441871,0.03629536921151439,0.35945663531870431,0.0,0.0,
2026-07-14,mock_app_id,googleadwords_int,161694703,mock_campaign_2c0c0430,Matched paid campaign,true,44809,2171,734,542,0,31314,41,0,0,0,0,22.350457725599995,12.322974833600004,0.0,12.322974833600004,-10.027482891999991,0.5513522355958459,0.030450214885013618,0.016788794051226161,0.048450088151933766,0.338093044679871,0.0,0.0,
2026-07-14,mock_app_id,googleadwords_int,180761354,mock_campaign_07fb7039,Matched paid campaign,true,2237,83,55,42,0,392,0,0,0,0,0,0.89741101490000008,0.8394708003,0.0,0.8394708003,-0.057940214600000095,0.93543625647780082,0.016316563907272728,0.015263105459999999,0.037103263299061245,0.66265060240963858,0.0,,
2026-07-14,mock_app_id,googleadwords_int,232552584,mock_campaign_a5da28b5,Matched paid campaign,true,2165,52,27,19,1,260,2,1,0,0,0,17.173249398211912,7.8358620859000014,45.458851433199996,53.2947135191,36.121464120888092,3.1033564052618416,0.63604627400784863,1.9738782784851852,0.024018475750577369,0.51923076923076927,0.037037037037037035,0.5,45.458851433199996
2026-07-14,mock_app_id,googleadwords_int,243641668,mock_campaign_1e8723bd,Matched paid campaign,true,15567,474,265,200,0,1805,2,0,0,0,0,8.2775184078645427,8.7582115463000054,0.0,8.7582115463000054,0.48069313843546269,1.0580721316160109,0.031235918520243558,0.033049854891698136,0.030449026787434958,0.55907172995780585,0.0,0.0,
2026-07-14,mock_app_id,googleadwords_int,258346999,mock_campaign_8ba2a925,Cost without installs,true,9,1,0,0,0,0,0,0,0,0,0,0.0090605495,0.0,0.0,0.0,-0.0090605495,0.0,,,0.1111111111111111,0.0,,,
2026-07-14,mock_app_id,googleadwords_int,262368493,mock_campaign_c13d8f45,Installs without cost,true,0,0,13,0,0,0,0,0,0,0,0,0.0,0.0,0.0,0.0,0.0,,0.0,0.0,,,0.0,,
2026-07-14,mock_app_id,googleadwords_int,280939212,mock_campaign_45884f7b,Matched paid campaign,true,799,23,6,5,0,25,0,0,0,0,0,1.4128663675999997,1.0430795112000002,0.0,1.0430795112000002,-0.36978685639999953,0.73827188127625465,0.2354777279333333,0.17384658520000004,0.028785982478097622,0.2608695652173913,0.0,,
2026-07-14,mock_app_id,googleadwords_int,351751429,mock_campaign_b7e37028,Matched paid campaign,true,3522,96,44,37,0,353,1,0,0,0,0,15.542369967956933,10.5376867871,0.0,10.5376867871,-5.004683180856933,0.67799742309732147,0.35323568108993031,0.239492881525,0.027257240204429302,0.45833333333333331,0.0,0.0,
2026-07-14,mock_app_id,googleadwords_int,369626124,mock_campaign_617ec63b,Matched paid campaign,true,283,10,4,3,0,45,0,0,0,0,0,0.2465380808,0.3470396597,0.0,0.3470396597,0.1005015789,1.4076513395978378,0.0616345202,0.086759914925,0.0353356890459364,0.4,0.0,,
2026-07-14,mock_app_id,googleadwords_int,369804654,mock_campaign_92e554bf,Matched paid campaign,true,1435,29,12,11,0,79,0,0,0,0,0,0.38193531970000005,0.5623096512,0.0,0.5623096512,0.18037433149999993,1.4722640777021594,0.031827943308333335,0.046859137599999996,0.020209059233449476,0.41379310344827586,0.0,,
2026-07-14,mock_app_id,googleadwords_int,432166127,mock_campaign_f8b84857,Matched paid campaign,true,3848,123,57,45,0,402,0,0,0,0,0,5.1478820006999992,4.1051452978,0.0,4.1051452978,-1.0427367028999992,0.79744355003509992,0.0903137193105263,0.072020092943859651,0.031964656964656966,0.46341463414634149,0.0,,
2026-07-14,mock_app_id,googleadwords_int,434877610,mock_campaign_0dfbbe6f,Matched paid campaign,true,975,27,16,16,0,115,0,0,0,0,0,0.42978006600000013,0.4906731586,0.0,0.4906731586,0.060893092599999865,1.1416843111564878,0.026861254125000008,0.0306670724125,0.027692307692307693,0.59259259259259256,0.0,,
2026-07-14,mock_app_id,googleadwords_int,464541057,mock_campaign_d8ff83e7,Matched paid campaign,true,2565,71,25,20,0,173,0,0,0,0,0,4.0361887867,6.3663904101,0.0,6.3663904101,2.3302016234,1.5773272130080862,0.16144755146800002,0.25465561640400003,0.027680311890838208,0.352112676056338,0.0,,
2026-07-14,mock_app_id,googleadwords_int,502057685,mock_campaign_befecb98,Matched paid campaign,true,4004,100,53,45,0,477,0,0,0,0,0,1.089214751499999,1.1961067487,0.0,1.1961067487,0.10689199720000109,1.0981367513181364,0.020551221726415075,0.022568051862264155,0.024975024975024976,0.53,0.0,,
2026-07-14,mock_app_id,googleadwords_int,510225620,mock_campaign_10287894,Matched paid campaign,true,104330,4005,1340,570,0,3126,0,0,0,0,0,9.8932477676000143,2.4492256180000003,0.0,2.4492256180000003,-7.4440221496000145,0.24756537747099744,0.0073830207220895632,0.0018277803119402987,0.038387807917185851,0.33458177278401996,0.0,,
2026-07-14,mock_app_id,googleadwords_int,514288304,mock_campaign_c95b5395,Installs without cost,true,0,0,7,0,0,0,0,0,0,0,0,0.0,0.0,0.0,0.0,0.0,,0.0,0.0,,,0.0,,
2026-07-14,mock_app_id,googleadwords_int,525989111,mock_campaign_c82cc8f4,Matched paid campaign,true,364,23,9,6,0,66,0,0,0,0,0,0.14779965430000003,0.085590793199999987,0.0,0.085590793199999987,-0.06220886110000004,0.57910009062856094,0.016422183811111116,0.0095100881333333321,0.063186813186813184,0.391304347826087,0.0,,
2026-07-14,mock_app_id,googleadwords_int,529859974,mock_campaign_d2ea5396,Matched paid campaign,true,7911,239,101,75,0,939,0,0,0,0,0,2.0989367089,2.1944774655,0.0,2.1944774655,0.095540756599999721,1.0455186457956944,0.020781551573267328,0.02172749965841584,0.030211098470484136,0.42259414225941422,0.0,,
2026-07-14,mock_app_id,googleadwords_int,571438578,mock_campaign_756e1c81,Matched paid campaign,true,46,1,1,1,0,1,0,0,0,0,0,0.008137,0.0001808938,0.0,0.0001808938,-0.0079561062,0.022231018802998648,0.008137,0.0001808938,0.021739130434782608,1.0,0.0,,
2026-07-14,mock_app_id,googleadwords_int,585166272,mock_campaign_60587c25,Matched paid campaign,true,435,9,3,2,0,23,0,0,0,0,0,0.54426091711457913,1.3281770573000002,0.0,1.3281770573000002,0.78391614018542111,2.440331494573198,0.1814203057048597,0.44272568576666677,0.020689655172413793,0.33333333333333331,0.0,,
2026-07-14,mock_app_id,googleadwords_int,590094865,mock_campaign_23f341fc,Matched paid campaign,true,25,0,1,1,0,5,0,0,0,0,0,0.0002782854,0.0050038792,0.0,0.0050038792,0.0047255938,17.981105728148155,0.0002782854,0.0050038792,0.0,,0.0,,
2026-07-14,mock_app_id,googleadwords_int,611748075,mock_campaign_628993e1,Matched paid campaign,true,116,2,1,1,0,1,0,0,0,0,0,0.0747896081,0.044199234399999995,0.0,0.044199234399999995,-0.030590373700000006,0.59098096009410694,0.0747896081,0.044199234399999995,0.017241379310344827,0.5,0.0,,
2026-07-14,mock_app_id,googleadwords_int,611892113,mock_campaign_9bfd19ea,Matched paid campaign,true,2300,113,57,40,0,311,2,0,0,0,0,1.2035428562999992,1.0153467082,0.0,1.0153467082,-0.18819614809999918,0.8436315357489117,0.021114786952631567,0.017813100143859652,0.049130434782608694,0.504424778761062,0.0,0.0,
2026-07-14,mock_app_id,googleadwords_int,654635500,mock_campaign_67ff1f36,Matched paid campaign,true,3211,171,93,71,0,534,1,0,0,0,0,1.8124597910000002,1.0526783477000003,0.0,1.0526783477000003,-0.75978144329999986,0.58080093855169013,0.019488814956989248,0.011319122018279573,0.053254437869822487,0.543859649122807,0.0,0.0,
2026-07-14,mock_app_id,googleadwords_int,660741874,mock_campaign_7e7497dd,Matched paid campaign,true,256,8,3,3,0,4,0,0,0,0,0,0.12519018610000002,0.0902125024,0.0,0.0902125024,-0.034977683700000012,0.72060362884946616,0.041730062033333341,0.030070834133333335,0.03125,0.375,0.0,,
2026-07-14,mock_app_id,googleadwords_int,739276167,mock_campaign_1fbdf2e3,Matched paid campaign,true,9538,213,125,108,2,2082,10,2,0,0,0,74.635741196129118,80.040482238400031,76.408522,156.44900423840005,81.813263042270933,2.0961673553596873,0.597085929569033,1.2515920339072004,0.022331725728664289,0.58685446009389675,0.016,0.2,38.204261
2026-07-14,mock_app_id,googleadwords_int,742036733,mock_campaign_e0586969,Cost without installs,true,48,3,0,0,0,0,0,0,0,0,0,0.61166349079495919,0.0,0.0,0.0,-0.61166349079495919,0.0,,,0.0625,0.0,,,
2026-07-14,mock_app_id,googleadwords_int,788967442,mock_campaign_475f8981,Cost without installs,true,76,2,0,0,0,0,0,0,0,0,0,0.0716161781,0.0,0.0,0.0,-0.0716161781,0.0,,,0.026315789473684209,0.0,,,
2026-07-14,mock_app_id,googleadwords_int,792104306,mock_campaign_6fcee95d,Matched paid campaign,true,27036,1185,592,428,0,4908,1,0,0,0,0,26.997935382499982,10.3704097042,0.0,10.3704097042,-16.627525678299982,0.38411862082320869,0.045604620578547264,0.017517583959797297,0.043830448291167334,0.49957805907173,0.0,0.0,
2026-07-14,mock_app_id,googleadwords_int,810543724,mock_campaign_c492b014,Matched paid campaign,true,271,10,4,4,0,11,0,0,0,0,0,1.6533464519000003,2.7411894850999996,0.0,2.7411894850999996,1.0878430331999993,1.6579643558371369,0.41333661297500007,0.6852973712749999,0.036900369003690037,0.4,0.0,,
2026-07-14,mock_app_id,googleadwords_int,834117318,mock_campaign_ae804aae,Installs without cost,true,0,0,5,0,0,0,0,0,0,0,0,0.0,0.0,0.0,0.0,0.0,,0.0,0.0,,,0.0,,
2026-07-14,mock_app_id,googleadwords_int,848321939,mock_campaign_c41abc99,Cost without installs,true,78,0,0,0,0,0,0,0,0,0,0,0.00075429989999999992,0.0,0.0,0.0,-0.00075429989999999992,0.0,,,0.0,,,,
2026-07-14,mock_app_id,googleadwords_int,900383572,mock_campaign_45368c6d,Matched paid campaign,true,9302,253,150,123,0,1262,1,0,0,0,0,2.3037157056999975,4.4001563337,0.0,4.4001563337,2.0964406280000025,1.910025756569206,0.015358104704666651,0.029334375558,0.027198451945818103,0.59288537549407117,0.0,0.0,
2026-07-14,mock_app_id,googleadwords_int,972671114,mock_campaign_9911559c,Matched paid campaign,true,427,14,5,4,0,22,0,0,0,0,0,0.2921003986,0.1125044785,0.0,0.1125044785,-0.17959592009999997,0.38515688112450258,0.05842007972,0.022500895700000002,0.032786885245901641,0.35714285714285715,0.0,,
2026-07-14,mock_app_id,googleadwords_int,974591165,mock_campaign_674dbd59,Matched paid campaign,true,585,21,6,5,0,156,0,0,0,0,0,0.2101844059,0.1867703007,0.0,0.1867703007,-0.023414105200000007,0.88860208206340585,0.035030734316666666,0.03112838345,0.035897435897435895,0.2857142857142857,0.0,,
2026-07-14,mock_app_id,googleadwords_int,989105150,mock_campaign_58ab9c06,Matched paid campaign,true,169,8,5,5,0,50,0,0,0,0,0,0.053929594899999996,0.058473283900000006,0.0,0.058473283900000006,0.0045436890000000105,1.0842522367992051,0.01078591898,0.011694656780000002,0.047337278106508875,0.625,0.0,,
2026-07-14,mock_app_id,googleadwords_int,998337322,mock_campaign_fe944d1c,Matched paid campaign,true,19863,810,391,317,0,3054,6,0,0,0,0,16.6037413469,18.513052388100011,0.0,18.513052388100011,1.9093110412000094,1.1149928200704287,0.042464811628900256,0.047347960071867035,0.040779338468509285,0.48271604938271606,0.0,0.0,
2026-07-15,mock_app_id,unknown,,,Unattributed,false,0,0,4958,9,0,132,0,0,0,0,0,0.0,0.088877455200000011,0.0,0.088877455200000011,0.088877455200000011,,0.0,1.7926070028237194e-05,,,0.0,,
2026-07-15,mock_app_id,other,,,Unattributed,false,0,0,2502,169,0,2006,5,0,0,0,0,0.0,11.409131203500005,0.0,11.409131203500005,11.409131203500005,,0.0,0.0045600044778177475,,,0.0,0.0,
2026-07-15,mock_app_id,googleadwords_int,,,Unattributed,false,0,0,1048,25,0,859,0,0,0,0,0,0.0,2.5733735425,0.0,2.5733735425,2.5733735425,,0.0,0.0024555091054389313,,,0.0,,
2026-07-15,mock_app_id,googleadwords_int,140410898,mock_campaign_a2e93e84,Matched paid campaign,true,7598,224,90,72,0,2540,5,0,0,0,0,45.4714649402,27.2651097235,0.0,27.2651097235,-18.2063552167,0.59960922216507939,0.50523849933555554,0.30294566359444447,0.029481442484864437,0.4017857142857143,0.0,0.0,
2026-07-15,mock_app_id,googleadwords_int,148918961,mock_campaign_993fe179,Matched paid campaign,true,30055,765,230,163,0,1779,1,0,0,0,0,17.928396124900004,3.0195544697000005,0.0,3.0195544697000005,-14.908841655200003,0.16842301166618395,0.077949548369130456,0.013128497694347829,0.025453335551488938,0.30065359477124182,0.0,0.0,
2026-07-15,mock_app_id,googleadwords_int,161332031,mock_campaign_12520749,Matched paid campaign,true,39657,1457,566,233,0,1478,1,0,0,0,0,3.6133723653000023,1.2232510099000009,0.0,1.2232510099000009,-2.3901213554000016,0.3385344454524381,0.0063840501153710283,0.0021612208655477048,0.036740045893537084,0.38846945778997943,0.0,0.0,
2026-07-15,mock_app_id,googleadwords_int,161694703,mock_campaign_2c0c0430,Matched paid campaign,true,56968,2680,888,670,0,58973,41,0,0,0,0,30.138055759300009,15.715292825700022,0.0,15.715292825700022,-14.422762933599987,0.521443484981628,0.033939251981193706,0.017697401830743267,0.04704395450077236,0.33134328358208953,0.0,0.0,
2026-07-15,mock_app_id,googleadwords_int,180761354,mock_campaign_07fb7039,Matched paid campaign,true,2176,79,40,30,0,267,0,0,0,0,0,0.66788414630000015,0.39054716639999992,0.0,0.39054716639999992,-0.27733697990000022,0.58475286254896963,0.016697103657500004,0.0097636791599999984,0.036305147058823532,0.50632911392405067,0.0,,
2026-07-15,mock_app_id,googleadwords_int,232552584,mock_campaign_a5da28b5,Matched paid campaign,true,2790,68,30,27,1,393,4,1,0,0,0,18.222771829229352,14.885799210200005,25.783302874,40.669102084200006,22.446330254970654,2.2317736547063993,0.60742572764097835,1.3556367361400001,0.024372759856630826,0.44117647058823528,0.033333333333333333,0.25,25.783302874
2026-07-15,mock_app_id,googleadwords_int,243641668,mock_campaign_1e8723bd,Matched paid campaign,true,22603,680,278,219,0,2266,3,0,0,0,0,10.747453878493811,9.8889850596000013,0.0,9.8889850596000013,-0.85846881889380988,0.92012351682553872,0.038659906037747521,0.035571888703597128,0.030084502057249038,0.4088235294117647,0.0,0.0,
2026-07-15,mock_app_id,googleadwords_int,258346999,mock_campaign_8ba2a925,Other,true,21,0,0,0,0,0,0,0,0,0,0,0.0,0.0,0.0,0.0,0.0,,,,0.0,,,,
2026-07-15,mock_app_id,googleadwords_int,262368493,mock_campaign_c13d8f45,Installs without cost,true,0,0,15,0,0,0,0,0,0,0,0,0.0,0.0,0.0,0.0,0.0,,0.0,0.0,,,0.0,,
2026-07-15,mock_app_id,googleadwords_int,280939212,mock_campaign_45884f7b,Matched paid campaign,true,1096,29,10,8,0,18,0,0,0,0,0,1.2909399321999997,0.1425086452,0.0,0.1425086452,-1.1484312869999997,0.11039138355348493,0.12909399321999998,0.01425086452,0.026459854014598539,0.34482758620689657,0.0,,
2026-07-15,mock_app_id,googleadwords_int,351751429,mock_campaign_b7e37028,Matched paid campaign,true,3833,78,32,31,0,335,0,0,0,0,0,19.046496179226693,9.569231064,0.0,9.569231064,-9.4772651152266931,0.50241424847667282,0.59520300560083417,0.29903847075,0.020349595617010174,0.41025641025641024,0.0,,
2026-07-15,mock_app_id,googleadwords_int,369626124,mock_campaign_617ec63b,Matched paid campaign,true,565,13,2,2,0,17,0,0,0,0,0,0.2248554169,0.1070012305,0.0,0.1070012305,-0.11785418639999999,0.47586681243968737,0.11242770845,0.05350061525,0.023008849557522124,0.15384615384615385,0.0,,
2026-07-15,mock_app_id,googleadwords_int,369804654,mock_campaign_92e554bf,Matched paid campaign,true,1786,31,14,13,0,139,0,0,0,0,0,0.6812825305,1.3206419388000001,0.0,1.3206419388000001,0.63935940830000015,1.9384644103977948,0.048663037892857142,0.094331567057142865,0.017357222844344905,0.45161290322580644,0.0,,
2026-07-15,mock_app_id,googleadwords_int,432166127,mock_campaign_f8b84857,Matched paid campaign,true,3742,111,61,52,0,300,1,0,0,0,0,4.6743915981000024,4.9171049536999991,0.0,4.9171049536999991,0.24271335559999674,1.0519240526828459,0.07662937046065578,0.080608277929508185,0.029663281667557457,0.5495495495495496,0.0,0.0,
2026-07-15,mock_app_id,googleadwords_int,434877610,mock_campaign_0dfbbe6f,Matched paid campaign,true,1714,39,16,15,0,94,0,0,0,0,0,0.44970432420000006,0.4885228154,0.0,0.4885228154,0.038818491199999916,1.0863200309871512,0.028106520262500004,0.0305326759625,0.022753792298716453,0.41025641025641024,0.0,,
2026-07-15,mock_app_id,googleadwords_int,464541057,mock_campaign_d8ff83e7,Matched paid campaign,true,3214,65,14,14,0,125,0,0,0,0,0,4.2799399450000015,2.2967423358,0.0,2.2967423358,-1.9831976092000017,0.53662957081515761,0.30570999607142868,0.16405302398571428,0.020224019912881145,0.2153846153846154,0.0,,
2026-07-15,mock_app_id,googleadwords_int,502057685,mock_campaign_befecb98,Matched paid campaign,true,6565,152,66,58,0,390,1,0,0,0,0,1.9277065631000012,1.5332838746,0.0,1.5332838746,-0.39442268850000128,0.79539277603240677,0.029207675198484866,0.023231573857575755,0.023153084539223153,0.43421052631578949,0.0,0.0,
2026-07-15,mock_app_id,googleadwords_int,510225620,mock_campaign_10287894,Matched paid campaign,true,101195,3788,1273,553,0,3310,10,0,0,0,0,8.2860226454000241,2.4698398678000006,0.0,2.4698398678000006,-5.816182777600023,0.29807302894243592,0.0065090515674784168,0.0019401727162608017,0.037432679480211471,0.33606124604012672,0.0,0.0,
2026-07-15,mock_app_id,googleadwords_int,514288304,mock_campaign_c95b5395,Installs without cost,true,0,0,8,0,0,0,0,0,0,0,0,0.0,0.0,0.0,0.0,0.0,,0.0,0.0,,,0.0,,
2026-07-15,mock_app_id,googleadwords_int,525989111,mock_campaign_c82cc8f4,Matched paid campaign,true,292,22,8,5,0,48,0,0,0,0,0,0.13538096489999998,0.1340792489,0.0,0.1340792489,-0.0013017159999999806,0.99038479301014359,0.016922620612499998,0.0167599061125,0.075342465753424653,0.36363636363636365,0.0,,
2026-07-15,mock_app_id,googleadwords_int,529859974,mock_campaign_d2ea5396,Matched paid campaign,true,9594,284,101,79,0,600,1,0,0,0,0,2.535347616200001,1.7266376905,0.0,1.7266376905,-0.808709925700001,0.681026017681906,0.025102451645544564,0.017095422678217821,0.029601834479883262,0.35563380281690143,0.0,0.0,
2026-07-15,mock_app_id,googleadwords_int,571438578,mock_campaign_756e1c81,Matched paid campaign,true,53,4,2,1,0,4,0,0,0,0,0,0.032548,0.0031159594,0.0,0.0031159594,-0.0294320406,0.09573428167629347,0.016274,0.0015579797,0.075471698113207544,0.5,0.0,,
2026-07-15,mock_app_id,googleadwords_int,585166272,mock_campaign_60587c25,Matched paid campaign,true,428,11,4,4,0,98,0,0,0,0,0,0.70736438724310136,1.8773871947999994,0.0,1.8773871947999994,1.1700228075568981,2.6540595323394389,0.17684109681077534,0.46934679869999985,0.025700934579439252,0.36363636363636365,0.0,,
2026-07-15,mock_app_id,googleadwords_int,590094865,mock_campaign_23f341fc,Cost without installs,true,16,2,0,0,0,0,0,0,0,0,0,0.0178452547,0.0,0.0,0.0,-0.0178452547,0.0,,,0.125,0.0,,,
2026-07-15,mock_app_id,googleadwords_int,611748075,mock_campaign_628993e1,Matched paid campaign,true,115,3,1,0,0,0,0,0,0,0,0,0.21513983890000002,0.0,0.0,0.0,-0.21513983890000002,0.0,0.21513983890000002,0.0,0.026086956521739129,0.33333333333333331,0.0,,
2026-07-15,mock_app_id,googleadwords_int,611892113,mock_campaign_9bfd19ea,Matched paid campaign,true,3455,147,65,51,0,534,1,0,0,0,0,1.5014717879999986,1.5026287450000004,0.0,1.5026287450000004,0.0011569570000018459,1.0007705486105356,0.023099565969230747,0.023117365307692313,0.042547033285094064,0.44217687074829931,0.0,0.0,
2026-07-15,mock_app_id,googleadwords_int,654635500,mock_campaign_67ff1f36,Matched paid campaign,true,3665,180,91,71,0,813,2,0,0,0,0,2.4225500811000011,1.1405163005,0.0,1.1405163005,-1.2820337806000011,0.47079162961292786,0.026621429462637375,0.012533146159340661,0.049113233287858118,0.50555555555555554,0.0,0.0,
2026-07-15,mock_app_id,googleadwords_int,660741874,mock_campaign_7e7497dd,Matched paid campaign,true,74,2,1,1,0,16,0,0,0,0,0,0.0352885416,0.032494641200000007,0.0,0.032494641200000007,-0.0027939003999999934,0.92082698027962728,0.0352885416,0.032494641200000007,0.027027027027027029,0.5,0.0,,
2026-07-15,mock_app_id,googleadwords_int,739276167,mock_campaign_1fbdf2e3,Matched paid campaign,true,9179,240,107,96,0,2871,6,0,0,0,0,82.861118770261953,77.007010411199971,0.0,77.007010411199971,-5.854108359061982,0.92935035821453371,0.77440297916132661,0.719691686085981,0.026146639067436538,0.44583333333333336,0.0,0.0,
2026-07-15,mock_app_id,googleadwords_int,742036733,mock_campaign_e0586969,Cost without installs,true,51,0,0,0,0,0,0,0,0,0,0,0.0019093385592862289,0.0,0.0,0.0,-0.0019093385592862289,0.0,,,0.0,,,,
2026-07-15,mock_app_id,googleadwords_int,788967442,mock_campaign_475f8981,Cost without installs,true,72,0,0,0,0,0,0,0,0,0,0,0.0011261608,0.0,0.0,0.0,-0.0011261608,0.0,,,0.0,,,,
2026-07-15,mock_app_id,googleadwords_int,792104306,mock_campaign_6fcee95d,Matched paid campaign,true,32928,1396,638,432,0,4759,4,0,0,0,0,32.461151357900029,12.299608959800006,0.0,12.299608959800006,-20.161542398100025,0.37890242475354052,0.050879547582915408,0.019278383949529791,0.0423955296404276,0.45702005730659023,0.0,0.0,
2026-07-15,mock_app_id,googleadwords_int,810543724,mock_campaign_c492b014,Matched paid campaign,true,456,6,4,3,0,6,0,0,0,0,0,0.98568688679999994,0.9621996002,0.0,0.9621996002,-0.02348728659999999,0.97617165560936836,0.24642172169999998,0.24054990005,0.013157894736842105,0.66666666666666663,0.0,,
2026-07-15,mock_app_id,googleadwords_int,834117318,mock_campaign_ae804aae,Installs without cost,true,0,0,1,0,0,0,0,0,0,0,0,0.0,0.0,0.0,0.0,0.0,,0.0,0.0,,,0.0,,
2026-07-15,mock_app_id,googleadwords_int,848321939,mock_campaign_c41abc99,Other,true,1,0,0,0,0,0,0,0,0,0,0,0.0,0.0,0.0,0.0,0.0,,,,0.0,,,,
2026-07-15,mock_app_id,googleadwords_int,900383572,mock_campaign_45368c6d,Matched paid campaign,true,14814,392,173,145,0,1948,1,0,0,0,0,4.0998534884000053,5.7752880711000047,0.0,5.7752880711000047,1.6754345826999995,1.4086571843214448,0.023698575077456679,0.033383168041040488,0.026461455380045903,0.44132653061224492,0.0,0.0,
2026-07-15,mock_app_id,googleadwords_int,972671114,mock_campaign_9911559c,Matched paid campaign,true,493,11,5,5,0,26,0,0,0,0,0,0.18689387079999997,0.27216363940000005,0.0,0.27216363940000005,0.085269768600000073,1.4562470039012114,0.037378774159999996,0.054432727880000011,0.02231237322515213,0.45454545454545453,0.0,,
2026-07-15,mock_app_id,googleadwords_int,974591165,mock_campaign_674dbd59,Matched paid campaign,true,730,31,19,15,0,213,0,0,0,0,0,0.19829218040000002,0.3102634406,0.0,0.3102634406,0.11197126019999998,1.5646781430015482,0.010436430547368421,0.016329654768421051,0.042465753424657533,0.61290322580645162,0.0,,
2026-07-15,mock_app_id,googleadwords_int,998337322,mock_campaign_fe944d1c,Matched paid campaign,true,27418,1013,433,359,0,4004,10,0,0,0,0,21.156269164499992,20.762810744100015,0.0,20.762810744100015,-0.39345842039997692,0.98140227762557508,0.048859744028868342,0.047951064074133985,0.036946531475672915,0.42744323790720634,0.0,0.0,
2026-07-16,mock_app_id,googleadwords_int,,,Unattributed,false,0,0,1210,31,0,711,1,0,0,0,0,0.0,3.5031600311,0.0,3.5031600311,3.5031600311,,0.0,0.0028951735794214878,,,0.0,0.0,
2026-07-16,mock_app_id,other,,,Unattributed,false,0,0,1432,189,0,2356,2,0,0,0,0,0.0,12.219349438099998,0.0,12.219349438099998,12.219349438099998,,0.0,0.00853306525006983,,,0.0,0.0,
2026-07-16,mock_app_id,unknown,,,Unattributed,false,0,0,5163,12,0,42,0,0,0,0,0,0.0,0.0483585179,0.0,0.0483585179,0.0483585179,,0.0,9.3663602362967266e-06,,,0.0,,
2026-07-16,mock_app_id,googleadwords_int,140410898,mock_campaign_a2e93e84,Matched paid campaign,true,7814,211,82,69,0,713,5,0,0,0,0,38.6796990049,23.8008329421,0.0,23.8008329421,-14.8788660628,0.61533138970613177,0.47170364640121953,0.29025406026951223,0.027002815459431791,0.38862559241706163,0.0,0.0,
2026-07-16,mock_app_id,googleadwords_int,148918961,mock_campaign_993fe179,Matched paid campaign,true,29213,794,244,196,0,2385,5,0,0,0,0,16.945903010599995,3.2659534816000009,0.0,3.2659534816000009,-13.679949528999995,0.19272820572365384,0.069450422174590146,0.013385055252459021,0.027179680279327698,0.30730478589420657,0.0,0.0,
2026-07-16,mock_app_id,googleadwords_int,161332031,mock_campaign_12520749,Matched paid campaign,true,41792,1564,577,255,0,1467,1,0,0,0,0,3.7472577496000024,1.3999587745000002,0.0,1.3999587745000002,-2.347298975100002,0.37359553787017652,0.0064943808485268669,0.0024262717062391685,0.037423430321592649,0.36892583120204603,0.0,0.0,
2026-07-16,mock_app_id,googleadwords_int,161694703,mock_campaign_2c0c0430,Matched paid campaign,true,57017,2800,880,667,0,31414,45,0,0,0,0,30.917005073400016,16.528428291300006,0.0,16.528428291300006,-14.38857678210001,0.53460638415848782,0.035132960310681839,0.018782304876477279,0.0491081607239946,0.31428571428571428,0.0,0.0,
2026-07-16,mock_app_id,googleadwords_int,180761354,mock_campaign_07fb7039,Matched paid campaign,true,2252,105,57,44,0,394,1,0,0,0,0,0.92061122930000017,0.5497872142,0.0,0.5497872142,-0.37082401510000018,0.59719803180984277,0.016151074198245616,0.0096453897228070181,0.046625222024866783,0.54285714285714282,0.0,0.0,
2026-07-16,mock_app_id,googleadwords_int,232552584,mock_campaign_a5da28b5,Matched paid campaign,true,2327,51,22,18,1,135,1,1,0,0,0,13.181375725202182,4.6696116617,45.5079768389,50.1775885006,36.996212775397822,3.8067034539242188,0.5991534420546446,2.2807994773,0.021916630855178341,0.43137254901960786,0.045454545454545456,1.0,45.5079768389
2026-07-16,mock_app_id,googleadwords_int,243641668,mock_campaign_1e8723bd,Matched paid campaign,true,20525,608,253,199,0,1733,3,0,0,0,0,8.9903495487180347,8.1922394326000028,0.0,8.1922394326000028,-0.798110116118032,0.91122590820377647,0.035534978453430968,0.032380393014229257,0.029622411693057248,0.41611842105263158,0.0,0.0,
2026-07-16,mock_app_id,googleadwords_int,258346999,mock_campaign_8ba2a925,Cost without installs,true,19,1,0,0,0,0,0,0,0,0,0,0.0029691913,0.0,0.0,0.0,-0.0029691913,0.0,,,0.052631578947368418,0.0,,,
2026-07-16,mock_app_id,googleadwords_int,262368493,mock_campaign_c13d8f45,Installs without cost,true,0,0,14,0,0,0,0,0,0,0,0,0.0,0.0,0.0,0.0,0.0,,0.0,0.0,,,0.0,,
2026-07-16,mock_app_id,googleadwords_int,280939212,mock_campaign_45884f7b,Matched paid campaign,true,1047,19,7,4,0,52,0,0,0,0,0,1.5224660617,0.5970106872,0.0,0.5970106872,-0.92545537450000015,0.39213398723211745,0.21749515167142858,0.085287241028571423,0.018147086914995225,0.36842105263157893,0.0,,
2026-07-16,mock_app_id,googleadwords_int,351751429,mock_campaign_b7e37028,Matched paid campaign,true,3810,98,51,48,0,526,0,0,0,0,0,25.525834024480019,22.2436991117,0.0,22.2436991117,-3.2821349127800197,0.87141909213887558,0.50050654949960827,0.43615096297450978,0.025721784776902887,0.52040816326530615,0.0,,
2026-07-16,mock_app_id,googleadwords_int,369626124,mock_campaign_617ec63b,Matched paid campaign,true,495,11,4,3,0,86,0,0,0,0,0,0.2264087702,0.12885880670000005,0.0,0.12885880670000005,-0.097549963499999948,0.56914229332269939,0.05660219255,0.032214701675000013,0.022222222222222223,0.36363636363636365,0.0,,
2026-07-16,mock_app_id,googleadwords_int,369804654,mock_campaign_92e554bf,Matched paid campaign,true,1602,29,11,10,0,72,0,0,0,0,0,0.70117586809999988,0.9644747856,0.0,0.9644747856,0.26329891750000012,1.3755105237912282,0.063743260736363619,0.087679525963636359,0.018102372034956304,0.37931034482758619,0.0,,
2026-07-16,mock_app_id,googleadwords_int,432166127,mock_campaign_f8b84857,Matched paid campaign,true,3558,107,44,40,0,168,0,0,0,0,0,4.0641743708000018,3.3395428628999997,0.0,3.3395428628999997,-0.72463150790000208,0.82170265303913037,0.092367599336363682,0.075898701429545454,0.030073074761101742,0.411214953271028,0.0,,
2026-07-16,mock_app_id,googleadwords_int,434877610,mock_campaign_0dfbbe6f,Matched paid campaign,true,1401,39,22,17,0,75,1,0,0,0,0,0.5331093879,0.49831910640000004,0.0,0.49831910640000004,-0.034790281499999909,0.93474082000873371,0.024232244904545452,0.022650868472727275,0.027837259100642397,0.5641025641025641,0.0,0.0,
2026-07-16,mock_app_id,googleadwords_int,464541057,mock_campaign_d8ff83e7,Matched paid campaign,true,2538,58,26,25,0,248,0,0,0,0,0,3.1858202099,3.6359220674000006,0.0,3.6359220674000006,0.45010185750000042,1.1412828809677646,0.12253154653461538,0.13984315643846157,0.022852639873916468,0.44827586206896552,0.0,,
2026-07-16,mock_app_id,googleadwords_int,502057685,mock_campaign_befecb98,Matched paid campaign,true,5028,118,51,42,0,475,0,0,0,0,0,1.4506863299000003,0.9779908646,0.0,0.9779908646,-0.47269546530000039,0.67415735879128014,0.028444829998039222,0.019176291462745097,0.023468575974542563,0.43220338983050849,0.0,,
2026-07-16,mock_app_id,googleadwords_int,510225620,mock_campaign_10287894,Matched paid campaign,true,98549,3651,1238,513,2,2983,5,2,0,0,0,8.2291857004000111,2.512295133100003,83.2163353208,85.7286304539,77.499444753499986,10.417632263388203,0.0066471613088853075,0.069247682111389333,0.037047560097007583,0.33908518214187894,0.0016155088852988692,0.4,41.6081676604
2026-07-16,mock_app_id,googleadwords_int,514288304,mock_campaign_c95b5395,Installs without cost,true,0,0,6,0,0,0,0,0,0,0,0,0.0,0.0,0.0,0.0,0.0,,0.0,0.0,,,0.0,,
2026-07-16,mock_app_id,googleadwords_int,516932962,mock_campaign_60e17b09,Other,true,1,0,0,0,0,0,0,0,0,0,0,0.0,0.0,0.0,0.0,0.0,,,,0.0,,,,
2026-07-16,mock_app_id,googleadwords_int,525989111,mock_campaign_c82cc8f4,Matched paid campaign,true,326,16,9,7,0,190,0,0,0,0,0,0.16498662570000003,0.13783343220000002,0.0,0.13783343220000002,-0.027153193500000006,0.835421850802783,0.018331847300000002,0.015314825800000003,0.049079754601226995,0.5625,0.0,,
2026-07-16,mock_app_id,googleadwords_int,529859974,mock_campaign_d2ea5396,Matched paid campaign,true,10291,337,123,85,0,1007,0,0,0,0,0,2.8104530765999991,1.8611067528,0.0,1.8611067528,-0.94934632379999906,0.6622087976830805,0.022849212004878043,0.015130949209756097,0.032747060538334469,0.36498516320474778,0.0,,
2026-07-16,mock_app_id,googleadwords_int,571438578,mock_campaign_756e1c81,Matched paid campaign,true,42,2,2,2,0,10,0,0,0,0,0,0.016274,0.014649849999999997,0.0,0.014649849999999997,-0.001624150000000003,0.90019970505100144,0.008137,0.0073249249999999986,0.047619047619047616,1.0,0.0,,
2026-07-16,mock_app_id,googleadwords_int,585166272,mock_campaign_60587c25,Matched paid campaign,true,417,11,6,4,0,5,0,0,0,0,0,0.7807747986001442,0.5340494536,0.0,0.5340494536,-0.2467253450001442,0.68399934854134692,0.13012913310002402,0.089008242266666662,0.026378896882494004,0.54545454545454541,0.0,,
2026-07-16,mock_app_id,googleadwords_int,590094865,mock_campaign_23f341fc,Cost without installs,true,12,0,0,0,0,0,0,0,0,0,0,4.8822e-05,0.0,0.0,0.0,-4.8822e-05,0.0,,,0.0,,,,
2026-07-16,mock_app_id,googleadwords_int,611748075,mock_campaign_628993e1,Cost without installs,true,84,1,0,0,0,0,0,0,0,0,0,0.0562282974,0.0,0.0,0.0,-0.0562282974,0.0,,,0.011904761904761904,0.0,,,
2026-07-16,mock_app_id,googleadwords_int,611892113,mock_campaign_9bfd19ea,Matched paid campaign,true,3263,132,53,43,0,393,0,0,0,0,0,1.3713237277999992,1.0949731016000002,0.0,1.0949731016000002,-0.27635062619999906,0.79847892908310891,0.025874032599999985,0.020659869841509436,0.040453570334048422,0.40151515151515149,0.0,,
2026-07-16,mock_app_id,googleadwords_int,654635500,mock_campaign_67ff1f36,Matched paid campaign,true,3371,190,113,79,0,641,2,0,0,0,0,2.2753297812,1.2901231165,0.0,1.2901231165,-0.9852066647,0.5670048918445546,0.020135661780530972,0.011417018730088496,0.056363097003856423,0.59473684210526312,0.0,0.0,
2026-07-16,mock_app_id,googleadwords_int,660741874,mock_campaign_7e7497dd,Other,true,46,0,0,0,0,0,0,0,0,0,0,0.0,0.0,0.0,0.0,0.0,,,,0.0,,,,
2026-07-16,mock_app_id,googleadwords_int,739276167,mock_campaign_1fbdf2e3,Matched paid campaign,true,6843,162,68,60,0,342,0,0,0,0,0,53.154883446845723,41.994644716299995,0.0,41.994644716299995,-11.160238730545728,0.79004302132078152,0.78168946245361359,0.6175683046514705,0.02367382726874178,0.41975308641975306,0.0,,
2026-07-16,mock_app_id,googleadwords_int,742036733,mock_campaign_e0586969,Matched paid campaign,true,58,1,2,1,0,5,0,0,0,0,0,0.74187078492243119,0.783308371,0.0,0.783308371,0.041437586077568755,1.0558555302617847,0.3709353924612156,0.3916541855,0.017241379310344827,2.0,0.0,,
2026-07-16,mock_app_id,googleadwords_int,788967442,mock_campaign_475f8981,Cost without installs,true,98,1,0,0,0,0,0,0,0,0,0,0.0015321971,0.0,0.0,0.0,-0.0015321971,0.0,,,0.01020408163265306,0.0,,,
2026-07-16,mock_app_id,googleadwords_int,792104306,mock_campaign_6fcee95d,Matched paid campaign,true,32072,1424,624,456,0,6069,9,0,0,0,0,34.346494257900005,11.849258557899992,0.0,11.849258557899992,-22.497235700000012,0.34499179068834818,0.055042458746634625,0.018989196406891014,0.044400099775505117,0.43820224719101125,0.0,0.0,
2026-07-16,mock_app_id,googleadwords_int,810543724,mock_campaign_c492b014,Matched paid campaign,true,277,9,2,1,0,3,0,0,0,0,0,1.2993544039,0.6628369219,0.0,0.6628369219,-0.636517482,0.5101278911361683,0.64967720195,0.33141846095,0.032490974729241874,0.22222222222222221,0.0,,
2026-07-16,mock_app_id,googleadwords_int,834117318,mock_campaign_ae804aae,Installs without cost,true,0,0,4,0,0,0,0,0,0,0,0,0.0,0.0,0.0,0.0,0.0,,0.0,0.0,,,0.0,,
2026-07-16,mock_app_id,googleadwords_int,848321939,mock_campaign_c41abc99,Other,true,1,0,0,0,0,0,0,0,0,0,0,0.0,0.0,0.0,0.0,0.0,,,,0.0,,,,
2026-07-16,mock_app_id,googleadwords_int,900383572,mock_campaign_45368c6d,Matched paid campaign,true,14306,379,158,131,0,1446,1,0,0,0,0,4.6061831956000034,5.785599017700001,0.0,5.785599017700001,1.1794158220999975,1.2560505676861962,0.029153058200000023,0.036617715301898737,0.026492380819236685,0.41688654353562005,0.0,0.0,
2026-07-16,mock_app_id,googleadwords_int,972671114,mock_campaign_9911559c,Matched paid campaign,true,444,5,3,3,0,10,0,0,0,0,0,0.0788361382,0.081786927799999992,0.0,0.081786927799999992,0.0029507895999999895,1.0374294031566349,0.026278712733333334,0.027262309266666663,0.011261261261261261,0.6,0.0,,
2026-07-16,mock_app_id,googleadwords_int,974591165,mock_campaign_674dbd59,Matched paid campaign,true,552,33,11,9,0,82,0,0,0,0,0,0.2054315842,0.1225823014,0.0,0.1225823014,-0.0828492828,0.59670620697087529,0.018675598563636361,0.011143845581818182,0.059782608695652176,0.33333333333333331,0.0,,
2026-07-16,mock_app_id,googleadwords_int,989105150,mock_campaign_58ab9c06,Other,true,1,0,0,0,0,0,0,0,0,0,0,0.0,0.0,0.0,0.0,0.0,,,,0.0,,,,
2026-07-16,mock_app_id,googleadwords_int,998337322,mock_campaign_fe944d1c,Matched paid campaign,true,26192,977,432,358,0,3906,8,0,0,0,0,19.646261663499992,16.4604555351,0.0,16.4604555351,-3.1858061283999923,0.83784161165282789,0.04547745755439813,0.03810290633125,0.037301466096518021,0.4421699078812692,0.0,0.0,
2026-07-17,mock_app_id,googleadwords_int,,,Unattributed,false,0,0,1882,24,0,386,1,0,0,0,0,0.0,0.7210859994,0.0,0.7210859994,0.7210859994,,0.0,0.00038314877757704565,,,0.0,0.0,
2026-07-17,mock_app_id,unknown,,,Unattributed,false,0,0,4884,4,0,11,0,0,0,0,0,0.0,0.011918608399999999,0.0,0.011918608399999999,0.011918608399999999,,0.0,2.4403375102375102e-06,,,0.0,,
2026-07-17,mock_app_id,other,,,Unattributed,false,0,0,1542,200,0,2136,3,0,0,0,0,0.0,11.056552626600002,0.0,11.056552626600002,11.056552626600002,,0.0,0.0071702675918287953,,,0.0,0.0,
2026-07-17,mock_app_id,googleadwords_int,140410898,mock_campaign_a2e93e84,Matched paid campaign,true,7587,198,91,76,2,1105,7,2,0,0,0,35.160612499700015,25.993664528800011,76.408522,102.40218652880002,67.241574029100008,2.9124119077753181,0.38638035713956059,1.1252987530637364,0.026097271648873072,0.45959595959595961,0.02197802197802198,0.2857142857142857,38.204261
2026-07-17,mock_app_id,googleadwords_int,148918961,mock_campaign_993fe179,Matched paid campaign,true,36567,874,291,229,0,2239,2,0,0,0,0,19.730893786799992,3.7250861501000019,0.0,3.7250861501000019,-16.005807636699991,0.18879459746481894,0.067803758717525753,0.012800983333676982,0.023901331801897886,0.33295194508009152,0.0,0.0,
2026-07-17,mock_app_id,googleadwords_int,161332031,mock_campaign_12520749,Matched paid campaign,true,25421,884,324,162,0,1153,2,0,0,0,0,2.8314766435000003,0.93604643320000014,0.0,0.93604643320000014,-1.8954302103000003,0.33058596310473154,0.0087391254429012351,0.0028890322012345682,0.034774399118838756,0.36651583710407237,0.0,0.0,
2026-07-17,mock_app_id,googleadwords_int,161694703,mock_campaign_2c0c0430,Matched paid campaign,true,65517,3073,986,747,2,53641,46,2,0,0,0,36.082773013800015,17.507797515700013,24.5961987766,42.10399629230001,6.0212232784999955,1.1668725204738879,0.0365951044764706,0.042701821797464512,0.04690385701421005,0.32085909534656687,0.0020283975659229209,0.043478260869565216,12.2980993883
2026-07-17,mock_app_id,googleadwords_int,180761354,mock_campaign_07fb7039,Matched paid campaign,true,1595,61,29,27,0,265,0,0,0,0,0,0.47341716959999997,0.38207827920000004,0.0,0.38207827920000004,-0.091338890399999928,0.8070646857249093,0.016324729986206897,0.013175113075862071,0.038244514106583069,0.47540983606557374,0.0,,
2026-07-17,mock_app_id,googleadwords_int,232552584,mock_campaign_a5da28b5,Matched paid campaign,true,2796,72,31,23,0,302,2,0,0,0,0,23.5841925918512,12.990316265900004,0.0,12.990316265900004,-10.593876325951195,0.550806062802778,0.76078040618874831,0.41904246019032271,0.02575107296137339,0.43055555555555558,0.0,0.0,
2026-07-17,mock_app_id,googleadwords_int,243641668,mock_campaign_1e8723bd,Matched paid campaign,true,22109,623,281,225,0,2150,1,0,0,0,0,9.9814014829163025,7.7915991565,0.0,7.7915991565,-2.1898023264163022,0.7806117377239794,0.035521001718563351,0.0277281108772242,0.028178569813198245,0.4510433386837881,0.0,0.0,
2026-07-17,mock_app_id,googleadwords_int,258346999,mock_campaign_8ba2a925,Other,true,36,0,0,0,0,0,0,0,0,0,0,0.0,0.0,0.0,0.0,0.0,,,,0.0,,,,
2026-07-17,mock_app_id,googleadwords_int,262368493,mock_campaign_c13d8f45,Installs without cost,true,0,0,21,0,0,0,0,0,0,0,0,0.0,0.0,0.0,0.0,0.0,,0.0,0.0,,,0.0,,
2026-07-17,mock_app_id,googleadwords_int,280939212,mock_campaign_45884f7b,Matched paid campaign,true,1210,25,6,5,0,141,0,0,0,0,0,1.1074448862999997,0.6263982863,0.0,0.6263982863,-0.48104659999999966,0.56562479456003623,0.18457414771666661,0.10439971438333334,0.020661157024793389,0.24,0.0,,
2026-07-17,mock_app_id,googleadwords_int,351751429,mock_campaign_b7e37028,Matched paid campaign,true,4128,101,56,55,0,195,2,0,0,0,0,27.9616110054511,14.769455197100001,0.0,14.769455197100001,-13.1921558083511,0.52820473020029868,0.4993144822401982,0.26374027137678574,0.02446705426356589,0.5544554455445545,0.0,0.0,
2026-07-17,mock_app_id,googleadwords_int,369626124,mock_campaign_617ec63b,Matched paid campaign,true,471,12,5,4,0,83,0,0,0,0,0,0.3026972137,0.16153052000000004,0.0,0.16153052000000004,-0.14116669369999998,0.53363728732597848,0.060539442740000005,0.032306104000000009,0.025477707006369428,0.41666666666666669,0.0,,
2026-07-17,mock_app_id,googleadwords_int,369804654,mock_campaign_92e554bf,Matched paid campaign,true,1893,29,12,12,0,142,0,0,0,0,0,0.51066510079999983,0.9951541193,0.0,0.9951541193,0.48448901850000015,1.9487411960226131,0.042555425066666652,0.08292950994166666,0.01531959852086635,0.41379310344827586,0.0,,
2026-07-17,mock_app_id,googleadwords_int,432166127,mock_campaign_f8b84857,Matched paid campaign,true,3813,91,44,36,0,302,0,0,0,0,0,3.2356992062000005,3.1814212992999993,0.0,3.1814212992999993,-0.054277906900001227,0.98322529276021764,0.073538618322727289,0.072305029529545442,0.023865722528193023,0.48351648351648352,0.0,,
2026-07-17,mock_app_id,googleadwords_int,434877610,mock_campaign_0dfbbe6f,Matched paid campaign,true,1523,44,22,17,0,119,0,0,0,0,0,0.67655330610000008,0.41306971839999984,0.0,0.41306971839999984,-0.26348358770000024,0.61055014390683471,0.030752423004545459,0.018775896290909085,0.028890347997373604,0.5,0.0,,
2026-07-17,mock_app_id,googleadwords_int,464541057,mock_campaign_d8ff83e7,Matched paid campaign,true,2694,52,17,13,0,48,0,0,0,0,0,3.8513218426000004,2.8223776798999998,0.0,2.8223776798999998,-1.0289441627000007,0.73283350372884759,0.22654834368235297,0.16602221646470586,0.019302152932442463,0.32692307692307693,0.0,,
2026-07-17,mock_app_id,googleadwords_int,502057685,mock_campaign_befecb98,Matched paid campaign,true,7128,191,88,78,0,503,1,0,0,0,0,2.809898946899998,1.6069394987,0.0,1.6069394987,-1.2029594481999979,0.57188515639427007,0.031930669851136344,0.018260676121590911,0.026795735129068462,0.4607329842931937,0.0,0.0,
2026-07-17,mock_app_id,googleadwords_int,510225620,mock_campaign_10287894,Matched paid campaign,true,134860,5176,1782,870,0,5518,12,0,0,0,0,13.032045881900023,3.8896421825999994,0.0,3.8896421825999994,-9.1424036993000239,0.29846750217494661,0.0073131570605499572,0.0021827397208754205,0.038380542785110487,0.34428129829984544,0.0,0.0,
2026-07-17,mock_app_id,googleadwords_int,514288304,mock_campaign_c95b5395,Installs without cost,true,0,0,6,0,0,0,0,0,0,0,0,0.0,0.0,0.0,0.0,0.0,,0.0,0.0,,,0.0,,
2026-07-17,mock_app_id,googleadwords_int,516932962,mock_campaign_60e17b09,Other,true,1,0,0,0,0,0,0,0,0,0,0,0.0,0.0,0.0,0.0,0.0,,,,0.0,,,,
2026-07-17,mock_app_id,googleadwords_int,525989111,mock_campaign_c82cc8f4,Matched paid campaign,true,312,15,5,5,0,77,0,0,0,0,0,0.1538096425,0.12443327809999997,0.0,0.12443327809999997,-0.029376364400000035,0.809008304534613,0.0307619285,0.024886655619999996,0.04807692307692308,0.33333333333333331,0.0,,
2026-07-17,mock_app_id,googleadwords_int,529859974,mock_campaign_d2ea5396,Matched paid campaign,true,10817,355,119,100,0,1543,1,0,0,0,0,3.2621184178000004,2.2368142581,0.0,2.2368142581,-1.0253041597000006,0.68569376448587849,0.027412759813445382,0.01879675847142857,0.032818711287787738,0.3352112676056338,0.0,0.0,
2026-07-17,mock_app_id,googleadwords_int,571438578,mock_campaign_756e1c81,Matched paid campaign,true,60,5,3,1,0,10,0,0,0,0,0,0.040685,0.0341239593,0.0,0.0341239593,-0.0065610406999999996,0.8387356347548236,0.013561666666666666,0.0113746531,0.083333333333333329,0.6,0.0,,
2026-07-17,mock_app_id,googleadwords_int,585166272,mock_campaign_60587c25,Matched paid campaign,true,396,17,7,5,0,92,0,0,0,0,0,1.0587578522117318,1.2836529784000001,0.0,1.2836529784000001,0.22489512618826835,1.2124141282338217,0.15125112174453312,0.18337899691428575,0.042929292929292928,0.41176470588235292,0.0,,
2026-07-17,mock_app_id,googleadwords_int,590094865,mock_campaign_23f341fc,Matched paid campaign,true,19,4,1,1,0,8,0,0,0,0,0,0.033849920000000006,0.0160103752,0.0,0.0160103752,-0.017839544800000006,0.47298118282111146,0.033849920000000006,0.0160103752,0.21052631578947367,0.25,0.0,,
2026-07-17,mock_app_id,googleadwords_int,611748075,mock_campaign_628993e1,Matched paid campaign,true,102,5,1,1,0,11,0,0,0,0,0,0.12768824510000001,0.039350771000000007,0.0,0.039350771000000007,-0.088337474100000007,0.30817849340150422,0.12768824510000001,0.039350771000000007,0.049019607843137254,0.2,0.0,,
2026-07-17,mock_app_id,googleadwords_int,611892113,mock_campaign_9bfd19ea,Matched paid campaign,true,3499,133,57,48,0,455,0,0,0,0,0,1.3326111365999982,1.1450628495999997,0.0,1.1450628495999997,-0.18754828699999848,0.859262554657538,0.023379142747368388,0.020088821922807011,0.038010860245784511,0.42857142857142855,0.0,,
2026-07-17,mock_app_id,googleadwords_int,654635500,mock_campaign_67ff1f36,Matched paid campaign,true,3826,186,102,72,0,631,3,0,0,0,0,2.9719554388999985,1.1789575069,0.0,1.1789575069,-1.7929979319999985,0.39669420727800825,0.029136818028431356,0.011558406930392158,0.048614741244119186,0.54838709677419351,0.0,0.0,
2026-07-17,mock_app_id,googleadwords_int,660741874,mock_campaign_7e7497dd,Cost without installs,true,111,1,0,0,0,0,0,0,0,0,0,0.015278844899999998,0.0,0.0,0.0,-0.015278844899999998,0.0,,,0.0090090090090090089,0.0,,,
2026-07-17,mock_app_id,googleadwords_int,739276167,mock_campaign_1fbdf2e3,Matched paid campaign,true,7721,167,88,80,2,961,4,2,0,0,0,52.979526994672469,56.4921515631,59.847822,116.3399735631,63.360446568427534,2.1959420961761125,0.60204007948491445,1.3220451541261364,0.021629322626602773,0.52694610778443118,0.022727272727272728,0.5,29.923911
2026-07-17,mock_app_id,googleadwords_int,742036733,mock_campaign_e0586969,Matched paid campaign,true,53,2,2,2,0,2,0,0,0,0,0,0.4297200356521314,0.4014275463,0.0,0.4014275463,-0.028292489352131411,0.934160646456255,0.2148600178260657,0.20071377315,0.037735849056603772,1.0,0.0,,
2026-07-17,mock_app_id,googleadwords_int,788967442,mock_campaign_475f8981,Cost without installs,true,103,1,0,0,0,0,0,0,0,0,0,0.0035664470999999995,0.0,0.0,0.0,-0.0035664470999999995,0.0,,,0.0097087378640776691,0.0,,,
2026-07-17,mock_app_id,googleadwords_int,792104306,mock_campaign_6fcee95d,Matched paid campaign,true,35426,1434,647,455,2,5311,9,2,0,0,0,34.27577559089994,11.459716498599992,77.9249661905,89.384682689099989,55.108907098200049,2.6078091931734786,0.052976469228593413,0.13815252347619783,0.040478744424998589,0.4511854951185495,0.0030911901081916537,0.22222222222222221,38.96248309525
2026-07-17,mock_app_id,googleadwords_int,810543724,mock_campaign_c492b014,Matched paid campaign,true,269,6,3,3,0,13,0,0,0,0,0,0.784357978,1.2038915516,0.0,1.2038915516,0.4195335736,1.5348751276422918,0.26145265933333334,0.40129718386666663,0.022304832713754646,0.5,0.0,,
2026-07-17,mock_app_id,googleadwords_int,834117318,mock_campaign_ae804aae,Installs without cost,true,0,0,5,0,0,0,0,0,0,0,0,0.0,0.0,0.0,0.0,0.0,,0.0,0.0,,,0.0,,
2026-07-17,mock_app_id,googleadwords_int,900383572,mock_campaign_45368c6d,Matched paid campaign,true,12875,327,145,120,0,1471,0,0,0,0,0,3.7257207379999979,4.3985805193999994,0.0,4.3985805193999994,0.67285978140000147,1.1805985549419356,0.02569462577931033,0.030335038064827582,0.025398058252427184,0.44342507645259938,0.0,,
2026-07-17,mock_app_id,googleadwords_int,972671114,mock_campaign_9911559c,Matched paid campaign,true,569,16,7,6,0,50,0,0,0,0,0,0.2508531319,0.25221691319999995,0.0,0.25221691319999995,0.0013637812999999221,1.0054365727454564,0.0358361617,0.036030987599999995,0.028119507908611598,0.4375,0.0,,
2026-07-17,mock_app_id,googleadwords_int,974591165,mock_campaign_674dbd59,Matched paid campaign,true,1693,86,38,28,0,256,0,0,0,0,0,0.75295648129999992,0.38584265370000004,0.0,0.38584265370000004,-0.36711382759999989,0.51243685828141372,0.019814644244736841,0.010153754044736844,0.050797401063201415,0.44186046511627908,0.0,,
2026-07-17,mock_app_id,googleadwords_int,989105150,mock_campaign_58ab9c06,Other,true,2,0,0,0,0,0,0,0,0,0,0,0.0,0.0,0.0,0.0,0.0,,,,0.0,,,,
2026-07-17,mock_app_id,googleadwords_int,998337322,mock_campaign_fe944d1c,Matched paid campaign,true,27420,982,400,329,0,3640,8,0,0,0,0,18.712064085299993,15.141357563099994,0.0,15.141357563099994,-3.5707065221999983,0.80917623486523282,0.046780160213249981,0.037853393907749985,0.035813274981765134,0.40733197556008149,0.0,0.0,
2026-07-18,mock_app_id,other,,,Unattributed,false,0,0,1381,214,0,3181,1,0,0,0,0,0.0,17.113598078,0.0,17.113598078,17.113598078,,0.0,0.012392178188269369,,,0.0,0.0,
2026-07-18,mock_app_id,googleadwords_int,,,Unattributed,false,0,0,991,40,0,928,2,0,0,0,0,0.0,4.3190356556,0.0,4.3190356556,4.3190356556,,0.0,0.0043582599955600395,,,0.0,0.0,
2026-07-18,mock_app_id,unknown,,,Unattributed,false,0,0,4690,11,0,86,0,0,0,0,0,0.0,0.18280465,0.0,0.18280465,0.18280465,,0.0,3.8977537313432838e-05,,,0.0,,
2026-07-18,mock_app_id,googleadwords_int,140410898,mock_campaign_a2e93e84,Matched paid campaign,true,7930,204,88,77,0,3471,5,0,0,0,0,35.750317163699989,28.842381365099996,0.0,28.842381365099996,-6.9079357985999934,0.80677274086915951,0.40625360413295442,0.32775433369431811,0.025725094577553596,0.43137254901960786,0.0,0.0,
2026-07-18,mock_app_id,googleadwords_int,148918961,mock_campaign_993fe179,Matched paid campaign,true,51039,1232,384,298,1,2985,6,1,0,0,0,27.727587495800016,4.2903079366999988,18.6724898904,22.9627978271,-4.7647896687000149,0.82815707751632728,0.072207259103645879,0.059798952674739586,0.024138403965594937,0.31168831168831168,0.0026041666666666665,0.16666666666666666,18.6724898904
2026-07-18,mock_app_id,googleadwords_int,161332031,mock_campaign_12520749,Matched paid campaign,true,16477,595,201,101,0,574,3,0,0,0,0,1.7212220511000007,0.4143079492,0.0,0.4143079492,-1.3069141019000008,0.24070569450073195,0.0085632937865671669,0.0020612335781094527,0.03611094252594526,0.33781512605042019,0.0,0.0,
2026-07-18,mock_app_id,googleadwords_int,161694703,mock_campaign_2c0c0430,Matched paid campaign,true,75900,3422,1108,835,2,42560,63,2,0,0,0,43.060308286499996,19.92330937020003,70.932509982,90.855819352200029,47.795511065700033,2.1099667644665838,0.038863094121389885,0.081999836960469336,0.045085638998682474,0.32378725891291643,0.0018050541516245488,0.031746031746031744,35.466254991
2026-07-18,mock_app_id,googleadwords_int,180761354,mock_campaign_07fb7039,Matched paid campaign,true,2140,96,43,30,0,294,1,0,0,0,0,0.65278431540000015,0.46855570680000008,0.0,0.46855570680000008,-0.18422860860000007,0.71778027710866166,0.015181030590697678,0.010896644344186048,0.044859813084112146,0.44791666666666669,0.0,0.0,
2026-07-18,mock_app_id,googleadwords_int,232552584,mock_campaign_a5da28b5,Matched paid campaign,true,2759,62,31,22,0,156,0,0,0,0,0,15.484166772617893,9.1894075878,0.0,9.1894075878,-6.2947591848178934,0.59347123566574422,0.49948925072960948,0.29643250283225808,0.02247191011235955,0.5,0.0,,
2026-07-18,mock_app_id,googleadwords_int,243641668,mock_campaign_1e8723bd,Matched paid campaign,true,25585,699,297,220,0,2062,4,0,0,0,0,10.672292006629657,9.0424326492,0.0,9.0424326492,-1.6298593574296572,0.8472812253996439,0.035933643119965178,0.030445901175757576,0.027320695720148523,0.42489270386266093,0.0,0.0,
2026-07-18,mock_app_id,googleadwords_int,258346999,mock_campaign_8ba2a925,Other,true,43,0,0,0,0,0,0,0,0,0,0,0.0,0.0,0.0,0.0,0.0,,,,0.0,,,,
2026-07-18,mock_app_id,googleadwords_int,262368493,mock_campaign_c13d8f45,Installs without cost,true,0,0,17,0,0,0,0,0,0,0,0,0.0,0.0,0.0,0.0,0.0,,0.0,0.0,,,0.0,,
2026-07-18,mock_app_id,googleadwords_int,280939212,mock_campaign_45884f7b,Matched paid campaign,true,1055,22,5,5,0,77,0,0,0,0,0,1.4718197463000002,0.5746639334,0.0,0.5746639334,-0.89715581290000024,0.39044450575190648,0.29436394926000004,0.11493278668,0.020853080568720379,0.22727272727272727,0.0,,
2026-07-18,mock_app_id,googleadwords_int,351751429,mock_campaign_b7e37028,Matched paid campaign,true,4563,94,48,40,0,583,4,0,0,0,0,16.484938725491908,17.0886665811,0.0,17.0886665811,0.60372785560809206,1.0366229966432634,0.3434362234477481,0.35601388710625,0.020600482138943676,0.51063829787234039,0.0,0.0,
2026-07-18,mock_app_id,googleadwords_int,369626124,mock_campaign_617ec63b,Matched paid campaign,true,351,4,4,3,0,21,0,0,0,0,0,0.0787539545,0.0790123736,0.0,0.0790123736,0.00025841910000000412,1.0032813476052178,0.019688488625,0.0197530934,0.011396011396011397,1.0,0.0,,
2026-07-18,mock_app_id,googleadwords_int,369804654,mock_campaign_92e554bf,Matched paid campaign,true,2020,41,19,16,0,133,0,0,0,0,0,0.813089725,1.6311716245,0.0,1.6311716245,0.8180818995000001,2.0061397584380987,0.042794196052631579,0.08585113813157895,0.020297029702970298,0.46341463414634149,0.0,,
2026-07-18,mock_app_id,googleadwords_int,432166127,mock_campaign_f8b84857,Matched paid campaign,true,4518,111,69,59,0,395,0,0,0,0,0,4.2535134101000009,6.1641371288,0.0,6.1641371288,1.9106237186999993,1.4491871858598608,0.061645121885507262,0.089335320707246382,0.024568393094289508,0.6216216216216216,0.0,,
2026-07-18,mock_app_id,googleadwords_int,434877610,mock_campaign_0dfbbe6f,Matched paid campaign,true,1613,44,13,11,0,83,0,0,0,0,0,0.49199231319999992,0.51813079919999994,0.0,0.51813079919999994,0.026138486000000016,1.0531278341118604,0.037845562553846149,0.03985621532307692,0.027278363298202109,0.29545454545454547,0.0,,
2026-07-18,mock_app_id,googleadwords_int,464541057,mock_campaign_d8ff83e7,Matched paid campaign,true,2602,44,20,12,0,154,0,0,0,0,0,2.6083088404,2.5842717570000002,0.0,2.5842717570000002,-0.024037083399999659,0.99078441823004615,0.13041544202,0.12921358785,0.016910069177555727,0.45454545454545453,0.0,,
2026-07-18,mock_app_id,googleadwords_int,502057685,mock_campaign_befecb98,Matched paid campaign,true,7960,181,72,57,0,332,0,0,0,0,0,2.4409559751,1.1410500646000001,0.0,1.1410500646000001,-1.2999059105,0.46746032138218063,0.033902166320833337,0.01584791756388889,0.022738693467336684,0.39779005524861877,0.0,,
2026-07-18,mock_app_id,googleadwords_int,510225620,mock_campaign_10287894,Matched paid campaign,true,147912,5542,1949,1046,0,6565,14,0,0,0,0,15.742824777000038,5.2955080314000078,0.0,5.2955080314000078,-10.44731674560003,0.33637597485913978,0.0080773857244741086,0.0027170384973832775,0.037468224349613284,0.3516780945507037,0.0,0.0,
2026-07-18,mock_app_id,googleadwords_int,516932962,mock_campaign_60e17b09,Other,true,1,0,0,0,0,0,0,0,0,0,0,0.0,0.0,0.0,0.0,0.0,,,,0.0,,,,
2026-07-18,mock_app_id,googleadwords_int,525989111,mock_campaign_c82cc8f4,Matched paid campaign,true,351,14,7,6,0,44,0,0,0,0,0,0.10440015110000002,0.0787130071,0.0,0.0787130071,-0.025687144000000023,0.75395491549245452,0.014914307300000002,0.0112447153,0.039886039886039885,0.5,0.0,,
2026-07-18,mock_app_id,googleadwords_int,529859974,mock_campaign_d2ea5396,Matched paid campaign,true,11185,353,145,121,0,1559,1,0,0,0,0,2.7967487412000014,3.2893397377999984,0.0,3.2893397377999984,0.49259099659999706,1.1761298715696,0.019287922353103459,0.02268510163999999,0.031560125167635227,0.41076487252124644,0.0,0.0,
2026-07-18,mock_app_id,googleadwords_int,571438578,mock_campaign_756e1c81,Matched paid campaign,true,44,1,1,1,0,8,0,0,0,0,0,0.008137,0.0053924187,0.0,0.0053924187,-0.0027445813,0.66270353938798088,0.008137,0.0053924187,0.022727272727272728,1.0,0.0,,
2026-07-18,mock_app_id,googleadwords_int,585166272,mock_campaign_60587c25,Matched paid campaign,true,324,10,9,7,0,50,0,0,0,0,0,0.68322085344142525,1.9835259950000002,0.0,1.9835259950000002,1.3003051415585749,2.9031988485258586,0.075913428160158364,0.22039177722222225,0.030864197530864196,0.9,0.0,,
2026-07-18,mock_app_id,googleadwords_int,590094865,mock_campaign_23f341fc,Other,true,26,0,0,0,0,0,0,0,0,0,0,0.0,0.0,0.0,0.0,0.0,,,,0.0,,,,
2026-07-18,mock_app_id,googleadwords_int,611748075,mock_campaign_628993e1,Matched paid campaign,true,188,4,1,1,0,72,0,0,0,0,0,0.22796456459999997,0.22326116620000003,0.0,0.22326116620000003,-0.0047033983999999474,0.97936785303341856,0.22796456459999997,0.22326116620000003,0.021276595744680851,0.25,0.0,,
2026-07-18,mock_app_id,googleadwords_int,611892113,mock_campaign_9bfd19ea,Matched paid campaign,true,3859,174,65,53,1,510,5,1,0,0,0,1.6931209215999987,1.4333833626999999,7.1207736077,8.5541569704000011,6.8610360488000026,5.0523012628751438,0.026048014178461518,0.13160241492923078,0.045089401399326247,0.37356321839080459,0.015384615384615385,0.2,7.1207736077
2026-07-18,mock_app_id,googleadwords_int,654635500,mock_campaign_67ff1f36,Matched paid campaign,true,4002,195,119,92,0,770,1,0,0,0,0,2.4216639617999984,1.4630550414999997,0.0,1.4630550414999997,-0.95860892029999878,0.60415279104724573,0.020350117326050406,0.012294580180672266,0.048725637181409293,0.61025641025641031,0.0,0.0,
2026-07-18,mock_app_id,googleadwords_int,660741874,mock_campaign_7e7497dd,Cost without installs,true,89,1,0,0,0,0,0,0,0,0,0,0.0082802112,0.0,0.0,0.0,-0.0082802112,0.0,,,0.011235955056179775,0.0,,,
2026-07-18,mock_app_id,googleadwords_int,739276167,mock_campaign_1fbdf2e3,Matched paid campaign,true,7587,178,79,77,1,709,4,1,0,0,0,53.157848888682608,50.576065694500016,38.204261,88.780326694500019,35.622477805817411,1.6701263980868402,0.67288416314788113,1.1238016037278484,0.02346118360353236,0.4438202247191011,0.012658227848101266,0.25,38.204261
2026-07-18,mock_app_id,googleadwords_int,742036733,mock_campaign_e0586969,Cost without installs,true,33,1,0,0,0,0,0,0,0,0,0,0.1185894825640966,0.0,0.0,0.0,-0.1185894825640966,0.0,,,0.030303030303030304,0.0,,,
2026-07-18,mock_app_id,googleadwords_int,788967442,mock_campaign_475f8981,Matched paid campaign,true,136,4,2,1,0,1,0,0,0,0,0,0.1305638609,0.3091640649,0.0,0.3091640649,0.17860020399999998,2.3679145421166079,0.06528193045,0.15458203245,0.029411764705882353,0.5,0.0,,
2026-07-18,mock_app_id,googleadwords_int,792104306,mock_campaign_6fcee95d,Matched paid campaign,true,37042,1411,627,423,1,4841,3,1,0,0,0,29.629595785499976,10.5920504696,27.388195215400003,37.980245685,8.3506498995000236,1.2818347560308816,0.047256133629186563,0.0605745545215311,0.038091895685978081,0.44436569808646348,0.001594896331738437,0.33333333333333331,27.388195215400003
2026-07-18,mock_app_id,googleadwords_int,810543724,mock_campaign_c492b014,Matched paid campaign,true,300,6,2,2,0,5,0,0,0,0,0,0.69302178040000006,0.20316029810000003,0.0,0.20316029810000003,-0.48986148230000004,0.29315138982030181,0.34651089020000003,0.10158014905000001,0.02,0.33333333333333331,0.0,,
2026-07-18,mock_app_id,googleadwords_int,834117318,mock_campaign_ae804aae,Installs without cost,true,0,0,8,0,0,0,0,0,0,0,0,0.0,0.0,0.0,0.0,0.0,,0.0,0.0,,,0.0,,
2026-07-18,mock_app_id,googleadwords_int,848321939,mock_campaign_c41abc99,Other,true,2,0,0,0,0,0,0,0,0,0,0,0.0,0.0,0.0,0.0,0.0,,,,0.0,,,,
2026-07-18,mock_app_id,googleadwords_int,900383572,mock_campaign_45368c6d,Matched paid campaign,true,12942,321,146,117,0,1368,4,0,0,0,0,3.0502439569999966,4.8593399582,0.0,4.8593399582,1.809096001200003,1.5930987903601328,0.020892081897260252,0.033283150398630133,0.024802967083912841,0.45482866043613707,0.0,0.0,
2026-07-18,mock_app_id,googleadwords_int,972671114,mock_campaign_9911559c,Matched paid campaign,true,636,10,7,6,0,118,0,0,0,0,0,0.127295228,0.4664779759,0.0,0.4664779759,0.3391827479,3.664536237760617,0.018185032571428571,0.06663971084285715,0.015723270440251572,0.7,0.0,,
2026-07-18,mock_app_id,googleadwords_int,974591165,mock_campaign_674dbd59,Matched paid campaign,true,924,50,23,18,0,210,0,0,0,0,0,0.33401652670000015,0.39722622410000008,0.0,0.39722622410000008,0.063209697399999931,1.18924122714674,0.014522457682608703,0.017270705395652178,0.054112554112554112,0.46,0.0,,
2026-07-18,mock_app_id,googleadwords_int,989105150,mock_campaign_58ab9c06,Other,true,6,0,0,0,0,0,0,0,0,0,0,0.0,0.0,0.0,0.0,0.0,,,,0.0,,,,
2026-07-18,mock_app_id,googleadwords_int,998337322,mock_campaign_fe944d1c,Matched paid campaign,true,30021,1080,485,383,0,4399,9,0,0,0,0,22.3410310111,20.477606190400017,0.0,20.477606190400017,-1.8634248206999828,0.9165918162069534,0.046063981466185566,0.042221868433814466,0.035974817627660638,0.44907407407407407,0.0,0.0,
2026-07-19,mock_app_id,unknown,,,Unattributed,false,0,0,4626,12,0,196,0,0,0,0,0,0.0,2.250904866,0.0,2.250904866,2.250904866,,0.0,0.00048657692736705577,,,0.0,,
2026-07-19,mock_app_id,other,,,Unattributed,false,0,0,2053,208,0,3513,1,0,0,0,0,0.0,16.35068994160001,0.0,16.35068994160001,16.35068994160001,,0.0,0.0079642912526059467,,,0.0,0.0,
2026-07-19,mock_app_id,googleadwords_int,,,Unattributed,false,0,0,1286,36,0,375,2,0,0,0,0,0.0,0.74630284990000006,0.0,0.74630284990000006,0.74630284990000006,,0.0,0.00058032881018662522,,,0.0,0.0,
2026-07-19,mock_app_id,googleadwords_int,140410898,mock_campaign_a2e93e84,Matched paid campaign,true,9785,257,102,84,0,1982,7,0,0,0,0,46.325250243300012,43.487956156699994,0.0,43.487956156699994,-2.8372940866000178,0.93875275208016018,0.45416912003235305,0.426352511340196,0.026264690853346959,0.39688715953307391,0.0,0.0,
2026-07-19,mock_app_id,googleadwords_int,148918961,mock_campaign_993fe179,Matched paid campaign,true,59097,1198,320,238,0,2606,5,0,0,0,0,25.155600595999989,3.8037838704000007,0.0,3.8037838704000007,-21.351816725599988,0.15121021880927951,0.078611251862499967,0.011886824595000001,0.020271756603550097,0.26711185308848079,0.0,0.0,
2026-07-19,mock_app_id,googleadwords_int,161332031,mock_campaign_12520749,Matched paid campaign,true,10147,433,156,78,0,453,0,0,0,0,0,1.3939218042,0.30952585250000003,0.0,0.30952585250000003,-1.0843959517,0.22205395709240894,0.00893539618076923,0.0019841400801282054,0.042672711146151572,0.36027713625866054,0.0,,
2026-07-19,mock_app_id,googleadwords_int,161694703,mock_campaign_2c0c0430,Matched paid campaign,true,80131,3842,1232,914,1,55310,64,1,0,0,0,46.796908193499988,22.137370500399975,35.4960667988,57.633437299199976,10.836529105699988,1.2315650653862036,0.037984503403814922,0.0467803874181818,0.047946487626511589,0.32066631962519521,0.00081168831168831174,0.015625,35.4960667988
2026-07-19,mock_app_id,googleadwords_int,180761354,mock_campaign_07fb7039,Matched paid campaign,true,1279,66,31,24,0,288,0,0,0,0,0,0.4372815663,0.5013471667,0.0,0.5013471667,0.064065600400000033,1.1465088065387312,0.014105856977419354,0.016172489248387097,0.051602814698983583,0.46969696969696972,0.0,,
2026-07-19,mock_app_id,googleadwords_int,232552584,mock_campaign_a5da28b5,Matched paid campaign,true,2629,52,20,16,0,349,0,0,0,0,0,16.069927754395312,12.148832703599998,0.0,12.148832703599998,-3.921095050795314,0.75599796646734463,0.80349638771976561,0.60744163517999994,0.0197793837961202,0.38461538461538464,0.0,,
2026-07-19,mock_app_id,googleadwords_int,243641668,mock_campaign_1e8723bd,Matched paid campaign,true,26645,720,323,257,0,2360,5,0,0,0,0,12.123051609321282,10.166753859000002,0.0,10.166753859000002,-1.95629775032128,0.838629924761097,0.037532667521118522,0.031476018139318891,0.027021955338712704,0.44861111111111113,0.0,0.0,
2026-07-19,mock_app_id,googleadwords_int,258346999,mock_campaign_8ba2a925,Cost without installs,true,32,2,0,0,0,0,0,0,0,0,0,0.042082936599999995,0.0,0.0,0.0,-0.042082936599999995,0.0,,,0.0625,0.0,,,
2026-07-19,mock_app_id,googleadwords_int,262368493,mock_campaign_c13d8f45,Installs without cost,true,0,0,20,0,0,0,0,0,0,0,0,0.0,0.0,0.0,0.0,0.0,,0.0,0.0,,,0.0,,
2026-07-19,mock_app_id,googleadwords_int,280939212,mock_campaign_45884f7b,Matched paid campaign,true,1095,31,8,5,0,15,0,0,0,0,0,1.0421397654000002,1.1110420762,0.0,1.1110420762,0.068902310799999755,1.0661161900616596,0.13026747067500002,0.138880259525,0.028310502283105023,0.25806451612903225,0.0,,
2026-07-19,mock_app_id,googleadwords_int,351751429,mock_campaign_b7e37028,Matched paid campaign,true,4594,116,49,44,1,492,1,1,0,0,0,18.234842573112022,16.635937807900007,27.2625772103,43.898515018200008,25.663672445087986,2.4073975326186834,0.37213964434922492,0.89588806159591849,0.025250326512842838,0.42241379310344829,0.020408163265306121,1.0,27.2625772103
2026-07-19,mock_app_id,googleadwords_int,369626124,mock_campaign_617ec63b,Matched paid campaign,true,278,7,1,1,0,4,0,0,0,0,0,0.1284254573,0.0053592973,0.0,0.0053592973,-0.12306616,0.041730801763709205,0.1284254573,0.0053592973,0.025179856115107913,0.14285714285714285,0.0,,
2026-07-19,mock_app_id,googleadwords_int,369804654,mock_campaign_92e554bf,Matched paid campaign,true,1986,41,12,12,0,108,0,0,0,0,0,0.6640792851,0.7556239762,0.0,0.7556239762,0.091544691099999964,1.1378520504313197,0.055339940425000005,0.062968664683333328,0.020644511581067473,0.29268292682926828,0.0,,
2026-07-19,mock_app_id,googleadwords_int,432166127,mock_campaign_f8b84857,Matched paid campaign,true,5262,146,69,62,0,649,0,0,0,0,0,6.1725923121000008,7.2507903895000014,0.0,7.2507903895000014,1.0781980774000006,1.17467508347934,0.089457859595652181,0.10508391868840582,0.02774610414291144,0.4726027397260274,0.0,,
2026-07-19,mock_app_id,googleadwords_int,434877610,mock_campaign_0dfbbe6f,Matched paid campaign,true,1741,53,20,17,0,172,0,0,0,0,0,0.64630970449999992,0.44873254890000003,0.0,0.44873254890000003,-0.19757715559999989,0.69429956841998819,0.032315485224999996,0.022436627445000003,0.030442274554853533,0.37735849056603776,0.0,,
2026-07-19,mock_app_id,googleadwords_int,464541057,mock_campaign_d8ff83e7,Matched paid campaign,true,3025,73,26,25,0,118,0,0,0,0,0,5.0495121803000025,3.7541247006,0.0,3.7541247006,-1.2953874797000027,0.7434628468164145,0.19421200693461549,0.14438941156153845,0.024132231404958678,0.35616438356164382,0.0,,
2026-07-19,mock_app_id,googleadwords_int,502057685,mock_campaign_befecb98,Matched paid campaign,true,8365,186,70,55,0,571,0,0,0,0,0,2.8034259634000009,1.6722931165,0.0,1.6722931165,-1.131132846900001,0.59651766742997536,0.040048942334285728,0.023889901664285711,0.022235505080693364,0.37634408602150538,0.0,,
2026-07-19,mock_app_id,googleadwords_int,510225620,mock_campaign_10287894,Matched paid campaign,true,196307,7588,2542,1341,1,8695,17,1,0,0,0,21.600283284600067,5.4706769247999993,41.6504445797,47.121121504499996,25.520838219899929,2.1815047924901534,0.0084973577044060063,0.018537026555664828,0.038653741333727273,0.3350026357406431,0.00039339103068450039,0.058823529411764705,41.6504445797
2026-07-19,mock_app_id,googleadwords_int,525989111,mock_campaign_c82cc8f4,Matched paid campaign,true,352,16,9,6,0,119,0,0,0,0,0,0.166914281,0.1334575857,0.0,0.1334575857,-0.033456695300000006,0.79955762263385954,0.018546031222222221,0.014828620633333333,0.045454545454545456,0.5625,0.0,,
2026-07-19,mock_app_id,googleadwords_int,529859974,mock_campaign_d2ea5396,Matched paid campaign,true,12495,407,140,112,0,1067,0,0,0,0,0,3.4922653258000009,2.616337093899999,0.0,2.616337093899999,-0.87592823190000191,0.7491805031453771,0.024944752327142865,0.018688122099285706,0.032573029211684673,0.343980343980344,0.0,,
2026-07-19,mock_app_id,googleadwords_int,571438578,mock_campaign_756e1c81,Matched paid campaign,true,47,1,1,1,0,19,0,0,0,0,0,0.008137,0.017323766100000006,0.0,0.017323766100000006,0.0091867661000000055,2.12901144156323,0.008137,0.017323766100000006,0.021276595744680851,1.0,0.0,,
2026-07-19,mock_app_id,googleadwords_int,585166272,mock_campaign_60587c25,Matched paid campaign,true,411,9,4,4,0,22,0,0,0,0,0,0.67407626233311024,0.88715032950000006,0.0,0.88715032950000006,0.21307406716688981,1.3160978646976806,0.16851906558327756,0.22178758237500001,0.021897810218978103,0.44444444444444442,0.0,,
2026-07-19,mock_app_id,googleadwords_int,590094865,mock_campaign_23f341fc,Cost without installs,true,15,0,0,0,0,0,0,0,0,0,0,8.1369999999999993e-07,0.0,0.0,0.0,-8.1369999999999993e-07,0.0,,,0.0,,,,
2026-07-19,mock_app_id,googleadwords_int,611748075,mock_campaign_628993e1,Matched paid campaign,true,352,5,2,2,0,98,0,0,0,0,0,0.34905044789999995,1.0248334414999996,0.0,1.0248334414999996,0.6757829935999996,2.9360610985195064,0.17452522394999997,0.51241672074999978,0.014204545454545454,0.4,0.0,,
2026-07-19,mock_app_id,googleadwords_int,611892113,mock_campaign_9bfd19ea,Matched paid campaign,true,4254,144,66,49,0,470,0,0,0,0,0,1.4099809873999984,1.2081017911000009,0.0,1.2081017911000009,-0.20187919629999751,0.85682133439808839,0.02136334829393937,0.018304572592424257,0.033850493653032443,0.45833333333333331,0.0,,
2026-07-19,mock_app_id,googleadwords_int,654635500,mock_campaign_67ff1f36,Matched paid campaign,true,4604,196,99,77,0,632,0,0,0,0,0,2.5000639567999992,1.0379163945000003,0.0,1.0379163945000003,-1.4621475622999989,0.41515593698190811,0.025253171280808073,0.010484003984848488,0.042571676802780192,0.50510204081632648,0.0,,
2026-07-19,mock_app_id,googleadwords_int,660741874,mock_campaign_7e7497dd,Matched paid campaign,true,135,3,3,2,0,27,0,0,0,0,0,0.0341192547,0.2289236517,0.0,0.2289236517,0.19480439700000002,6.7095150146993108,0.011373084899999998,0.0763078839,0.022222222222222223,1.0,0.0,,
2026-07-19,mock_app_id,googleadwords_int,739276167,mock_campaign_1fbdf2e3,Matched paid campaign,true,5105,150,66,56,2,1477,4,2,0,0,0,45.291925216624669,45.886150614599991,59.847822,105.73397261459999,60.442047397975323,2.3344994082033348,0.68624129116097987,1.6020298881,0.029382957884427033,0.44,0.030303030303030304,0.5,29.923911
2026-07-19,mock_app_id,googleadwords_int,742036733,mock_campaign_e0586969,Cost without installs,true,42,1,0,0,0,0,0,0,0,0,0,0.13812679561701696,0.0,0.0,0.0,-0.13812679561701696,0.0,,,0.023809523809523808,0.0,,,
2026-07-19,mock_app_id,googleadwords_int,788967442,mock_campaign_475f8981,Matched paid campaign,true,148,4,1,1,0,7,0,0,0,0,0,0.11458116549999998,0.022075413100000003,0.0,0.022075413100000003,-0.092505752399999974,0.19266179571196634,0.11458116549999998,0.022075413100000003,0.027027027027027029,0.25,0.0,,
2026-07-19,mock_app_id,googleadwords_int,792104306,mock_campaign_6fcee95d,Matched paid campaign,true,39357,1443,626,418,0,5448,7,0,0,0,0,30.887889260000016,10.020381475100006,0.0,10.020381475100006,-20.86750778490001,0.32441133774966147,0.04934167613418533,0.016006999161501608,0.036664379907005107,0.43381843381843382,0.0,0.0,
2026-07-19,mock_app_id,googleadwords_int,810543724,mock_campaign_c492b014,Matched paid campaign,true,321,14,4,4,0,13,0,0,0,0,0,2.0331002419000006,1.5173550290000002,0.0,1.5173550290000002,-0.51574521290000042,0.74632573334504193,0.50827506047500015,0.37933875725000005,0.043613707165109032,0.2857142857142857,0.0,,
2026-07-19,mock_app_id,googleadwords_int,834117318,mock_campaign_ae804aae,Installs without cost,true,0,0,3,0,0,0,0,0,0,0,0,0.0,0.0,0.0,0.0,0.0,,0.0,0.0,,,0.0,,
2026-07-19,mock_app_id,googleadwords_int,848321939,mock_campaign_c41abc99,Other,true,2,0,0,0,0,0,0,0,0,0,0,0.0,0.0,0.0,0.0,0.0,,,,0.0,,,,
2026-07-19,mock_app_id,googleadwords_int,900383572,mock_campaign_45368c6d,Matched paid campaign,true,14563,391,179,148,0,2210,2,0,0,0,0,4.8434092936000033,5.8760624784000006,0.0,5.8760624784000006,1.0326531847999973,1.2132079124852255,0.027058152478212309,0.032827164683798885,0.026848863558332763,0.4578005115089514,0.0,0.0,
2026-07-19,mock_app_id,googleadwords_int,972671114,mock_campaign_9911559c,Matched paid campaign,true,763,16,8,7,0,264,1,0,0,0,0,0.41946235000000004,0.72381978880000009,0.0,0.72381978880000009,0.30435743880000005,1.725589409395146,0.052432793750000005,0.090477473600000011,0.020969855832241154,0.5,0.0,0.0,
2026-07-19,mock_app_id,googleadwords_int,974591165,mock_campaign_674dbd59,Matched paid campaign,true,1957,93,48,35,0,317,0,0,0,0,0,0.64938549049999994,0.6505628954,0.0,0.6505628954,0.0011774049000000675,1.0018131062631128,0.013528864385416665,0.013553393654166667,0.047521716913643333,0.5161290322580645,0.0,,
2026-07-19,mock_app_id,googleadwords_int,989105150,mock_campaign_58ab9c06,Other,true,2,0,0,0,0,0,0,0,0,0,0,0.0,0.0,0.0,0.0,0.0,,,,0.0,,,,
2026-07-19,mock_app_id,googleadwords_int,998337322,mock_campaign_fe944d1c,Matched paid campaign,true,31744,1111,494,411,0,5163,4,0,0,0,0,21.640195269599996,25.746674427299986,0.0,25.746674427299986,4.10647915769999,1.1897616498622239,0.043806063298785419,0.052118774144331956,0.034998739919354836,0.44464446444644462,0.0,0.0,
2026-07-20,mock_app_id,other,,,Unattributed,false,0,0,1467,193,0,2851,2,0,0,0,0,0.0,13.814721924799997,0.0,13.814721924799997,13.814721924799997,,0.0,0.0094169883604635282,,,0.0,0.0,
2026-07-20,mock_app_id,googleadwords_int,,,Unattributed,false,0,0,1450,29,0,470,1,0,0,0,0,0.0,1.7583654438999998,0.0,1.7583654438999998,1.7583654438999998,,0.0,0.0012126658233793102,,,0.0,0.0,
2026-07-20,mock_app_id,unknown,,,Unattributed,false,0,0,4518,5,0,17,0,0,0,0,0,0.0,0.0181161319,0.0,0.0181161319,0.0181161319,,0.0,4.0097680168216018e-06,,,0.0,,
2026-07-20,mock_app_id,googleadwords_int,140410898,mock_campaign_a2e93e84,Matched paid campaign,true,9048,221,103,89,1,2288,5,1,0,0,0,46.072695664700007,45.2378807392,38.204261,83.4421417392,37.36944607449999,1.811097452305829,0.44730772490000004,0.81011788096310677,0.02442528735632184,0.4660633484162896,0.0097087378640776691,0.2,38.204261
2026-07-20,mock_app_id,googleadwords_int,148918961,mock_campaign_993fe179,Matched paid campaign,true,13283,262,64,47,0,437,1,0,0,0,0,6.3652756584000016,0.72420960220000019,0.0,0.72420960220000019,-5.6410660562000015,0.11377505721127561,0.099457432162500026,0.011315775034375003,0.019724459835880448,0.24427480916030533,0.0,0.0,
2026-07-20,mock_app_id,googleadwords_int,161332031,mock_campaign_12520749,Matched paid campaign,true,3120,125,42,20,0,169,0,0,0,0,0,0.48683915110000014,0.1551113379,0.0,0.1551113379,-0.33172781320000011,0.3186090057661346,0.011591408359523813,0.003693127092857143,0.040064102564102567,0.336,0.0,,
2026-07-20,mock_app_id,googleadwords_int,161694703,mock_campaign_2c0c0430,Matched paid campaign,true,65998,2854,952,716,0,41563,39,0,0,0,0,37.8766747489,15.67973445500002,0.0,15.67973445500002,-22.196940293899981,0.41396808349590891,0.039786423055567226,0.016470309301470608,0.043243734658626021,0.33356692361597756,0.0,0.0,
2026-07-20,mock_app_id,googleadwords_int,180761354,mock_campaign_07fb7039,Matched paid campaign,true,1586,73,39,29,0,200,0,0,0,0,0,0.72842179889999981,0.21824964360000002,0.0,0.21824964360000002,-0.51017215529999982,0.29961986850143957,0.018677482023076918,0.0055961447076923083,0.046027742749054225,0.53424657534246578,0.0,,
2026-07-20,mock_app_id,googleadwords_int,232552584,mock_campaign_a5da28b5,Matched paid campaign,true,2787,57,17,16,0,266,1,0,0,0,0,17.726237770455818,9.2195200360000022,0.0,9.2195200360000022,-8.5067177344558154,0.520105854123547,1.0427198688503423,0.5423247080000001,0.020452099031216361,0.2982456140350877,0.0,0.0,
2026-07-20,mock_app_id,googleadwords_int,243641668,mock_campaign_1e8723bd,Matched paid campaign,true,23083,602,302,249,0,2136,1,0,0,0,0,9.1797374797747668,10.923846641899997,0.0,10.923846641899997,1.7441091621252305,1.1899955381042142,0.0303964817211085,0.036171677622185421,0.026079798986266951,0.50166112956810627,0.0,0.0,
2026-07-20,mock_app_id,googleadwords_int,258346999,mock_campaign_8ba2a925,Cost without installs,true,16,1,0,0,0,0,0,0,0,0,0,0.011972781799999999,0.0,0.0,0.0,-0.011972781799999999,0.0,,,0.0625,0.0,,,
2026-07-20,mock_app_id,googleadwords_int,262368493,mock_campaign_c13d8f45,Installs without cost,true,0,0,12,0,0,0,0,0,0,0,0,0.0,0.0,0.0,0.0,0.0,,0.0,0.0,,,0.0,,
2026-07-20,mock_app_id,googleadwords_int,280939212,mock_campaign_45884f7b,Matched paid campaign,true,1390,39,7,6,0,36,0,0,0,0,0,1.2775928110999994,0.39507842870000004,0.0,0.39507842870000004,-0.88251438239999946,0.30923657777930041,0.18251325872857135,0.056439775528571434,0.028057553956834531,0.17948717948717949,0.0,,
2026-07-20,mock_app_id,googleadwords_int,351751429,mock_campaign_b7e37028,Matched paid campaign,true,760,17,9,9,0,27,1,0,0,0,0,3.8802504901200208,4.0716965055,0.0,4.0716965055,0.19144601537997952,1.0493385712771492,0.43113894334666897,0.45241072283333339,0.022368421052631579,0.52941176470588236,0.0,0.0,
2026-07-20,mock_app_id,googleadwords_int,369626124,mock_campaign_617ec63b,Matched paid campaign,true,114,3,1,0,0,0,0,0,0,0,0,0.056308853699999994,0.0,0.0,0.0,-0.056308853699999994,0.0,0.056308853699999994,0.0,0.026315789473684209,0.33333333333333331,0.0,,
2026-07-20,mock_app_id,googleadwords_int,369804654,mock_campaign_92e554bf,Matched paid campaign,true,1968,20,7,7,0,107,0,0,0,0,0,0.4386420727,0.2480245083,0.0,0.2480245083,-0.1906175644,0.565437115444307,0.062663153242857136,0.035432072614285715,0.01016260162601626,0.35,0.0,,
2026-07-20,mock_app_id,googleadwords_int,432166127,mock_campaign_f8b84857,Matched paid campaign,true,5153,162,93,83,0,730,1,0,0,0,0,8.180774618900001,9.327024457000002,0.0,9.327024457000002,1.146249838100001,1.1401150736327372,0.0879653184827957,0.10029058555913981,0.031437997283136038,0.57407407407407407,0.0,0.0,
2026-07-20,mock_app_id,googleadwords_int,434877610,mock_campaign_0dfbbe6f,Matched paid campaign,true,1808,49,22,18,0,111,0,0,0,0,0,0.73090277019999994,0.48970754240000003,0.0,0.48970754240000003,-0.24119522779999991,0.6700036754081522,0.033222853190909091,0.022259433745454547,0.027101769911504425,0.44897959183673469,0.0,,
2026-07-20,mock_app_id,googleadwords_int,464541057,mock_campaign_d8ff83e7,Matched paid campaign,true,3637,75,20,18,0,99,0,0,0,0,0,6.6264074487000046,2.4867572597999996,0.0,2.4867572597999996,-4.1396501889000046,0.37527986002247138,0.33132037243500023,0.12433786298999998,0.020621391256530106,0.26666666666666666,0.0,,
2026-07-20,mock_app_id,googleadwords_int,502057685,mock_campaign_befecb98,Matched paid campaign,true,7046,176,88,76,0,614,0,0,0,0,0,3.0688182869000009,2.0765818422,0.0,2.0765818422,-0.99223644470000094,0.67667148982538194,0.0348729350784091,0.023597520934090909,0.024978711325574793,0.5,0.0,,
2026-07-20,mock_app_id,googleadwords_int,510225620,mock_campaign_10287894,Matched paid campaign,true,55863,1764,600,306,0,1959,3,0,0,0,0,5.2485814442000063,1.479247584399999,0.0,1.479247584399999,-3.7693338598000072,0.2818375974778205,0.0087476357403333434,0.0024654126406666653,0.031577251490252943,0.3401360544217687,0.0,0.0,
2026-07-20,mock_app_id,googleadwords_int,525989111,mock_campaign_c82cc8f4,Matched paid campaign,true,661,25,11,7,0,72,1,0,0,0,0,0.25137878209999986,0.15422852520000002,0.0,0.15422852520000002,-0.097150256899999843,0.61353040185645846,0.022852616554545443,0.01402077501818182,0.037821482602118005,0.44,0.0,0.0,
2026-07-20,mock_app_id,googleadwords_int,529859974,mock_campaign_d2ea5396,Matched paid campaign,true,14683,492,176,129,1,1707,2,1,0,0,0,5.1691032966999995,3.362312551500001,19.1492444176,22.5115569691,17.342453672399998,4.3550216888626645,0.029369905094886361,0.12790657368806818,0.03350813866376081,0.35772357723577236,0.005681818181818182,0.5,19.1492444176
2026-07-20,mock_app_id,googleadwords_int,571438578,mock_campaign_756e1c81,Matched paid campaign,true,462,12,5,3,0,14,1,0,0,0,0,0.090462283800000015,0.014254941,0.0,0.014254941,-0.076207342800000022,0.15757883176502335,0.018092456760000004,0.0028509882,0.025974025974025976,0.41666666666666669,0.0,0.0,
2026-07-20,mock_app_id,googleadwords_int,585166272,mock_campaign_60587c25,Matched paid campaign,true,495,15,4,3,0,23,0,0,0,0,0,1.0266933752192955,0.38556621739999997,0.0,0.38556621739999997,-0.64112715781929552,0.37554174080225788,0.25667334380482387,0.096391554349999992,0.030303030303030304,0.26666666666666666,0.0,,
2026-07-20,mock_app_id,googleadwords_int,590094865,mock_campaign_23f341fc,Cost without installs,true,39,0,0,0,0,0,0,0,0,0,0,4.8822e-05,0.0,0.0,0.0,-4.8822e-05,0.0,,,0.0,,,,
2026-07-20,mock_app_id,googleadwords_int,611748075,mock_campaign_628993e1,Matched paid campaign,true,224,5,1,1,0,2,0,0,0,0,0,0.29651634849999997,0.3131717543,0.0,0.3131717543,0.016655405800000023,1.0561702782469009,0.29651634849999997,0.3131717543,0.022321428571428572,0.2,0.0,,
2026-07-20,mock_app_id,googleadwords_int,611892113,mock_campaign_9bfd19ea,Matched paid campaign,true,4299,137,58,54,0,566,1,0,0,0,0,1.4324545676999996,1.1143809680999999,0.0,1.1143809680999999,-0.3180735995999997,0.77795205043695725,0.024697492546551715,0.019213464967241377,0.031867876250290764,0.42335766423357662,0.0,0.0,
2026-07-20,mock_app_id,googleadwords_int,654635500,mock_campaign_67ff1f36,Matched paid campaign,true,9161,444,227,186,0,1784,1,0,0,0,0,6.3355430603999991,2.4446179217000008,0.0,2.4446179217000008,-3.8909251386999983,0.38585767603411381,0.027909881323348013,0.010769241945814981,0.048466324637048357,0.51126126126126126,0.0,0.0,
2026-07-20,mock_app_id,googleadwords_int,660741874,mock_campaign_7e7497dd,Matched paid campaign,true,439,17,7,5,0,71,0,0,0,0,0,0.4628472066,0.21102408280000004,0.0,0.21102408280000004,-0.25182312379999994,0.45592601573670172,0.066121029514285709,0.030146297542857147,0.0387243735763098,0.41176470588235292,0.0,,
2026-07-20,mock_app_id,googleadwords_int,739276167,mock_campaign_1fbdf2e3,Matched paid campaign,true,6264,154,79,74,0,848,1,0,0,0,0,47.193637776041008,50.900279613999984,0.0,50.900279613999984,3.7066418379589763,1.0785411342001006,0.59738781994988621,0.64430733688607578,0.024584929757343551,0.512987012987013,0.0,0.0,
2026-07-20,mock_app_id,googleadwords_int,742036733,mock_campaign_e0586969,Matched paid campaign,true,55,3,3,3,0,63,0,0,0,0,0,1.4412476117873285,0.7417550269,0.0,0.7417550269,-0.69949258488732857,0.51466175612955933,0.48041587059577617,0.24725167563333331,0.054545454545454543,1.0,0.0,,
2026-07-20,mock_app_id,googleadwords_int,788967442,mock_campaign_475f8981,Cost without installs,true,131,0,0,0,0,0,0,0,0,0,0,0.005850503,0.0,0.0,0.0,-0.005850503,0.0,,,0.0,,,,
2026-07-20,mock_app_id,googleadwords_int,792104306,mock_campaign_6fcee95d,Matched paid campaign,true,34871,1550,743,560,0,6209,9,0,0,0,0,49.188834675100033,15.361529521800001,0.0,15.361529521800001,-33.827305153300031,0.31229708171102877,0.066203007638088868,0.020675006085868104,0.044449542599868087,0.47935483870967743,0.0,0.0,
2026-07-20,mock_app_id,googleadwords_int,810543724,mock_campaign_c492b014,Matched paid campaign,true,418,10,3,3,0,3,0,0,0,0,0,1.1904081109,0.86140226270000009,0.0,0.86140226270000009,-0.3290058481999999,0.723619282171005,0.39680270363333331,0.2871340875666667,0.023923444976076555,0.3,0.0,,
2026-07-20,mock_app_id,googleadwords_int,834117318,mock_campaign_ae804aae,Installs without cost,true,0,0,3,0,0,0,0,0,0,0,0,0.0,0.0,0.0,0.0,0.0,,0.0,0.0,,,0.0,,
2026-07-20,mock_app_id,googleadwords_int,848321939,mock_campaign_c41abc99,Cost without installs,true,7,0,0,0,0,0,0,0,0,0,0,0.0004670638,0.0,0.0,0.0,-0.0004670638,0.0,,,0.0,,,,
2026-07-20,mock_app_id,googleadwords_int,900383572,mock_campaign_45368c6d,Matched paid campaign,true,15018,401,190,143,0,1483,1,0,0,0,0,5.0043518303000063,5.3241554945999976,0.0,5.3241554945999976,0.3198036642999913,1.0639051120194361,0.026338693843684244,0.028021871024210512,0.0267012917831935,0.47381546134663344,0.0,0.0,
2026-07-20,mock_app_id,googleadwords_int,972671114,mock_campaign_9911559c,Matched paid campaign,true,752,23,12,9,0,73,1,0,0,0,0,0.4927750926,0.7644903202,0.0,0.7644903202,0.27171522759999994,1.5513980549754758,0.04106459105,0.063707526683333335,0.030585106382978722,0.52173913043478259,0.0,0.0,
2026-07-20,mock_app_id,googleadwords_int,974591165,mock_campaign_674dbd59,Matched paid campaign,true,2143,106,65,55,0,485,0,0,0,0,0,1.1210076378999996,0.6143994222,0.0,0.6143994222,-0.50660821569999959,0.5480778198362356,0.017246271352307687,0.0094522988030769223,0.049463369108726084,0.6132075471698113,0.0,,
2026-07-20,mock_app_id,googleadwords_int,989105150,mock_campaign_58ab9c06,Matched paid campaign,true,22,1,1,1,0,2,0,0,0,0,0,0.0031026381,0.0120447245,0.0,0.0120447245,0.0089420864,3.8820913402694304,0.0031026381,0.0120447245,0.045454545454545456,1.0,0.0,,
2026-07-20,mock_app_id,googleadwords_int,998337322,mock_campaign_fe944d1c,Matched paid campaign,true,24904,905,392,312,0,2713,0,0,0,0,0,16.183754160400003,14.3624989248,0.0,14.3624989248,-1.8212552356000025,0.887463982859031,0.041285087143877561,0.036639027869387754,0.036339543848377773,0.43314917127071823,0.0,,
2026-07-21,mock_app_id,other,,,Unattributed,false,0,0,1744,184,0,1765,2,0,0,0,0,0.0,10.243079577500005,0.0,10.243079577500005,10.243079577500005,,0.0,0.0058733254458142228,,,0.0,0.0,
2026-07-21,mock_app_id,unknown,,,Unattributed,false,0,0,4540,1,0,27,0,0,0,0,0,0.0,0.0321672489,0.0,0.0321672489,0.0321672489,,0.0,7.085297114537445e-06,,,0.0,,
2026-07-21,mock_app_id,googleadwords_int,,,Unattributed,false,0,0,2685,18,0,256,0,0,0,0,0,0.0,0.81446286940000012,0.0,0.81446286940000012,0.81446286940000012,,0.0,0.00030333812640595905,,,0.0,,
2026-07-21,mock_app_id,googleadwords_int,140410898,mock_campaign_a2e93e84,Matched paid campaign,true,10469,223,83,77,0,2015,7,0,0,0,0,45.81774799439998,28.749961194000004,0.0,28.749961194000004,-17.067786800399976,0.62748525304023961,0.55202106017349373,0.34638507462650608,0.02130098385710192,0.37219730941704038,0.0,0.0,
2026-07-21,mock_app_id,googleadwords_int,161694703,mock_campaign_2c0c0430,Matched paid campaign,true,46349,1924,696,395,1,23169,20,1,0,0,0,23.4979122409,8.561373613899999,44.9224694687,53.4838430826,29.985930841700004,2.2761104277812003,0.033761368162212646,0.076844602130172412,0.041511143713995988,0.36174636174636177,0.0014367816091954023,0.05,44.9224694687
2026-07-21,mock_app_id,googleadwords_int,180761354,mock_campaign_07fb7039,Matched paid campaign,true,2275,80,39,35,0,365,0,0,0,0,0,0.90113043759999989,0.62479317230000009,0.0,0.62479317230000009,-0.2763372652999998,0.69334376715098556,0.023105908656410254,0.016020337751282053,0.035164835164835165,0.4875,0.0,,
2026-07-21,mock_app_id,googleadwords_int,232552584,mock_campaign_a5da28b5,Matched paid campaign,true,2555,57,30,28,0,260,1,0,0,0,0,29.90462373115826,14.345754783200002,0.0,14.345754783200002,-15.558868947958258,0.47971694652198071,0.99682079103860866,0.47819182610666672,0.022309197651663407,0.52631578947368418,0.0,0.0,
2026-07-21,mock_app_id,googleadwords_int,243641668,mock_campaign_1e8723bd,Matched paid campaign,true,35189,826,340,251,0,2015,2,0,0,0,0,12.957133155332311,8.7193868959999943,0.0,8.7193868959999943,-4.237746259332317,0.67294105813921212,0.038109215162742092,0.025645255576470571,0.02347324447980903,0.41162227602905571,0.0,0.0,
2026-07-21,mock_app_id,googleadwords_int,258346999,mock_campaign_8ba2a925,Matched paid campaign,true,6,1,1,1,0,22,0,0,0,0,0,0.1012014964,0.023921294199999995,0.0,0.023921294199999995,-0.0772802022,0.23637292975837851,0.1012014964,0.023921294199999995,0.16666666666666666,1.0,0.0,,
2026-07-21,mock_app_id,googleadwords_int,262368493,mock_campaign_c13d8f45,Installs without cost,true,0,0,1,0,0,0,0,0,0,0,0,0.0,0.0,0.0,0.0,0.0,,0.0,0.0,,,0.0,,
2026-07-21,mock_app_id,googleadwords_int,280939212,mock_campaign_45884f7b,Matched paid campaign,true,1161,28,5,3,0,18,1,0,0,0,0,1.0083622647000001,0.0394501352,0.0,0.0394501352,-0.96891212950000016,0.039122978497947748,0.20167245294000002,0.00789002704,0.024117140396210164,0.17857142857142858,0.0,0.0,
2026-07-21,mock_app_id,googleadwords_int,351751429,mock_campaign_b7e37028,Installs without cost,true,0,0,1,1,0,1,0,0,0,0,0,0.0,0.0690593929,0.0,0.0690593929,0.0690593929,,0.0,0.0690593929,,,0.0,,
2026-07-21,mock_app_id,googleadwords_int,369626124,mock_campaign_617ec63b,Matched paid campaign,true,182,3,1,0,0,0,0,0,0,0,0,0.0818191624,0.0,0.0,0.0,-0.0818191624,0.0,0.0818191624,0.0,0.016483516483516484,0.33333333333333331,0.0,,
2026-07-21,mock_app_id,googleadwords_int,369804654,mock_campaign_92e554bf,Matched paid campaign,true,2537,22,11,9,0,26,0,0,0,0,0,0.4970380669,0.9590339587,0.0,0.9590339587,0.46199589179999995,1.9294980054172586,0.045185278809090908,0.087184905336363638,0.008671659440283799,0.5,0.0,,
2026-07-21,mock_app_id,googleadwords_int,432166127,mock_campaign_f8b84857,Matched paid campaign,true,7280,142,69,62,0,413,0,0,0,0,0,6.6212738153999995,4.7566648921,0.0,4.7566648921,-1.8646089232999996,0.71839120760068487,0.095960490078260866,0.068937172349275364,0.019505494505494506,0.4859154929577465,0.0,,
2026-07-21,mock_app_id,googleadwords_int,434877610,mock_campaign_0dfbbe6f,Matched paid campaign,true,1996,50,18,18,0,143,0,0,0,0,0,0.5762957017,0.6723083684,0.0,0.6723083684,0.096012666699999971,1.1666031282495681,0.032016427872222225,0.03735046491111111,0.025050100200400802,0.36,0.0,,
2026-07-21,mock_app_id,googleadwords_int,464541057,mock_campaign_d8ff83e7,Matched paid campaign,true,4644,74,27,22,0,159,0,0,0,0,0,6.4861174317000012,4.361731688,0.0,4.361731688,-2.1243857437000013,0.6724718961581917,0.24022657154444449,0.16154561807407408,0.015934539190353144,0.36486486486486486,0.0,,
2026-07-21,mock_app_id,googleadwords_int,502057685,mock_campaign_befecb98,Matched paid campaign,true,12525,273,116,101,0,1732,1,0,0,0,0,4.0555922769,2.4535696170000012,0.0,2.4535696170000012,-1.6020226598999985,0.60498429069784421,0.034962002387068966,0.021151462215517253,0.021796407185628742,0.4249084249084249,0.0,0.0,
2026-07-21,mock_app_id,googleadwords_int,510225620,mock_campaign_10287894,Installs without cost,true,0,0,3,3,0,20,0,0,0,0,0,0.0,0.0112014027,0.0,0.0112014027,0.0112014027,,0.0,0.0037338009,,,0.0,,
2026-07-21,mock_app_id,googleadwords_int,516932962,mock_campaign_60e17b09,Cost without installs,true,1,1,0,0,0,0,0,0,0,0,0,0.0027852950999999997,0.0,0.0,0.0,-0.0027852950999999997,0.0,,,1.0,0.0,,,
2026-07-21,mock_app_id,googleadwords_int,525989111,mock_campaign_c82cc8f4,Matched paid campaign,true,825,14,3,2,0,20,0,0,0,0,0,0.1329667170000001,0.063120471099999992,0.0,0.063120471099999992,-0.0698462459000001,0.47470880325638143,0.044322239000000034,0.021040157033333329,0.016969696969696971,0.21428571428571427,0.0,,
2026-07-21,mock_app_id,googleadwords_int,529859974,mock_campaign_d2ea5396,Matched paid campaign,true,18429,419,136,104,0,1088,2,0,0,0,0,4.0503821557999995,2.641468593099999,0.0,2.641468593099999,-1.4089135627000005,0.65215293063581969,0.029782221733823527,0.019422563184558816,0.022735905366541864,0.324582338902148,0.0,0.0,
2026-07-21,mock_app_id,googleadwords_int,571438578,mock_campaign_756e1c81,Matched paid campaign,true,1005,40,11,8,0,25,0,0,0,0,0,0.1711170415,0.022313632400000005,0.0,0.022313632400000005,-0.1488034091,0.13039982578240172,0.015556094681818183,0.002028512036363637,0.039800995024875621,0.275,0.0,,
2026-07-21,mock_app_id,googleadwords_int,585166272,mock_campaign_60587c25,Matched paid campaign,true,658,11,2,2,0,74,0,0,0,0,0,0.79393891376087866,0.4397808536,0.0,0.4397808536,-0.35415806016087864,0.5539227842061093,0.39696945688043933,0.2198904268,0.016717325227963525,0.18181818181818182,0.0,,
2026-07-21,mock_app_id,googleadwords_int,590094865,mock_campaign_23f341fc,Cost without installs,true,41,2,0,0,0,0,0,0,0,0,0,0.0061133280999999991,0.0,0.0,0.0,-0.0061133280999999991,0.0,,,0.04878048780487805,0.0,,,
2026-07-21,mock_app_id,googleadwords_int,611748075,mock_campaign_628993e1,Matched paid campaign,true,552,6,4,4,0,12,0,0,0,0,0,0.2710499796,0.57987418439999994,0.0,0.57987418439999994,0.30882420479999995,2.139362582707975,0.0677624949,0.14496854609999998,0.010869565217391304,0.66666666666666663,0.0,,
2026-07-21,mock_app_id,googleadwords_int,611892113,mock_campaign_9bfd19ea,Matched paid campaign,true,5451,212,81,64,0,645,1,0,0,0,0,2.5166243792000014,1.6359831448000006,0.0,1.6359831448000006,-0.88064123440000075,0.65007045084735926,0.031069436780246932,0.020197322775308651,0.038891946431847367,0.38207547169811323,0.0,0.0,
2026-07-21,mock_app_id,googleadwords_int,654635500,mock_campaign_67ff1f36,Matched paid campaign,true,14309,571,289,244,1,2335,4,1,0,0,0,8.8966743885000064,3.8516837843000031,38.204261,42.0559447843,33.159270395799993,4.7271534224813525,0.0307843404446367,0.14552230029169552,0.039904954923474734,0.50612959719789841,0.0034602076124567475,0.25,38.204261
2026-07-21,mock_app_id,googleadwords_int,660741874,mock_campaign_7e7497dd,Matched paid campaign,true,359,4,2,0,0,0,0,0,0,0,0,0.1116298756,0.0,0.0,0.0,-0.1116298756,0.0,0.0558149378,0.0,0.011142061281337047,0.5,0.0,,
2026-07-21,mock_app_id,googleadwords_int,739276167,mock_campaign_1fbdf2e3,Matched paid campaign,true,8227,175,70,62,0,1103,1,0,0,0,0,56.558117818613134,53.1924741268,0.0,53.1924741268,-3.3656436918131334,0.94049229674496859,0.80797311169447339,0.75989248752571426,0.0212714233621004,0.4,0.0,0.0,
2026-07-21,mock_app_id,googleadwords_int,742036733,mock_campaign_e0586969,Matched paid campaign,true,36,3,1,1,0,1,0,0,0,0,0,1.5371513904408354,0.4248176242,0.0,0.4248176242,-1.1123337662408352,0.27636680865777818,1.5371513904408354,0.4248176242,0.083333333333333329,0.33333333333333331,0.0,,
2026-07-21,mock_app_id,googleadwords_int,788967442,mock_campaign_475f8981,Cost without installs,true,165,1,0,0,0,0,0,0,0,0,0,0.0127083666,0.0,0.0,0.0,-0.0127083666,0.0,,,0.0060606060606060606,0.0,,,
2026-07-21,mock_app_id,googleadwords_int,792104306,mock_campaign_6fcee95d,Matched paid campaign,true,49969,1613,750,558,2,5939,7,2,0,0,0,47.430407818900015,13.143041589099996,52.4040141042,65.5470556933,18.11664787439998,1.3819627261813439,0.063240543758533357,0.087396074257733325,0.032280013608437234,0.46497210167389957,0.0026666666666666666,0.2857142857142857,26.2020070521
2026-07-21,mock_app_id,googleadwords_int,810543724,mock_campaign_c492b014,Matched paid campaign,true,557,5,3,3,0,5,0,0,0,0,0,0.7793097832,0.7748662357,0.0,0.7748662357,-0.004443547499999978,0.99429809865628282,0.25976992773333335,0.25828874523333334,0.0089766606822262122,0.6,0.0,,
2026-07-21,mock_app_id,googleadwords_int,834117318,mock_campaign_ae804aae,Installs without cost,true,0,0,3,0,0,0,0,0,0,0,0,0.0,0.0,0.0,0.0,0.0,,0.0,0.0,,,0.0,,
2026-07-21,mock_app_id,googleadwords_int,848321939,mock_campaign_c41abc99,Cost without installs,true,5,0,0,0,0,0,0,0,0,0,0,0.00034989099999999996,0.0,0.0,0.0,-0.00034989099999999996,0.0,,,0.0,,,,
2026-07-21,mock_app_id,googleadwords_int,900383572,mock_campaign_45368c6d,Matched paid campaign,true,18171,412,169,140,0,1686,1,0,0,0,0,5.0963756044000013,5.300004898400001,0.0,5.300004898400001,0.20362929399999974,1.0399557077041564,0.030156068665088766,0.031360975730177522,0.022673490726982555,0.41019417475728154,0.0,0.0,
2026-07-21,mock_app_id,googleadwords_int,972671114,mock_campaign_9911559c,Matched paid campaign,true,1246,23,12,9,0,190,0,0,0,0,0,0.526984668,0.5952437879000001,0.0,0.5952437879000001,0.068259119900000109,1.1295277150264267,0.043915389,0.049603648991666673,0.018459069020866775,0.52173913043478259,0.0,,
2026-07-21,mock_app_id,googleadwords_int,974591165,mock_campaign_674dbd59,Matched paid campaign,true,3140,111,74,62,1,655,2,1,0,0,0,1.5969855213999997,1.2752681685999998,38.204261,39.4795291686,37.8825436472,24.721281839794148,0.02158088542432432,0.533507150927027,0.035350318471337579,0.66666666666666663,0.013513513513513514,0.5,38.204261
2026-07-21,mock_app_id,googleadwords_int,989105150,mock_campaign_58ab9c06,Matched paid campaign,true,15,1,1,1,0,2,1,0,0,0,0,0.019341649,0.0342207757,0.0,0.0342207757,0.014879126699999998,1.7692791188589969,0.019341649,0.0342207757,0.066666666666666666,1.0,0.0,0.0,
2026-07-21,mock_app_id,googleadwords_int,998337322,mock_campaign_fe944d1c,Matched paid campaign,true,27266,769,361,288,0,2742,3,0,0,0,0,14.133897394399987,13.247396929299992,0.0,13.247396929299992,-0.88650046509999569,0.93727841370553333,0.039152070344598305,0.036696390385872552,0.028203623560478251,0.46944083224967492,0.0,0.0,
2026-07-22,mock_app_id,other,,,Unattributed,false,0,0,1826,163,0,2105,1,0,0,0,0,0.0,16.679901370799996,0.0,16.679901370799996,16.679901370799996,,0.0,0.0091346666871851018,,,0.0,0.0,
2026-07-22,mock_app_id,unknown,,,Unattributed,false,0,0,4711,6,0,25,0,0,0,0,0,0.0,0.027842358400000003,0.0,0.027842358400000003,0.027842358400000003,,0.0,5.9100739545744007e-06,,,0.0,,
2026-07-22,mock_app_id,googleadwords_int,,,Unattributed,false,0,0,1627,22,0,229,0,0,0,0,0,0.0,1.5263169155,0.0,1.5263169155,1.5263169155,,0.0,0.0009381173420405655,,,0.0,,
2026-07-22,mock_app_id,googleadwords_int,140410898,mock_campaign_a2e93e84,Matched paid campaign,true,7338,184,100,91,1,2870,3,1,0,0,0,40.253730049299975,40.351083140400014,6.3567610000000005,46.707844140400013,6.4541140911000383,1.1603358020038264,0.40253730049299974,0.46707844140400012,0.025074952303079857,0.54347826086956519,0.01,0.33333333333333331,6.3567610000000005
2026-07-22,mock_app_id,googleadwords_int,161694703,mock_campaign_2c0c0430,Installs without cost,true,0,0,10,2,0,7,1,0,0,0,0,0.0,0.0060765030000000005,0.0,0.0060765030000000005,0.0060765030000000005,,0.0,0.0006076503,,,0.0,0.0,
2026-07-22,mock_app_id,googleadwords_int,180761354,mock_campaign_07fb7039,Matched paid campaign,true,2179,100,54,45,0,589,2,0,0,0,0,1.1895211778999994,1.3555174991,0.0,1.3555174991,0.16599632120000063,1.1395488573755814,0.0220281699611111,0.025102175909259259,0.045892611289582379,0.54,0.0,0.0,
2026-07-22,mock_app_id,googleadwords_int,232552584,mock_campaign_a5da28b5,Matched paid campaign,true,2499,83,41,34,0,339,1,0,0,0,0,33.029586216550619,17.365829004100004,0.0,17.365829004100004,-15.663757212450616,0.52576586610092779,0.80559966381830783,0.42355680497804887,0.033213285314125651,0.49397590361445781,0.0,0.0,
2026-07-22,mock_app_id,googleadwords_int,243641668,mock_campaign_1e8723bd,Matched paid campaign,true,33414,965,366,287,0,2977,2,0,0,0,0,14.338046826015999,11.572556012799998,0.0,11.572556012799998,-2.765490813216001,0.80712220801245449,0.039174991327912564,0.031619005499453547,0.028880110133476987,0.37927461139896373,0.0,0.0,
2026-07-22,mock_app_id,googleadwords_int,258346999,mock_campaign_8ba2a925,Other,true,3,0,0,0,0,0,0,0,0,0,0,0.0,0.0,0.0,0.0,0.0,,,,0.0,,,,
2026-07-22,mock_app_id,googleadwords_int,280939212,mock_campaign_45884f7b,Matched paid campaign,true,935,23,6,5,0,17,0,0,0,0,0,0.8655782572,0.2784643488,0.0,0.2784643488,-0.58711390840000011,0.32170903841876214,0.14426304286666666,0.0464107248,0.024598930481283421,0.2608695652173913,0.0,,
2026-07-22,mock_app_id,googleadwords_int,369626124,mock_campaign_617ec63b,Matched paid campaign,true,91,3,1,0,0,0,0,0,0,0,0,0.10394773389999999,0.0,0.0,0.0,-0.10394773389999999,0.0,0.10394773389999999,0.0,0.032967032967032968,0.33333333333333331,0.0,,
2026-07-22,mock_app_id,googleadwords_int,369804654,mock_campaign_92e554bf,Matched paid campaign,true,1809,31,10,8,0,112,0,0,0,0,0,0.54089893800000011,1.2418932624999999,0.0,1.2418932624999999,0.70099432449999977,2.2959802196912422,0.054089893800000011,0.12418932624999998,0.017136539524599224,0.32258064516129031,0.0,,
2026-07-22,mock_app_id,googleadwords_int,432166127,mock_campaign_f8b84857,Matched paid campaign,true,5897,141,60,57,0,466,0,0,0,0,0,6.9468303032000005,5.2386067401,0.0,5.2386067401,-1.7082235631000007,0.75410028911846,0.11578050505333334,0.087310112335,0.023910462947261318,0.425531914893617,0.0,,
2026-07-22,mock_app_id,googleadwords_int,434877610,mock_campaign_0dfbbe6f,Matched paid campaign,true,1912,39,19,18,0,166,1,0,0,0,0,0.54773239060000012,0.74552449700000012,0.0,0.74552449700000012,0.1977921064,1.3611108449937266,0.028828020557894744,0.03923813142105264,0.020397489539748955,0.48717948717948717,0.0,0.0,
2026-07-22,mock_app_id,googleadwords_int,464541057,mock_campaign_d8ff83e7,Matched paid campaign,true,3702,69,23,20,0,51,1,0,0,0,0,6.7474135893999989,3.7034769844000004,0.0,3.7034769844000004,-3.0439366049999985,0.54887356989914782,0.29336580823478259,0.16102073845217393,0.018638573743922204,0.33333333333333331,0.0,0.0,
2026-07-22,mock_app_id,googleadwords_int,502057685,mock_campaign_befecb98,Matched paid campaign,true,11476,280,109,94,0,776,0,0,0,0,0,3.9203903259999984,1.9564123074,0.0,1.9564123074,-1.9639780185999984,0.4990350818960777,0.035966883724770631,0.017948736765137613,0.024398745207389334,0.38928571428571429,0.0,,
2026-07-22,mock_app_id,googleadwords_int,510225620,mock_campaign_10287894,Installs without cost,true,0,0,5,3,0,10,0,0,0,0,0,0.0,0.0012688044,0.0,0.0012688044,0.0012688044,,0.0,0.00025376088,,,0.0,,
2026-07-22,mock_app_id,googleadwords_int,516932962,mock_campaign_60e17b09,Other,true,7,0,0,0,0,0,0,0,0,0,0,0.0,0.0,0.0,0.0,0.0,,,,0.0,,,,
2026-07-22,mock_app_id,googleadwords_int,525989111,mock_campaign_c82cc8f4,Matched paid campaign,true,5674,271,113,83,0,555,3,0,0,0,0,2.1313927608000016,0.88428915010000009,0.0,0.88428915010000009,-1.2471036107000015,0.41488793917461231,0.018861882838938068,0.007825567700000001,0.047761720126894606,0.41697416974169743,0.0,0.0,
2026-07-22,mock_app_id,googleadwords_int,529859974,mock_campaign_d2ea5396,Matched paid campaign,true,15624,484,150,114,0,1718,0,0,0,0,0,5.1964688413999918,3.865708149400001,0.0,3.865708149400001,-1.3307606919999908,0.74391057993114651,0.034643125609333275,0.025771387662666675,0.030977982590885817,0.30991735537190085,0.0,,
2026-07-22,mock_app_id,googleadwords_int,571438578,mock_campaign_756e1c81,Matched paid campaign,true,639,21,10,6,0,139,0,0,0,0,0,0.1579700906,0.095938682900000016,0.0,0.095938682900000016,-0.062031407699999985,0.60732181981796,0.01579700906,0.0095938682900000016,0.032863849765258218,0.47619047619047616,0.0,,
2026-07-22,mock_app_id,googleadwords_int,585166272,mock_campaign_60587c25,Matched paid campaign,true,449,8,1,1,0,2,1,0,0,0,0,0.79760557464817039,0.043884581100000007,0.0,0.043884581100000007,-0.75372099354817035,0.055020404188320542,0.79760557464817039,0.043884581100000007,0.017817371937639197,0.125,0.0,0.0,
2026-07-22,mock_app_id,googleadwords_int,590094865,mock_campaign_23f341fc,Cost without installs,true,23,1,0,0,0,0,0,0,0,0,0,0.0082159289,0.0,0.0,0.0,-0.0082159289,0.0,,,0.043478260869565216,0.0,,,
2026-07-22,mock_app_id,googleadwords_int,611748075,mock_campaign_628993e1,Matched paid campaign,true,460,9,1,1,0,1,0,0,0,0,0,0.5138450404,0.70199915569999993,0.0,0.70199915569999993,0.18815411529999992,1.3661689819046074,0.5138450404,0.70199915569999993,0.019565217391304349,0.1111111111111111,0.0,,
2026-07-22,mock_app_id,googleadwords_int,611892113,mock_campaign_9bfd19ea,Matched paid campaign,true,4822,183,92,62,0,522,1,0,0,0,0,2.5418653532000004,1.4652779970000003,0.0,1.4652779970000003,-1.0765873562000001,0.57645775577976044,0.027628971230434788,0.015926934750000003,0.03795105765242638,0.50273224043715847,0.0,0.0,
2026-07-22,mock_app_id,googleadwords_int,654635500,mock_campaign_67ff1f36,Matched paid campaign,true,4105,205,92,70,0,667,0,0,0,0,0,3.0705238021000003,1.6078363243,0.0,1.6078363243,-1.4626874778000003,0.52363584454234313,0.033375258718478261,0.017476481785869566,0.049939098660170524,0.44878048780487806,0.0,,
2026-07-22,mock_app_id,googleadwords_int,660741874,mock_campaign_7e7497dd,Matched paid campaign,true,288,6,4,3,0,100,0,0,0,0,0,0.23744010110000002,0.0559344012,0.0,0.0559344012,-0.18150569990000004,0.23557268102932083,0.059360025275000006,0.0139836003,0.020833333333333332,0.66666666666666663,0.0,,
2026-07-22,mock_app_id,googleadwords_int,739276167,mock_campaign_1fbdf2e3,Matched paid campaign,true,8691,186,84,74,1,669,3,1,0,0,0,56.995969845226895,50.531388747600005,38.204261,88.735649747600007,31.739679902373112,1.5568758631279109,0.67852345053841545,1.0563767827095238,0.021401449775629963,0.45161290322580644,0.011904761904761904,0.33333333333333331,38.204261
2026-07-22,mock_app_id,googleadwords_int,742036733,mock_campaign_e0586969,Matched paid campaign,true,50,4,2,2,0,38,0,0,0,0,0,1.7418679694401438,1.2951524737,0.0,1.2951524737,-0.4467154957401438,0.74354227554702479,0.87093398472007189,0.64757623685,0.08,0.5,0.0,,
2026-07-22,mock_app_id,googleadwords_int,788967442,mock_campaign_475f8981,Cost without installs,true,105,1,0,0,0,0,0,0,0,0,0,0.0223328102,0.0,0.0,0.0,-0.0223328102,0.0,,,0.0095238095238095247,0.0,,,
2026-07-22,mock_app_id,googleadwords_int,792104306,mock_campaign_6fcee95d,Matched paid campaign,true,14515,568,225,131,0,1859,3,0,0,0,0,15.199863109499999,5.8656903845999988,0.0,5.8656903845999988,-9.3341727249,0.38590415863244909,0.067554947153333322,0.026069735042666662,0.039131932483637617,0.39612676056338031,0.0,0.0,
2026-07-22,mock_app_id,googleadwords_int,810543724,mock_campaign_c492b014,Matched paid campaign,true,457,11,7,6,0,139,0,0,0,0,0,2.2434075165,3.5369081899,0.0,3.5369081899,1.2935006734,1.5765785591277794,0.32048678807142855,0.5052725985571429,0.024070021881838075,0.63636363636363635,0.0,,
2026-07-22,mock_app_id,googleadwords_int,834117318,mock_campaign_ae804aae,Installs without cost,true,0,0,2,0,0,0,0,0,0,0,0,0.0,0.0,0.0,0.0,0.0,,0.0,0.0,,,0.0,,
2026-07-22,mock_app_id,googleadwords_int,848321939,mock_campaign_c41abc99,Matched paid campaign,true,65,1,1,1,0,10,0,0,0,0,0,0.0138231356,0.0435903102,0.0,0.0435903102,0.0297671746,3.1534314255008828,0.0138231356,0.0435903102,0.015384615384615385,1.0,0.0,,
2026-07-22,mock_app_id,googleadwords_int,900383572,mock_campaign_45368c6d,Matched paid campaign,true,15104,392,170,142,0,1773,1,0,0,0,0,5.2487360471999969,6.0263368179999963,0.0,6.0263368179999963,0.77760077079999945,1.1481501001016845,0.030874917924705862,0.035449040105882332,0.025953389830508475,0.43367346938775508,0.0,0.0,
2026-07-22,mock_app_id,googleadwords_int,972671114,mock_campaign_9911559c,Matched paid campaign,true,1068,22,13,12,0,149,1,0,0,0,0,0.6788552633999998,1.2500920829000002,0.0,1.2500920829000002,0.57123681950000038,1.8414707085557533,0.052219635646153832,0.096160929453846161,0.020599250936329586,0.59090909090909094,0.0,0.0,
2026-07-22,mock_app_id,googleadwords_int,974591165,mock_campaign_674dbd59,Matched paid campaign,true,2203,120,51,46,0,446,0,0,0,0,0,1.4333748624000002,0.72956889950000015,0.0,0.72956889950000015,-0.70380596290000008,0.50898681052521855,0.028105389458823533,0.014305272539215689,0.054471175669541537,0.425,0.0,,
2026-07-22,mock_app_id,googleadwords_int,989105150,mock_campaign_58ab9c06,Cost without installs,true,57,2,0,0,0,0,0,0,0,0,0,0.0207591144,0.0,0.0,0.0,-0.0207591144,0.0,,,0.035087719298245612,0.0,,,
2026-07-22,mock_app_id,googleadwords_int,998337322,mock_campaign_fe944d1c,Matched paid campaign,true,23209,853,421,348,0,3697,2,0,0,0,0,16.580058608399995,18.875090946400011,0.0,18.875090946400011,2.2950323380000164,1.1384212439898902,0.039382562015201884,0.044833945240855134,0.036752983756301434,0.49355216881594371,0.0,0.0,
2026-07-23,mock_app_id,other,,,Unattributed,false,0,0,2369,186,0,2093,2,0,0,0,0,0.0,15.173612711099992,0.0,15.173612711099992,15.173612711099992,,0.0,0.0064050707940481177,,,0.0,0.0,
2026-07-23,mock_app_id,unknown,,,Unattributed,false,0,0,4934,3,0,32,0,0,0,0,0,0.0,0.036423348800000005,0.0,0.036423348800000005,0.036423348800000005,,0.0,7.3821136603161745e-06,,,0.0,,
2026-07-23,mock_app_id,googleadwords_int,,,Unattributed,false,0,0,964,13,0,259,1,0,0,0,0,0.0,3.0534771528000006,0.0,3.0534771528000006,3.0534771528000006,,0.0,0.003167507419917013,,,0.0,0.0,
2026-07-23,mock_app_id,googleadwords_int,140410898,mock_campaign_a2e93e84,Matched paid campaign,true,7416,193,88,73,0,1453,10,0,0,0,0,40.560277691399975,26.422995580699997,0.0,26.422995580699997,-14.137282110699978,0.65145006604090594,0.46091224649318152,0.30026131341704543,0.026024811218985977,0.45595854922279794,0.0,0.0,
2026-07-23,mock_app_id,googleadwords_int,161694703,mock_campaign_2c0c0430,Installs without cost,true,0,0,24,4,0,67,0,0,0,0,0,0.0,0.083622617700000013,0.0,0.083622617700000013,0.083622617700000013,,0.0,0.0034842757375000005,,,0.0,,
2026-07-23,mock_app_id,googleadwords_int,180761354,mock_campaign_07fb7039,Matched paid campaign,true,2607,118,56,46,0,511,0,0,0,0,0,1.8106558180999996,0.80192514560000006,0.0,0.80192514560000006,-1.0087306724999996,0.44289209334190038,0.032333139608928564,0.014320091885714287,0.045262754123513618,0.47457627118644069,0.0,,
2026-07-23,mock_app_id,googleadwords_int,199581943,mock_campaign_f81bdda1,Installs without cost,true,0,0,1,0,0,0,0,0,0,0,0,0.0,0.0,0.0,0.0,0.0,,0.0,0.0,,,0.0,,
2026-07-23,mock_app_id,googleadwords_int,232552584,mock_campaign_a5da28b5,Matched paid campaign,true,2430,49,21,19,0,471,1,0,0,0,0,15.290730014911089,13.0739350619,0.0,13.0739350619,-2.2167949530110889,0.85502360248010834,0.72813000071005185,0.62256833628095243,0.020164609053497942,0.42857142857142855,0.0,0.0,
2026-07-23,mock_app_id,googleadwords_int,243641668,mock_campaign_1e8723bd,Matched paid campaign,true,34192,961,363,283,0,2631,3,0,0,0,0,14.880627823629709,11.356525503,0.0,11.356525503,-3.5241023206297086,0.76317515884419829,0.040993465078869723,0.031285194223140494,0.028105989705194196,0.37773152965660772,0.0,0.0,
2026-07-23,mock_app_id,googleadwords_int,258346999,mock_campaign_8ba2a925,Other,true,3,0,0,0,0,0,0,0,0,0,0,0.0,0.0,0.0,0.0,0.0,,,,0.0,,,,
2026-07-23,mock_app_id,googleadwords_int,280939212,mock_campaign_45884f7b,Matched paid campaign,true,1051,23,7,5,0,86,0,0,0,0,0,0.98549729470000025,0.1685407917,0.0,0.1685407917,-0.81695650300000022,0.17102105972934839,0.14078532781428574,0.024077255957142857,0.021883920076117985,0.30434782608695654,0.0,,
2026-07-23,mock_app_id,googleadwords_int,369626124,mock_campaign_617ec63b,Matched paid campaign,true,46,1,1,1,0,6,0,0,0,0,0,0.0055339737,0.0192537246,0.0,0.0192537246,0.013719750900000001,3.4791861406930793,0.0055339737,0.0192537246,0.021739130434782608,1.0,0.0,,
2026-07-23,mock_app_id,googleadwords_int,369804654,mock_campaign_92e554bf,Matched paid campaign,true,1973,34,9,7,0,36,0,0,0,0,0,0.5726519531,0.2043361078,0.0,0.2043361078,-0.36831584530000006,0.35682425720168209,0.063627994788888892,0.022704011977777779,0.017232640648758235,0.26470588235294118,0.0,,
2026-07-23,mock_app_id,googleadwords_int,432166127,mock_campaign_f8b84857,Matched paid campaign,true,5599,131,59,49,0,496,1,0,0,0,0,5.9476661033000005,6.1923578355000011,0.0,6.1923578355000011,0.24469173220000062,1.0411407984157408,0.10080790005593221,0.10495521755084748,0.023397035184854437,0.45038167938931295,0.0,0.0,
2026-07-23,mock_app_id,googleadwords_int,434877610,mock_campaign_0dfbbe6f,Matched paid campaign,true,2002,51,23,18,0,167,0,0,0,0,0,0.98573408140000007,0.79151865650000008,0.0,0.79151865650000008,-0.1942154249,0.80297381559115488,0.04285800353913044,0.034413854630434788,0.025474525474525476,0.45098039215686275,0.0,,
2026-07-23,mock_app_id,googleadwords_int,464541057,mock_campaign_d8ff83e7,Matched paid campaign,true,3850,75,31,28,0,197,0,0,0,0,0,7.2268358649999991,6.1402094651000008,0.0,6.1402094651000008,-1.0866263998999983,0.84964008866416973,0.23312373758064514,0.19807127306774197,0.01948051948051948,0.41333333333333333,0.0,,
2026-07-23,mock_app_id,googleadwords_int,502057685,mock_campaign_befecb98,Matched paid campaign,true,10924,308,119,97,0,1081,2,0,0,0,0,4.6305616475999987,2.3175069058000011,0.0,2.3175069058000011,-2.3130547417999976,0.50048073693202111,0.038912282752941167,0.019474847947899169,0.028194800439399488,0.38636363636363635,0.0,0.0,
2026-07-23,mock_app_id,googleadwords_int,510225620,mock_campaign_10287894,Installs without cost,true,0,0,3,1,0,2,0,0,0,0,0,0.0,0.0014446026000000003,0.0,0.0014446026000000003,0.0014446026000000003,,0.0,0.00048153420000000011,,,0.0,,
2026-07-23,mock_app_id,googleadwords_int,516932962,mock_campaign_60e17b09,Other,true,3,0,0,0,0,0,0,0,0,0,0,0.0,0.0,0.0,0.0,0.0,,,,0.0,,,,
2026-07-23,mock_app_id,googleadwords_int,525989111,mock_campaign_c82cc8f4,Matched paid campaign,true,9022,406,176,137,0,1120,2,0,0,0,0,3.9998928845,1.9032027783000005,0.0,1.9032027783000005,-2.0966901061999996,0.47581343632353479,0.022726664116477273,0.010813652149431821,0.045001108401684774,0.43349753694581283,0.0,0.0,
2026-07-23,mock_app_id,googleadwords_int,529859974,mock_campaign_d2ea5396,Matched paid campaign,true,14998,468,159,108,0,1244,1,0,0,0,0,5.0238936494999908,2.7964754712000004,0.0,2.7964754712000004,-2.2274181782999904,0.55663508551346885,0.031596815405660318,0.017587896045283023,0.031204160554740634,0.33974358974358976,0.0,0.0,
2026-07-23,mock_app_id,googleadwords_int,571438578,mock_campaign_756e1c81,Matched paid campaign,true,654,22,12,9,0,54,0,0,0,0,0,0.16264072860000003,0.0336118515,0.0,0.0336118515,-0.12902887710000005,0.20666318817757676,0.013553394050000002,0.0028009876249999997,0.033639143730886847,0.54545454545454541,0.0,,
2026-07-23,mock_app_id,googleadwords_int,585166272,mock_campaign_60587c25,Matched paid campaign,true,402,12,9,8,0,18,0,0,0,0,0,1.2296231614993267,1.7172388563000003,0.0,1.7172388563000003,0.48761569480067357,1.3965570184983382,0.13662479572214742,0.1908043173666667,0.029850746268656716,0.75,0.0,,
2026-07-23,mock_app_id,googleadwords_int,590094865,mock_campaign_23f341fc,Matched paid campaign,true,21,2,1,1,0,10,0,0,0,0,0,0.011696937499999999,0.016416749300000002,0.0,0.016416749300000002,0.0047198118000000028,1.4035083371181563,0.011696937499999999,0.016416749300000002,0.095238095238095233,0.5,0.0,,
2026-07-23,mock_app_id,googleadwords_int,611748075,mock_campaign_628993e1,Matched paid campaign,true,337,4,2,0,0,0,0,0,0,0,0,0.2799982385,0.0,0.0,0.0,-0.2799982385,0.0,0.13999911925,0.0,0.011869436201780416,0.5,0.0,,
2026-07-23,mock_app_id,googleadwords_int,611892113,mock_campaign_9bfd19ea,Matched paid campaign,true,5453,230,90,78,0,539,2,0,0,0,0,3.4530165063000009,1.7794255586999999,0.0,1.7794255586999999,-1.673590947600001,0.51532495007001911,0.038366850070000007,0.019771395096666665,0.042178617274894553,0.391304347826087,0.0,0.0,
2026-07-23,mock_app_id,googleadwords_int,654635500,mock_campaign_67ff1f36,Installs without cost,true,0,0,1,0,0,0,0,0,0,0,0,0.0,0.0,0.0,0.0,0.0,,0.0,0.0,,,0.0,,
2026-07-23,mock_app_id,googleadwords_int,660741874,mock_campaign_7e7497dd,Matched paid campaign,true,279,4,1,1,0,7,0,0,0,0,0,0.0796709944,0.0859895239,0.0,0.0859895239,0.006318529500000003,1.079307777536664,0.0796709944,0.0859895239,0.014336917562724014,0.25,0.0,,
2026-07-23,mock_app_id,googleadwords_int,739276167,mock_campaign_1fbdf2e3,Matched paid campaign,true,8266,181,88,75,1,756,6,1,0,0,0,58.902093596878444,51.968435846699975,38.204261,90.172696846699978,31.270603249821534,1.5308912016580467,0.66934197269180051,1.024689736894318,0.021896927171546093,0.48618784530386738,0.011363636363636364,0.16666666666666666,38.204261
2026-07-23,mock_app_id,googleadwords_int,742036733,mock_campaign_e0586969,Cost without installs,true,35,1,0,0,0,0,0,0,0,0,0,0.581316483185712,0.0,0.0,0.0,-0.581316483185712,0.0,,,0.028571428571428571,0.0,,,
2026-07-23,mock_app_id,googleadwords_int,788967442,mock_campaign_475f8981,Matched paid campaign,true,130,5,3,3,0,12,0,0,0,0,0,0.1987584305,0.1051298714,0.0,0.1051298714,-0.0936285591,0.52893289172959135,0.066252810166666662,0.035043290466666668,0.038461538461538464,0.6,0.0,,
2026-07-23,mock_app_id,googleadwords_int,792104306,mock_campaign_6fcee95d,Installs without cost,true,0,0,4,1,0,24,0,0,0,0,0,0.0,0.018930154000000005,0.0,0.018930154000000005,0.018930154000000005,,0.0,0.0047325385000000011,,,0.0,,
2026-07-23,mock_app_id,googleadwords_int,810543724,mock_campaign_c492b014,Matched paid campaign,true,447,16,5,4,0,322,0,0,0,0,0,2.0249827707,2.3419339383,0.0,2.3419339383,0.31695116760000008,1.1565204268332792,0.40499655413999996,0.46838678765999997,0.035794183445190156,0.3125,0.0,,
2026-07-23,mock_app_id,googleadwords_int,848321939,mock_campaign_c41abc99,Cost without installs,true,9,0,0,0,0,0,0,0,0,0,0,0.0012970378,0.0,0.0,0.0,-0.0012970378,0.0,,,0.0,,,,
2026-07-23,mock_app_id,googleadwords_int,900383572,mock_campaign_45368c6d,Matched paid campaign,true,16004,433,176,149,0,1705,3,0,0,0,0,6.4969127896,6.135329154199999,0.0,6.135329154199999,-0.3615836354000006,0.9443453149042097,0.036914277213636361,0.03485982473977272,0.027055736065983504,0.40646651270207851,0.0,0.0,
2026-07-23,mock_app_id,googleadwords_int,972671114,mock_campaign_9911559c,Matched paid campaign,true,1021,26,10,9,0,542,1,0,0,0,0,0.91472085499999978,0.5461069170999997,0.0,0.5461069170999997,-0.36861393790000008,0.597020297629488,0.091472085499999981,0.054610691709999971,0.025465230166503428,0.38461538461538464,0.0,0.0,
2026-07-23,mock_app_id,googleadwords_int,974591165,mock_campaign_674dbd59,Matched paid campaign,true,1716,96,53,42,0,386,0,0,0,0,0,1.1927572628,0.5506738485999999,0.0,0.5506738485999999,-0.64208341420000015,0.46168140473719854,0.02250485401509434,0.010390072615094339,0.055944055944055944,0.55208333333333337,0.0,,
2026-07-23,mock_app_id,googleadwords_int,989105150,mock_campaign_58ab9c06,Other,true,31,0,0,0,0,0,0,0,0,0,0,0.0,0.0,0.0,0.0,0.0,,,,0.0,,,,
2026-07-23,mock_app_id,googleadwords_int,998337322,mock_campaign_fe944d1c,Matched paid campaign,true,23187,896,429,351,0,3921,3,0,0,0,0,19.3286420055,18.845300794899991,0.0,18.845300794899991,-0.48334121060000967,0.974993524611689,0.045055109569930071,0.043928440081351959,0.038642342692025704,0.47879464285714285,0.0,0.0,
2026-07-24,mock_app_id,googleadwords_int,,,Unattributed,false,0,0,1381,20,0,288,0,0,0,0,0,0.0,1.3676195491,0.0,1.3676195491,1.3676195491,,0.0,0.000990311042070963,,,0.0,,
2026-07-24,mock_app_id,unknown,,,Unattributed,false,0,0,4457,6,0,54,0,0,0,0,0,0.0,0.0980176877,0.0,0.0980176877,0.0980176877,,0.0,2.1991852748485526e-05,,,0.0,,
2026-07-24,mock_app_id,other,,,Unattributed,false,0,0,1399,179,0,2257,1,0,0,0,0,0.0,13.826254541499997,0.0,13.826254541499997,13.826254541499997,,0.0,0.0098829553548963524,,,0.0,0.0,
2026-07-24,mock_app_id,googleadwords_int,140410898,mock_campaign_a2e93e84,Matched paid campaign,true,7841,186,89,76,0,1603,7,0,0,0,0,30.82808068260001,25.938856255199994,0.0,25.938856255199994,-4.8892244274000163,0.841403541214955,0.34638292901797763,0.29144782309213474,0.023721464098966968,0.478494623655914,0.0,0.0,
2026-07-24,mock_app_id,googleadwords_int,161332031,mock_campaign_12520749,Installs without cost,true,0,0,1,1,0,9,0,0,0,0,0,0.0,0.0054956046000000005,0.0,0.0054956046000000005,0.0054956046000000005,,0.0,0.0054956046000000005,,,0.0,,
2026-07-24,mock_app_id,googleadwords_int,161694703,mock_campaign_2c0c0430,Installs without cost,true,0,0,16,3,0,82,0,0,0,0,0,0.0,0.11850327360000001,0.0,0.11850327360000001,0.11850327360000001,,0.0,0.0074064546000000009,,,0.0,,
2026-07-24,mock_app_id,googleadwords_int,180761354,mock_campaign_07fb7039,Matched paid campaign,true,1805,74,32,27,0,242,0,0,0,0,0,0.83705969959999982,0.341086725,0.0,0.341086725,-0.49597297459999984,0.40748195757482153,0.026158115612499994,0.01065896015625,0.040997229916897505,0.43243243243243246,0.0,,
2026-07-24,mock_app_id,googleadwords_int,232552584,mock_campaign_a5da28b5,Matched paid campaign,true,2468,53,19,15,0,106,2,0,0,0,0,17.960837707227508,7.3060088589,0.0,7.3060088589,-10.654828848327508,0.40677439315428116,0.94530724774881625,0.38452678204736845,0.021474878444084279,0.35849056603773582,0.0,0.0,
2026-07-24,mock_app_id,googleadwords_int,243641668,mock_campaign_1e8723bd,Matched paid campaign,true,31206,892,353,288,0,2460,2,0,0,0,0,12.766540592789083,9.55548313520001,0.0,9.55548313520001,-3.2110574575890727,0.74847865525898438,0.036165837373340178,0.027069357323512778,0.028584246619239889,0.39573991031390132,0.0,0.0,
2026-07-24,mock_app_id,googleadwords_int,280939212,mock_campaign_45884f7b,Matched paid campaign,true,1069,19,4,3,0,17,0,0,0,0,0,0.80981214139999991,0.74688374830000015,0.0,0.74688374830000015,-0.062928393099999758,0.92229260357691178,0.20245303534999998,0.18672093707500004,0.017773620205799812,0.21052631578947367,0.0,,
2026-07-24,mock_app_id,googleadwords_int,351751429,mock_campaign_b7e37028,Installs without cost,true,0,0,1,0,0,0,0,0,0,0,0,0.0,0.0,0.0,0.0,0.0,,0.0,0.0,,,0.0,,
2026-07-24,mock_app_id,googleadwords_int,369626124,mock_campaign_617ec63b,Matched paid campaign,true,79,4,1,1,0,1,0,0,0,0,0,0.089468756099999991,0.0676772114,0.0,0.0676772114,-0.021791544699999985,0.75643402624662193,0.089468756099999991,0.0676772114,0.050632911392405063,0.25,0.0,,
2026-07-24,mock_app_id,googleadwords_int,369804654,mock_campaign_92e554bf,Matched paid campaign,true,1663,41,25,23,0,295,0,0,0,0,0,0.91831171309999993,2.6232874923,0.0,2.6232874923,1.7049757791999998,2.8566416554183012,0.036732468524,0.104931499692,0.024654239326518342,0.6097560975609756,0.0,,
2026-07-24,mock_app_id,googleadwords_int,432166127,mock_campaign_f8b84857,Matched paid campaign,true,4643,110,51,45,0,332,0,0,0,0,0,6.0437486129999991,4.0603498782000012,0.0,4.0603498782000012,-1.983398734799998,0.67182640083114287,0.11850487476470586,0.079614703494117672,0.023691578720654749,0.46363636363636362,0.0,,
2026-07-24,mock_app_id,googleadwords_int,434877610,mock_campaign_0dfbbe6f,Matched paid campaign,true,1881,51,21,15,0,92,1,0,0,0,0,0.8582883188999999,0.53228892379999992,0.0,0.53228892379999992,-0.3259993951,0.62017495995074523,0.040870872328571423,0.025347091609523805,0.027113237639553429,0.41176470588235292,0.0,0.0,
2026-07-24,mock_app_id,googleadwords_int,464541057,mock_campaign_d8ff83e7,Matched paid campaign,true,3019,67,24,15,0,108,0,0,0,0,0,5.6907972873,2.7277409228,0.0,2.7277409228,-2.9630563645,0.47932491443464809,0.23711655363749998,0.11365587178333332,0.022192779065915866,0.35820895522388058,0.0,,
2026-07-24,mock_app_id,googleadwords_int,502057685,mock_campaign_befecb98,Matched paid campaign,true,5429,145,42,37,0,508,0,0,0,0,0,2.4106131020999997,1.0203174659999998,0.0,1.0203174659999998,-1.3902956360999998,0.42326056599922768,0.057395550049999994,0.024293272999999997,0.026708417756492908,0.28965517241379313,0.0,,
2026-07-24,mock_app_id,googleadwords_int,510225620,mock_campaign_10287894,Installs without cost,true,0,0,6,3,0,12,0,0,0,0,0,0.0,0.0099287766000000013,0.0,0.0099287766000000013,0.0099287766000000013,,0.0,0.0016547961000000003,,,0.0,,
2026-07-24,mock_app_id,googleadwords_int,516932962,mock_campaign_60e17b09,Cost without installs,true,3,1,0,0,0,0,0,0,0,0,0,0.013641680499999998,0.0,0.0,0.0,-0.013641680499999998,0.0,,,0.33333333333333331,0.0,,,
2026-07-24,mock_app_id,googleadwords_int,525989111,mock_campaign_c82cc8f4,Matched paid campaign,true,10392,476,247,198,0,1760,3,0,0,0,0,6.3968944129999965,2.647920896600001,0.0,2.647920896600001,-3.7489735163999955,0.4139385029114756,0.025898357947368406,0.010720327516599194,0.045804464973056194,0.51890756302521013,0.0,0.0,
2026-07-24,mock_app_id,googleadwords_int,529859974,mock_campaign_d2ea5396,Matched paid campaign,true,14049,479,163,133,0,2083,3,0,0,0,0,4.619151132499999,3.1963781591999987,0.0,3.1963781591999987,-1.4227729733000003,0.69198388784262177,0.028338350506134962,0.0196096819582822,0.034094953377464592,0.34029227557411273,0.0,0.0,
2026-07-24,mock_app_id,googleadwords_int,571438578,mock_campaign_756e1c81,Matched paid campaign,true,663,30,19,14,0,152,0,0,0,0,0,0.20639337760000015,0.1764784626,0.0,0.1764784626,-0.029914915000000153,0.85505874583836394,0.010862809347368428,0.0092883401368421045,0.045248868778280542,0.6333333333333333,0.0,,
2026-07-24,mock_app_id,googleadwords_int,585166272,mock_campaign_60587c25,Matched paid campaign,true,380,13,6,5,0,65,0,0,0,0,0,0.64960699316701509,1.4659047558,0.0,1.4659047558,0.81629776263298492,2.2566024861482878,0.10826783219450252,0.2443174593,0.034210526315789476,0.46153846153846156,0.0,,
2026-07-24,mock_app_id,googleadwords_int,590094865,mock_campaign_23f341fc,Cost without installs,true,33,3,0,0,0,0,0,0,0,0,0,0.040318835,0.0,0.0,0.0,-0.040318835,0.0,,,0.090909090909090912,0.0,,,
2026-07-24,mock_app_id,googleadwords_int,611748075,mock_campaign_628993e1,Matched paid campaign,true,318,10,3,3,0,15,0,0,0,0,0,0.23777860029999998,0.3282598259,0.0,0.3282598259,0.090481225600000048,1.3805272025566719,0.079259533433333321,0.10941994196666667,0.031446540880503145,0.3,0.0,,
2026-07-24,mock_app_id,googleadwords_int,611892113,mock_campaign_9bfd19ea,Matched paid campaign,true,4752,201,120,61,0,523,1,0,0,0,0,2.7252472948000013,1.2865077882999998,0.0,1.2865077882999998,-1.4387395065000015,0.47207010929054538,0.022710394123333345,0.010720898235833332,0.0422979797979798,0.59701492537313428,0.0,0.0,
2026-07-24,mock_app_id,googleadwords_int,654635500,mock_campaign_67ff1f36,Installs without cost,true,0,0,1,0,0,0,0,0,0,0,0,0.0,0.0,0.0,0.0,0.0,,0.0,0.0,,,0.0,,
2026-07-24,mock_app_id,googleadwords_int,660741874,mock_campaign_7e7497dd,Matched paid campaign,true,397,7,2,0,0,0,0,0,0,0,0,0.1792776388,0.0,0.0,0.0,-0.1792776388,0.0,0.0896388194,0.0,0.017632241813602016,0.2857142857142857,0.0,,
2026-07-24,mock_app_id,googleadwords_int,739276167,mock_campaign_1fbdf2e3,Matched paid campaign,true,7151,182,101,88,0,1195,1,0,0,0,0,57.185076922071367,66.730702426099981,0.0,66.730702426099981,9.5456255040286138,1.1669251143447241,0.56618888041654825,0.66070002402079187,0.025450985876101246,0.554945054945055,0.0,0.0,
2026-07-24,mock_app_id,googleadwords_int,742036733,mock_campaign_e0586969,Matched paid campaign,true,854,19,13,12,0,184,0,0,0,0,0,2.0363850245302846,4.2411213837999995,0.0,4.2411213837999995,2.2047363592697149,2.0826716621422134,0.15664500188694497,0.32624010644615381,0.02224824355971897,0.68421052631578949,0.0,,
2026-07-24,mock_app_id,googleadwords_int,788967442,mock_campaign_475f8981,Matched paid campaign,true,140,2,1,1,0,5,0,0,0,0,0,0.0626801247,0.0317570531,0.0,0.0317570531,-0.030923071600000004,0.50665267901102307,0.0626801247,0.0317570531,0.014285714285714285,0.5,0.0,,
2026-07-24,mock_app_id,googleadwords_int,792104306,mock_campaign_6fcee95d,Installs without cost,true,0,0,3,0,0,0,0,0,0,0,0,0.0,0.0,0.0,0.0,0.0,,0.0,0.0,,,0.0,,
2026-07-24,mock_app_id,googleadwords_int,810543724,mock_campaign_c492b014,Matched paid campaign,true,365,7,1,1,0,2,0,0,0,0,0,0.8939983571,0.5235461481,0.0,0.5235461481,-0.370452209,0.585623165794518,0.8939983571,0.5235461481,0.019178082191780823,0.14285714285714285,0.0,,
2026-07-24,mock_app_id,googleadwords_int,848321939,mock_campaign_c41abc99,Cost without installs,true,3,0,0,0,0,0,0,0,0,0,0,0.001082221,0.0,0.0,0.0,-0.001082221,0.0,,,0.0,,,,
2026-07-24,mock_app_id,googleadwords_int,900383572,mock_campaign_45368c6d,Matched paid campaign,true,15044,441,197,165,0,1981,2,0,0,0,0,5.6933034833000056,5.883978492999999,0.0,5.883978492999999,0.1906750096999934,1.0334911023554769,0.028900017681725915,0.029867911131979692,0.029314012230789683,0.44671201814058958,0.0,0.0,
2026-07-24,mock_app_id,googleadwords_int,972671114,mock_campaign_9911559c,Matched paid campaign,true,1139,23,8,7,0,154,0,0,0,0,0,0.638681267,0.5294888916,0.0,0.5294888916,-0.10919237540000004,0.82903463583189763,0.079835158375,0.06618611145,0.020193151887620719,0.34782608695652173,0.0,,
2026-07-24,mock_app_id,googleadwords_int,974591165,mock_campaign_674dbd59,Matched paid campaign,true,2423,111,75,57,0,527,0,0,0,0,0,1.2714542583000006,0.8757400072,0.0,0.8757400072,-0.39571425110000058,0.68877035998991365,0.016952723444000006,0.011676533429333334,0.045810978126289724,0.67567567567567566,0.0,,
2026-07-24,mock_app_id,googleadwords_int,989105150,mock_campaign_58ab9c06,Other,true,80,0,0,0,0,0,0,0,0,0,0,0.0,0.0,0.0,0.0,0.0,,,,0.0,,,,
2026-07-24,mock_app_id,googleadwords_int,998337322,mock_campaign_fe944d1c,Matched paid campaign,true,22548,797,409,331,0,3213,2,0,0,0,0,15.719026493099983,16.806595821400002,0.0,16.806595821400002,1.0875693283000185,1.0691880841843111,0.0384328276114914,0.041091921323716384,0.035346815682100408,0.51317440401505643,0.0,0.0,
2026-07-25,mock_app_id,other,,,Unattributed,false,0,0,2654,202,0,2674,0,0,0,0,0,0.0,20.805606140700004,0.0,20.805606140700004,20.805606140700004,,0.0,0.0078393391637905062,,,0.0,,
2026-07-25,mock_app_id,googleadwords_int,,,Unattributed,false,0,0,898,11,0,75,1,0,0,0,0,0.0,0.48278262200000005,0.0,0.48278262200000005,0.48278262200000005,,0.0,0.0005376198463251671,,,0.0,0.0,
2026-07-25,mock_app_id,unknown,,,Unattributed,false,0,0,4859,8,0,124,0,0,0,0,0,0.0,0.26824512300000003,0.0,0.26824512300000003,0.26824512300000003,,0.0,5.52058289771558e-05,,,0.0,,
2026-07-25,mock_app_id,googleadwords_int,140410898,mock_campaign_a2e93e84,Matched paid campaign,true,7582,204,84,70,0,1329,4,0,0,0,0,41.2097038669,25.660063240200007,0.0,25.660063240200007,-15.549640626699993,0.62267041090800934,0.49059171270119045,0.30547694333571435,0.026905829596412557,0.41176470588235292,0.0,0.0,
2026-07-25,mock_app_id,googleadwords_int,161694703,mock_campaign_2c0c0430,Installs without cost,true,0,0,13,4,0,129,1,0,0,0,0,0.0,0.058638890900000018,0.0,0.058638890900000018,0.058638890900000018,,0.0,0.0045106839153846168,,,0.0,0.0,
2026-07-25,mock_app_id,googleadwords_int,180761354,mock_campaign_07fb7039,Matched paid campaign,true,789,32,13,11,0,56,0,0,0,0,0,0.27838141660000004,0.10536554290000003,0.0,0.10536554290000003,-0.17301587370000002,0.37849345041374438,0.021413955123076926,0.0081050417615384628,0.040557667934093787,0.40625,0.0,,
2026-07-25,mock_app_id,googleadwords_int,232552584,mock_campaign_a5da28b5,Matched paid campaign,true,2998,62,24,20,0,400,0,0,0,0,0,16.924587357537611,11.6021066711,0.0,11.6021066711,-5.3224806864376113,0.68551784607811028,0.70519113989740045,0.48342111129583332,0.020680453635757171,0.38709677419354838,0.0,,
2026-07-25,mock_app_id,googleadwords_int,243641668,mock_campaign_1e8723bd,Matched paid campaign,true,33071,971,385,278,0,3193,5,0,0,0,0,13.88726660601197,11.552698459599997,0.0,11.552698459599997,-2.3345681464119732,0.83189145764643779,0.036070822353277847,0.030007008985974016,0.029361071633757674,0.39649845520082388,0.0,0.0,
2026-07-25,mock_app_id,googleadwords_int,258346999,mock_campaign_8ba2a925,Other,true,2,0,0,0,0,0,0,0,0,0,0,0.0,0.0,0.0,0.0,0.0,,,,0.0,,,,
2026-07-25,mock_app_id,googleadwords_int,280939212,mock_campaign_45884f7b,Matched paid campaign,true,1064,24,6,5,0,27,0,0,0,0,0,1.4730826087000002,0.6161765127,0.0,0.6161765127,-0.85690609600000023,0.41829053514098408,0.2455137681166667,0.10269608544999999,0.022556390977443608,0.25,0.0,,
2026-07-25,mock_app_id,googleadwords_int,369626124,mock_campaign_617ec63b,Cost without installs,true,60,0,0,0,0,0,0,0,0,0,0,4.8822e-05,0.0,0.0,0.0,-4.8822e-05,0.0,,,0.0,,,,
2026-07-25,mock_app_id,googleadwords_int,369804654,mock_campaign_92e554bf,Matched paid campaign,true,1897,45,21,14,0,69,0,0,0,0,0,0.8744850174000004,0.77182798419999987,0.0,0.77182798419999987,-0.10265703320000052,0.88260858544470189,0.041642143685714304,0.036753713533333329,0.023721665788086453,0.46666666666666667,0.0,,
2026-07-25,mock_app_id,googleadwords_int,432166127,mock_campaign_f8b84857,Matched paid campaign,true,4952,132,52,46,0,826,0,0,0,0,0,5.8291506982999985,5.2550680759000006,0.0,5.2550680759000006,-0.574082622399998,0.90151522029316855,0.11209905189038459,0.1010590014596154,0.02665589660743134,0.39393939393939392,0.0,,
2026-07-25,mock_app_id,googleadwords_int,434877610,mock_campaign_0dfbbe6f,Matched paid campaign,true,2137,63,29,25,0,216,0,0,0,0,0,1.2290661841999997,0.63526335640000009,0.0,0.63526335640000009,-0.5938028277999996,0.51686667859428059,0.04238159255862068,0.021905632979310349,0.029480580252690687,0.46031746031746029,0.0,,
2026-07-25,mock_app_id,googleadwords_int,464541057,mock_campaign_d8ff83e7,Matched paid campaign,true,3705,72,22,20,0,268,0,0,0,0,0,6.4898742846000008,5.1380170483000018,0.0,5.1380170483000018,-1.351857236299999,0.79169746947057851,0.29499428566363639,0.2335462294681819,0.019433198380566803,0.30555555555555558,0.0,,
2026-07-25,mock_app_id,googleadwords_int,510225620,mock_campaign_10287894,Installs without cost,true,0,0,1,1,0,2,0,0,0,0,0,0.0,0.0020662658,0.0,0.0020662658,0.0020662658,,0.0,0.0020662658,,,0.0,,
2026-07-25,mock_app_id,googleadwords_int,516932962,mock_campaign_60e17b09,Other,true,4,0,0,0,0,0,0,0,0,0,0,0.0,0.0,0.0,0.0,0.0,,,,0.0,,,,
2026-07-25,mock_app_id,googleadwords_int,525989111,mock_campaign_c82cc8f4,Matched paid campaign,true,11903,589,284,200,0,1776,1,0,0,0,0,7.7343503194,2.8655119339,0.0,2.8655119339,-4.8688383855,0.37049161410654791,0.027233627885211269,0.010089830753169014,0.049483323531882721,0.48217317487266553,0.0,0.0,
2026-07-25,mock_app_id,googleadwords_int,529859974,mock_campaign_d2ea5396,Matched paid campaign,true,17637,533,180,133,0,1419,0,0,0,0,0,5.7632556449,3.3748222495000006,0.0,3.3748222495000006,-2.3884333953999994,0.58557566372861436,0.032018086916111112,0.018749012497222224,0.03022055905199297,0.33771106941838647,0.0,,
2026-07-25,mock_app_id,googleadwords_int,571438578,mock_campaign_756e1c81,Matched paid campaign,true,683,24,10,6,0,45,0,0,0,0,0,0.13888963930000009,0.039134208000000004,0.0,0.039134208000000004,-0.099755431300000086,0.28176477523618981,0.013888963930000008,0.0039134208,0.035139092240117131,0.41666666666666669,0.0,,
2026-07-25,mock_app_id,googleadwords_int,585166272,mock_campaign_60587c25,Matched paid campaign,true,463,13,2,2,0,7,0,0,0,0,0,0.94953482267436229,0.6075063493,0.0,0.6075063493,-0.34202847337436226,0.63979364926181437,0.47476741133718114,0.30375317465,0.028077753779697623,0.15384615384615385,0.0,,
2026-07-25,mock_app_id,googleadwords_int,590094865,mock_campaign_23f341fc,Cost without installs,true,30,0,0,0,0,0,0,0,0,0,0,0.00042881989999999997,0.0,0.0,0.0,-0.00042881989999999997,0.0,,,0.0,,,,
2026-07-25,mock_app_id,googleadwords_int,611748075,mock_campaign_628993e1,Matched paid campaign,true,239,4,3,3,0,4,0,0,0,0,0,0.2640725021,0.1639827775,0.0,0.1639827775,-0.10008972459999999,0.62097634625320575,0.08802416736666667,0.054660925833333339,0.016736401673640166,0.75,0.0,,
2026-07-25,mock_app_id,googleadwords_int,611892113,mock_campaign_9bfd19ea,Matched paid campaign,true,4745,182,88,69,0,551,0,0,0,0,0,2.8223786637999995,1.3838732392000004,0.0,1.3838732392000004,-1.4385054245999991,0.49032160600901742,0.032072484815909082,0.015725832263636368,0.038356164383561646,0.48351648351648352,0.0,,
2026-07-25,mock_app_id,googleadwords_int,660741874,mock_campaign_7e7497dd,Matched paid campaign,true,321,6,1,1,0,1,0,0,0,0,0,0.11698727639999998,0.020219340800000003,0.0,0.020219340800000003,-0.09676793559999998,0.1728336740729525,0.11698727639999998,0.020219340800000003,0.018691588785046728,0.16666666666666666,0.0,,
2026-07-25,mock_app_id,googleadwords_int,739276167,mock_campaign_1fbdf2e3,Matched paid campaign,true,8452,179,75,67,0,907,0,0,0,0,0,54.6101248884943,59.270025546500008,0.0,59.270025546500008,4.6599006580057107,1.0853303424506084,0.72813499851325725,0.79026700728666677,0.021178419309039281,0.41899441340782123,0.0,,
2026-07-25,mock_app_id,googleadwords_int,742036733,mock_campaign_e0586969,Matched paid campaign,true,2191,54,28,25,0,188,0,0,0,0,0,5.09727293871906,11.101424480200002,0.0,11.101424480200002,6.0041515414809421,2.1779144679252314,0.18204546209710928,0.39647944572142862,0.024646280237334551,0.51851851851851849,0.0,,
2026-07-25,mock_app_id,googleadwords_int,788967442,mock_campaign_475f8981,Cost without installs,true,138,0,0,0,0,0,0,0,0,0,0,0.0019048716999999998,0.0,0.0,0.0,-0.0019048716999999998,0.0,,,0.0,,,,
2026-07-25,mock_app_id,googleadwords_int,792104306,mock_campaign_6fcee95d,Installs without cost,true,0,0,6,0,0,0,0,0,0,0,0,0.0,0.0,0.0,0.0,0.0,,0.0,0.0,,,0.0,,
2026-07-25,mock_app_id,googleadwords_int,810543724,mock_campaign_c492b014,Matched paid campaign,true,493,10,3,3,0,9,0,0,0,0,0,1.0934655203,1.1275479985,0.0,1.1275479985,0.034082478199999988,1.0311692299091875,0.36448850676666672,0.37584933283333338,0.020283975659229209,0.3,0.0,,
2026-07-25,mock_app_id,googleadwords_int,848321939,mock_campaign_c41abc99,Cost without installs,true,3,0,0,0,0,0,0,0,0,0,0,0.0003995267,0.0,0.0,0.0,-0.0003995267,0.0,,,0.0,,,,
2026-07-25,mock_app_id,googleadwords_int,900383572,mock_campaign_45368c6d,Matched paid campaign,true,15729,443,193,164,0,2011,1,0,0,0,0,6.0901433459000041,6.2953755806999991,0.0,6.2953755806999991,0.20523223479999508,1.0336990811453004,0.03155514686994821,0.032618526324870459,0.028164536842774493,0.435665914221219,0.0,0.0,
2026-07-25,mock_app_id,googleadwords_int,972671114,mock_campaign_9911559c,Matched paid campaign,true,1057,34,13,11,0,101,1,0,0,0,0,0.87339059089999993,1.0965973241,0.0,1.0965973241,0.22320673320000006,1.2555634735771459,0.067183891607692309,0.084353640315384615,0.032166508987701042,0.38235294117647056,0.0,0.0,
2026-07-25,mock_app_id,googleadwords_int,974591165,mock_campaign_674dbd59,Matched paid campaign,true,4041,220,125,95,0,865,0,0,0,0,0,3.5978241856999982,1.5347399422999997,0.0,1.5347399422999997,-2.0630842433999987,0.42657446920280745,0.028782593485599986,0.012277919538399996,0.054441969809453108,0.56818181818181823,0.0,,
2026-07-25,mock_app_id,googleadwords_int,989105150,mock_campaign_58ab9c06,Installs without cost,true,55,0,1,1,0,10,0,0,0,0,0,0.0,0.0105771917,0.0,0.0105771917,0.0105771917,,0.0,0.0105771917,0.0,,0.0,,
2026-07-25,mock_app_id,googleadwords_int,998337322,mock_campaign_fe944d1c,Matched paid campaign,true,24840,931,436,362,0,4278,2,0,0,0,0,18.724637377699992,18.144825223600012,0.0,18.144825223600012,-0.57981215409997944,0.96903479931790271,0.042946416003899063,0.0416165716137615,0.037479871175523351,0.46831364124597208,0.0,0.0,
2026-07-26,mock_app_id,other,,,Unattributed,false,0,0,1570,196,0,2705,1,0,0,0,0,0.0,11.994554496300005,0.0,11.994554496300005,11.994554496300005,,0.0,0.0076398436282165633,,,0.0,0.0,
2026-07-26,mock_app_id,unknown,,,Unattributed,false,0,0,4791,5,0,41,0,0,0,0,0,0.0,0.036177486099999996,0.0,0.036177486099999996,0.036177486099999996,,0.0,7.5511346482988933e-06,,,0.0,,
2026-07-26,mock_app_id,googleadwords_int,,,Unattributed,false,0,0,2047,13,0,137,1,0,0,0,0,0.0,0.25308826079999996,0.0,0.25308826079999996,0.25308826079999996,,0.0,0.00012363862276502198,,,0.0,0.0,
2026-07-26,mock_app_id,googleadwords_int,140410898,mock_campaign_a2e93e84,Matched paid campaign,true,7736,186,75,65,0,935,5,0,0,0,0,36.781556603899972,18.063974612300004,0.0,18.063974612300004,-18.717581991599967,0.49111501198360563,0.49042075471866631,0.24085299483066672,0.024043433298862462,0.40322580645161288,0.0,0.0,
2026-07-26,mock_app_id,googleadwords_int,161694703,mock_campaign_2c0c0430,Installs without cost,true,0,0,14,2,0,37,0,0,0,0,0,0.0,0.037085776800000012,0.0,0.037085776800000012,0.037085776800000012,,0.0,0.0026489840571428578,,,0.0,,
2026-07-26,mock_app_id,googleadwords_int,180761354,mock_campaign_07fb7039,Matched paid campaign,true,2291,124,74,58,0,501,0,0,0,0,0,1.5482928996999978,0.73676516060000008,0.0,0.73676516060000008,-0.81152773909999776,0.47585644857168696,0.020922877022972942,0.009956285954054055,0.054124836316019206,0.59677419354838712,0.0,,
2026-07-26,mock_app_id,googleadwords_int,232552584,mock_campaign_a5da28b5,Matched paid campaign,true,2471,73,33,27,0,624,0,0,0,0,0,23.80311167574229,12.532494440500002,0.0,12.532494440500002,-11.270617235242288,0.52650655978192318,0.72130641441643306,0.3797725588030304,0.029542695265074869,0.45205479452054792,0.0,,
2026-07-26,mock_app_id,googleadwords_int,243641668,mock_campaign_1e8723bd,Matched paid campaign,true,30206,879,344,258,0,1905,1,0,0,0,0,11.998903629222662,7.727007330900002,0.0,7.727007330900002,-4.27189629832266,0.64397611395772081,0.034880533805879833,0.0224622306130814,0.029100178772429319,0.391353811149033,0.0,0.0,
2026-07-26,mock_app_id,googleadwords_int,258346999,mock_campaign_8ba2a925,Other,true,3,0,0,0,0,0,0,0,0,0,0,0.0,0.0,0.0,0.0,0.0,,,,0.0,,,,
2026-07-26,mock_app_id,googleadwords_int,280939212,mock_campaign_45884f7b,Matched paid campaign,true,1065,16,6,5,0,40,0,0,0,0,0,0.526594092,1.0797894875,0.0,1.0797894875,0.55319539550000008,2.050515765186367,0.087765682,0.17996491458333333,0.015023474178403756,0.375,0.0,,
2026-07-26,mock_app_id,googleadwords_int,369626124,mock_campaign_617ec63b,Cost without installs,true,40,2,0,0,0,0,0,0,0,0,0,0.040710224700000006,0.0,0.0,0.0,-0.040710224700000006,0.0,,,0.05,0.0,,,
2026-07-26,mock_app_id,googleadwords_int,369804654,mock_campaign_92e554bf,Matched paid campaign,true,2006,39,20,18,0,116,0,0,0,0,0,0.86224778309999994,1.2346116500999997,0.0,1.2346116500999997,0.37236386699999979,1.4318525072471129,0.043112389155,0.061730582504999985,0.019441674975074777,0.51282051282051277,0.0,,
2026-07-26,mock_app_id,googleadwords_int,432166127,mock_campaign_f8b84857,Matched paid campaign,true,5069,130,58,46,0,370,0,0,0,0,0,5.7283031613999995,3.7999749094,0.0,3.7999749094,-1.9283282519999996,0.66336833130725659,0.098763847610344818,0.065516808782758618,0.025646084040244623,0.44615384615384618,0.0,,
2026-07-26,mock_app_id,googleadwords_int,434877610,mock_campaign_0dfbbe6f,Matched paid campaign,true,2008,52,23,18,0,125,0,0,0,0,0,0.97261479629999981,0.55667391760000007,0.0,0.55667391760000007,-0.41594087869999974,0.572347778090244,0.042287599839130427,0.024203213808695657,0.025896414342629483,0.44230769230769229,0.0,,
2026-07-26,mock_app_id,googleadwords_int,464541057,mock_campaign_d8ff83e7,Matched paid campaign,true,3720,91,32,27,0,154,0,0,0,0,0,6.7450880348,4.6479184185999989,0.0,4.6479184185999989,-2.0971696162000013,0.689081950394116,0.2107840010875,0.14524745058124996,0.024462365591397851,0.35164835164835168,0.0,,
2026-07-26,mock_app_id,googleadwords_int,510225620,mock_campaign_10287894,Installs without cost,true,0,0,2,1,0,1,0,0,0,0,0,0.0,0.0012662566,0.0,0.0012662566,0.0012662566,,0.0,0.0006331283,,,0.0,,
2026-07-26,mock_app_id,googleadwords_int,516932962,mock_campaign_60e17b09,Other,true,2,0,0,0,0,0,0,0,0,0,0,0.0,0.0,0.0,0.0,0.0,,,,0.0,,,,
2026-07-26,mock_app_id,googleadwords_int,525989111,mock_campaign_c82cc8f4,Matched paid campaign,true,13081,652,327,264,0,2290,5,0,0,0,0,10.498874099500002,4.4273069644000005,0.0,4.4273069644000005,-6.0715671351000013,0.42169349993546895,0.032106648622324166,0.01353916502874618,0.049843284152587722,0.50153374233128833,0.0,0.0,
2026-07-26,mock_app_id,googleadwords_int,529859974,mock_campaign_d2ea5396,Matched paid campaign,true,17182,543,213,168,0,2279,1,0,0,0,0,6.4649408891999984,3.9247992748000002,0.0,3.9247992748000002,-2.5401416143999982,0.60708973864812443,0.030351835160563372,0.018426287675117371,0.031602840181585379,0.39226519337016574,0.0,0.0,
2026-07-26,mock_app_id,googleadwords_int,571438578,mock_campaign_756e1c81,Matched paid campaign,true,1065,52,20,11,0,87,0,0,0,0,0,0.18723887960000024,0.27705541539999995,0.0,0.27705541539999995,0.089816535799999708,1.4796895601590621,0.0093619439800000127,0.013852770769999998,0.048826291079812206,0.38461538461538464,0.0,,
2026-07-26,mock_app_id,googleadwords_int,585166272,mock_campaign_60587c25,Matched paid campaign,true,493,6,3,3,0,3,0,0,0,0,0,0.7919878636405141,0.21845219370000002,0.0,0.21845219370000002,-0.57353566994051408,0.27582770359111991,0.26399595454683805,0.072817397900000011,0.012170385395537525,0.5,0.0,,
2026-07-26,mock_app_id,googleadwords_int,590094865,mock_campaign_23f341fc,Matched paid campaign,true,29,3,1,1,0,1,0,0,0,0,0,0.032596822,1.2739e-06,0.0,1.2739e-06,-0.032595548099999996,3.9080496865614691e-05,0.032596822,1.2739e-06,0.10344827586206896,0.33333333333333331,0.0,,
2026-07-26,mock_app_id,googleadwords_int,611748075,mock_campaign_628993e1,Matched paid campaign,true,339,7,2,1,0,15,0,0,0,0,0,0.6030973523,0.39042487200000003,0.0,0.39042487200000003,-0.21267248029999991,0.64736625108874657,0.30154867615,0.19521243600000002,0.020648967551622419,0.2857142857142857,0.0,,
2026-07-26,mock_app_id,googleadwords_int,611892113,mock_campaign_9bfd19ea,Matched paid campaign,true,5309,219,103,73,0,685,3,0,0,0,0,3.2099154943000014,1.8184935238999995,0.0,1.8184935238999995,-1.3914219704000019,0.5665238001215871,0.031164228100000014,0.017655276931067956,0.041250706347711434,0.47031963470319632,0.0,0.0,
2026-07-26,mock_app_id,googleadwords_int,660741874,mock_campaign_7e7497dd,Cost without installs,true,257,2,0,0,0,0,0,0,0,0,0,0.025732448800000002,0.0,0.0,0.0,-0.025732448800000002,0.0,,,0.0077821011673151752,0.0,,,
2026-07-26,mock_app_id,googleadwords_int,739276167,mock_campaign_1fbdf2e3,Matched paid campaign,true,7834,186,86,70,0,890,5,0,0,0,0,59.083720262717868,46.132996765399994,0.0,46.132996765399994,-12.950723497317874,0.78080724369196763,0.68702000305485889,0.53643019494651156,0.023742660199131987,0.46236559139784944,0.0,0.0,
2026-07-26,mock_app_id,googleadwords_int,742036733,mock_campaign_e0586969,Matched paid campaign,true,2560,76,43,41,0,751,2,0,0,0,0,9.6348440731826877,23.830597615600009,0.0,23.830597615600009,14.195753542417322,2.4733765730500323,0.22406614123680668,0.55419994454883748,0.0296875,0.56578947368421051,0.0,0.0,
2026-07-26,mock_app_id,googleadwords_int,788967442,mock_campaign_475f8981,Cost without installs,true,129,1,0,0,0,0,0,0,0,0,0,0.0620820552,0.0,0.0,0.0,-0.0620820552,0.0,,,0.0077519379844961239,0.0,,,
2026-07-26,mock_app_id,googleadwords_int,792104306,mock_campaign_6fcee95d,Installs without cost,true,0,0,3,2,0,19,0,0,0,0,0,0.0,0.01566897,0.0,0.01566897,0.01566897,,0.0,0.00522299,,,0.0,,
2026-07-26,mock_app_id,googleadwords_int,810543724,mock_campaign_c492b014,Matched paid campaign,true,439,10,2,2,0,60,0,0,0,0,0,1.4176639428,0.4281182991,0.0,0.4281182991,-0.9895456437,0.30198856454967177,0.7088319714,0.21405914955,0.022779043280182234,0.2,0.0,,
2026-07-26,mock_app_id,googleadwords_int,848321939,mock_campaign_c41abc99,Cost without installs,true,5,0,0,0,0,0,0,0,0,0,0,4.8822e-05,0.0,0.0,0.0,-4.8822e-05,0.0,,,0.0,,,,
2026-07-26,mock_app_id,googleadwords_int,900383572,mock_campaign_45368c6d,Matched paid campaign,true,16783,485,259,162,0,1874,0,0,0,0,0,6.7525073514000109,6.1783513050000005,0.0,6.1783513050000005,-0.57415604640001039,0.91497142964517186,0.0260714569552124,0.023854638243243246,0.028898289936245009,0.534020618556701,0.0,,
2026-07-26,mock_app_id,googleadwords_int,972671114,mock_campaign_9911559c,Matched paid campaign,true,1085,23,13,7,0,171,0,0,0,0,0,0.43514234900000004,0.51783015879999994,0.0,0.51783015879999994,0.0826878097999999,1.19002473556073,0.03347248838461539,0.039833089138461536,0.021198156682027649,0.56521739130434778,0.0,,
2026-07-26,mock_app_id,googleadwords_int,974591165,mock_campaign_674dbd59,Matched paid campaign,true,2438,142,73,55,0,467,0,0,0,0,0,1.8900761929,0.61153187330000025,0.0,0.61153187330000025,-1.2785443196,0.32354879427464178,0.025891454697260275,0.0083771489493150719,0.058244462674323219,0.5140845070422535,0.0,,
2026-07-26,mock_app_id,googleadwords_int,989105150,mock_campaign_58ab9c06,Cost without installs,true,61,4,0,0,0,0,0,0,0,0,0,0.0411675241,0.0,0.0,0.0,-0.0411675241,0.0,,,0.065573770491803282,0.0,,,
2026-07-26,mock_app_id,googleadwords_int,998337322,mock_campaign_fe944d1c,Matched paid campaign,true,25868,1007,505,418,0,3150,2,0,0,0,0,22.489127665900007,16.065913418299989,0.0,16.065913418299989,-6.4232142476000185,0.71438579819441106,0.044532926071089121,0.0318136899372277,0.038928405752280813,0.50148957298907648,0.0,0.0,